order_id,customer_id,order_date,order_status
1,76,2025-06-29,Completed
2,324,2024-06-12,Completed
3,718,2026-01-18,Completed
4,289,2026-06-27,Cancelled
5,306,2026-08-02,Completed
6,43,2024-10-03,Completed
7,632,2026-08-16,Completed
8,661,2025-11-04,Completed
9,975,2025-05-31,Completed
10,462,2025-01-17,Completed
11,253,2025-04-08,Completed
12,180,2026-04-05,Completed
13,870,2026-01-29,Completed
14,913,2026-07-14,Completed
15,869,2026-08-01,Returned
16,754,2026-03-21,Completed
17,685,2025-12-07,Completed
18,593,2026-01-27,Completed
19,837,2025-05-19,Completed
20,162,2026-04-15,Completed
21,738,2024-09-13,Completed
22,645,2025-06-14,Completed
23,900,2026-03-04,Completed
24,814,2026-03-03,Completed
25,136,2025-06-20,Completed
26,924,2026-08-10,Pending
27,138,2025-09-10,Completed
28,194,2025-09-18,Completed
29,385,2026-03-18,Completed
30,627,2025-01-04,Returned
31,793,2025-11-05,Completed
32,103,2025-12-04,Completed
33,844,2025-10-17,Completed
34,969,2025-01-26,Completed
35,369,2026-03-05,Completed
36,601,2025-09-11,Completed
37,356,2026-02-26,Completed
38,519,2025-06-09,Completed
39,577,2025-12-22,Completed
40,649,2025-02-10,Completed
41,255,2026-04-20,Completed
42,970,2026-02-05,Completed
43,212,2026-02-06,Completed
44,693,2026-04-02,Completed
45,381,2026-01-12,Completed
46,539,2026-03-20,Completed
47,469,2025-04-21,Completed
48,562,2025-03-03,Completed
49,462,2024-08-18,Completed
50,201,2025-08-07,Completed
51,915,2026-08-04,Completed
52,221,2025-04-13,Completed
53,370,2026-02-19,Completed
54,364,2026-03-18,Completed
55,647,2026-08-16,Completed
56,322,2024-12-19,Completed
57,875,2024-04-20,Completed
58,106,2024-12-23,Completed
59,235,2025-03-22,Completed
60,139,2026-08-09,Completed
61,453,2026-05-03,Completed
62,970,2026-02-14,Completed
63,816,2025-04-08,Completed
64,733,2026-07-26,Completed
65,187,2024-11-23,Completed
66,996,2025-05-31,Completed
67,16,2026-06-13,Completed
68,795,2025-04-22,Completed
69,756,2024-04-28,Completed
70,399,2026-04-30,Returned
71,370,2025-09-14,Cancelled
72,814,2026-04-20,Completed
73,94,2025-12-28,Completed
74,129,2026-01-22,Completed
75,921,2025-11-06,Completed
76,889,2026-06-24,Cancelled
77,465,2025-12-02,Completed
78,537,2026-04-05,Completed
79,99,2025-07-13,Completed
80,207,2025-10-28,Completed
81,539,2025-09-30,Completed
82,480,2026-07-27,Completed
83,984,2025-09-29,Completed
84,572,2026-07-15,Completed
85,720,2026-05-18,Cancelled
86,547,2025-12-08,Completed
87,577,2026-01-23,Completed
88,7,2024-11-09,Returned
89,39,2025-08-08,Completed
90,95,2026-06-08,Completed
91,846,2026-08-26,Completed
92,749,2026-08-06,Completed
93,427,2025-04-27,Cancelled
94,313,2025-09-15,Completed
95,995,2025-05-22,Completed
96,152,2025-01-14,Completed
97,493,2026-06-12,Completed
98,688,2025-10-29,Completed
99,452,2025-11-10,Cancelled
100,758,2024-08-02,Completed
101,461,2026-03-29,Completed
102,638,2026-08-16,Returned
103,175,2025-12-10,Completed
104,20,2025-11-18,Cancelled
105,41,2024-12-06,Cancelled
106,641,2026-01-24,Completed
107,919,2026-02-14,Completed
108,247,2026-01-26,Completed
109,317,2026-08-24,Completed
110,189,2025-02-04,Pending
111,764,2026-04-02,Cancelled
112,611,2025-10-14,Completed
113,515,2026-07-28,Completed
114,419,2025-01-26,Cancelled
115,909,2025-06-27,Completed
116,404,2025-04-23,Completed
117,299,2025-05-30,Completed
118,475,2026-05-05,Completed
119,424,2025-10-21,Completed
120,332,2025-06-04,Completed
121,88,2025-10-12,Completed
122,167,2025-05-07,Completed
123,296,2025-10-18,Completed
124,876,2026-05-08,Completed
125,603,2025-11-12,Completed
126,38,2025-11-18,Pending
127,990,2026-06-28,Completed
128,300,2026-02-05,Completed
129,586,2026-08-05,Returned
130,505,2026-08-30,Completed
131,641,2025-07-19,Completed
132,574,2026-04-01,Completed
133,786,2024-08-04,Completed
134,939,2025-09-23,Completed
135,803,2026-07-30,Completed
136,569,2026-05-15,Completed
137,642,2026-02-07,Pending
138,381,2026-06-01,Pending
139,519,2025-03-17,Completed
140,842,2026-07-04,Completed
141,319,2024-10-01,Completed
142,534,2026-02-15,Completed
143,688,2024-12-30,Completed
144,278,2025-11-27,Cancelled
145,134,2025-12-25,Completed
146,437,2026-05-15,Completed
147,701,2026-06-10,Completed
148,31,2025-10-05,Completed
149,838,2026-03-16,Completed
150,998,2026-08-08,Completed
151,679,2026-06-11,Completed
152,336,2025-10-08,Completed
153,776,2024-09-29,Completed
154,736,2025-08-09,Returned
155,873,2026-01-21,Completed
156,882,2025-12-22,Cancelled
157,416,2026-01-21,Completed
158,861,2025-08-10,Completed
159,999,2026-01-08,Completed
160,364,2026-02-20,Completed
161,421,2026-06-14,Completed
162,595,2026-01-26,Returned
163,530,2024-09-16,Completed
164,628,2024-05-18,Cancelled
165,432,2026-04-20,Returned
166,587,2024-12-07,Completed
167,259,2025-10-14,Completed
168,379,2025-12-01,Completed
169,610,2026-02-17,Pending
170,476,2025-12-15,Completed
171,296,2026-08-22,Completed
172,822,2025-03-28,Completed
173,852,2025-06-01,Completed
174,225,2026-04-17,Completed
175,726,2024-10-10,Completed
176,302,2025-12-09,Completed
177,709,2026-01-13,Completed
178,265,2026-02-16,Completed
179,661,2025-09-06,Completed
180,20,2026-06-16,Completed
181,156,2025-10-18,Cancelled
182,447,2025-07-09,Pending
183,978,2026-07-14,Completed
184,862,2025-11-11,Completed
185,646,2025-12-05,Completed
186,547,2026-08-05,Completed
187,807,2026-03-12,Completed
188,759,2026-06-29,Completed
189,670,2025-06-26,Completed
190,177,2026-07-13,Completed
191,610,2026-03-23,Completed
192,330,2025-11-02,Completed
193,714,2025-06-11,Completed
194,8,2025-04-12,Cancelled
195,422,2024-11-24,Cancelled
196,643,2025-07-14,Completed
197,543,2025-08-11,Completed
198,116,2025-08-27,Completed
199,632,2026-07-17,Cancelled
200,607,2026-07-19,Completed
201,101,2026-02-16,Completed
202,912,2026-01-18,Completed
203,709,2025-10-04,Completed
204,226,2025-02-26,Completed
205,606,2025-08-05,Pending
206,936,2026-03-16,Cancelled
207,86,2025-12-05,Completed
208,1000,2026-06-06,Completed
209,882,2025-05-20,Completed
210,754,2024-04-27,Completed
211,664,2025-11-03,Completed
212,772,2026-05-14,Completed
213,464,2026-06-24,Completed
214,636,2026-02-09,Completed
215,401,2025-03-03,Completed
216,714,2024-10-27,Completed
217,356,2026-05-11,Completed
218,893,2025-07-30,Pending
219,920,2026-06-16,Completed
220,634,2024-09-26,Completed
221,589,2025-06-25,Completed
222,460,2026-06-01,Returned
223,994,2026-06-06,Returned
224,706,2025-07-18,Completed
225,26,2026-02-18,Completed
226,801,2025-05-19,Completed
227,200,2026-08-12,Completed
228,152,2025-11-12,Completed
229,823,2025-09-29,Completed
230,956,2026-06-24,Completed
231,180,2026-02-18,Completed
232,843,2025-05-05,Pending
233,979,2026-07-20,Completed
234,614,2026-07-10,Completed
235,150,2026-04-08,Completed
236,50,2025-11-05,Completed
237,614,2026-07-14,Completed
238,14,2026-01-26,Completed
239,815,2026-03-02,Completed
240,839,2025-04-23,Cancelled
241,132,2025-05-03,Completed
242,202,2025-12-19,Completed
243,68,2025-01-01,Completed
244,190,2026-07-08,Completed
245,361,2025-05-08,Pending
246,733,2025-12-06,Returned
247,943,2026-01-29,Pending
248,116,2026-02-12,Completed
249,722,2025-07-23,Completed
250,395,2026-03-21,Completed
251,962,2026-04-12,Completed
252,449,2026-06-12,Completed
253,712,2026-01-12,Returned
254,239,2026-08-18,Completed
255,524,2024-11-19,Completed
256,511,2026-04-23,Completed
257,779,2024-06-15,Completed
258,441,2026-02-09,Completed
259,504,2026-02-01,Completed
260,270,2026-01-16,Completed
261,829,2026-06-23,Completed
262,241,2026-01-09,Completed
263,118,2025-03-16,Completed
264,325,2026-04-21,Completed
265,171,2025-12-17,Completed
266,640,2026-06-03,Returned
267,581,2026-05-22,Completed
268,258,2026-03-24,Completed
269,677,2026-06-02,Completed
270,421,2026-05-21,Cancelled
271,844,2025-12-28,Completed
272,817,2026-03-31,Completed
273,987,2026-05-18,Completed
274,888,2025-09-04,Cancelled
275,509,2025-03-25,Completed
276,826,2026-07-18,Completed
277,325,2026-07-16,Completed
278,22,2025-11-23,Returned
279,260,2026-07-01,Completed
280,309,2024-11-21,Cancelled
281,809,2024-04-20,Completed
282,949,2025-10-21,Completed
283,361,2026-01-29,Completed
284,411,2025-07-18,Completed
285,463,2026-05-26,Cancelled
286,425,2026-05-14,Completed
287,51,2025-09-21,Completed
288,230,2026-03-12,Completed
289,745,2026-07-01,Completed
290,633,2026-06-21,Cancelled
291,704,2026-02-16,Completed
292,260,2026-06-30,Completed
293,899,2025-11-26,Completed
294,893,2025-09-18,Completed
295,570,2026-03-30,Completed
296,42,2025-08-06,Completed
297,768,2025-07-30,Pending
298,787,2025-07-25,Completed
299,158,2025-12-15,Completed
300,884,2025-01-11,Completed
301,183,2026-02-25,Returned
302,821,2026-04-13,Completed
303,457,2025-12-30,Completed
304,693,2025-01-07,Completed
305,82,2026-02-06,Completed
306,583,2025-05-29,Completed
307,97,2025-12-19,Completed
308,47,2025-10-06,Completed
309,190,2025-09-08,Completed
310,672,2025-07-10,Completed
311,139,2025-02-17,Completed
312,493,2026-07-28,Completed
313,152,2025-12-30,Completed
314,483,2025-03-06,Pending
315,106,2026-06-24,Pending
316,732,2024-10-07,Completed
317,166,2026-01-25,Completed
318,854,2026-03-03,Completed
319,178,2024-11-23,Completed
320,179,2026-08-29,Pending
321,117,2026-03-16,Completed
322,874,2026-03-13,Completed
323,986,2025-04-25,Returned
324,172,2026-06-09,Completed
325,751,2025-09-24,Completed
326,350,2026-03-17,Completed
327,645,2025-11-17,Completed
328,789,2025-12-23,Completed
329,791,2026-01-06,Completed
330,739,2026-04-10,Completed
331,715,2025-11-08,Cancelled
332,96,2026-05-27,Completed
333,518,2024-08-03,Completed
334,465,2026-05-24,Returned
335,108,2025-02-10,Completed
336,849,2025-03-08,Completed
337,457,2025-07-24,Completed
338,844,2025-10-26,Completed
339,467,2026-06-28,Completed
340,586,2025-12-03,Completed
341,29,2026-07-11,Completed
342,892,2024-07-11,Completed
343,684,2026-04-20,Completed
344,982,2026-07-21,Completed
345,575,2026-08-25,Completed
346,769,2026-05-13,Completed
347,282,2026-08-10,Completed
348,425,2025-11-19,Pending
349,262,2025-10-27,Completed
350,423,2026-02-20,Completed
351,505,2026-03-30,Completed
352,276,2026-07-25,Returned
353,582,2025-05-05,Completed
354,43,2024-09-29,Completed
355,863,2026-02-23,Completed
356,743,2026-07-17,Returned
357,350,2026-02-06,Completed
358,424,2026-06-16,Cancelled
359,996,2026-03-08,Pending
360,10,2025-08-16,Completed
361,506,2025-07-21,Completed
362,566,2025-03-24,Completed
363,903,2026-03-01,Completed
364,875,2025-02-21,Completed
365,546,2025-08-01,Completed
366,169,2025-08-24,Completed
367,607,2026-08-12,Cancelled
368,795,2025-11-21,Completed
369,998,2025-06-03,Cancelled
370,105,2025-05-18,Completed
371,815,2025-10-19,Cancelled
372,530,2025-05-30,Completed
373,927,2026-06-09,Completed
374,131,2025-02-02,Completed
375,378,2025-11-12,Completed
376,1000,2025-09-19,Completed
377,615,2026-05-27,Pending
378,943,2025-05-17,Completed
379,211,2025-11-24,Completed
380,31,2026-06-13,Completed
381,179,2025-10-22,Cancelled
382,181,2026-08-23,Completed
383,671,2026-06-24,Cancelled
384,900,2026-02-24,Completed
385,326,2026-04-04,Returned
386,336,2025-01-28,Completed
387,521,2025-05-03,Completed
388,486,2026-02-14,Completed
389,884,2025-07-21,Completed
390,770,2025-09-22,Completed
391,377,2026-03-22,Completed
392,122,2026-01-19,Completed
393,196,2026-06-18,Completed
394,843,2025-06-19,Completed
395,240,2025-06-27,Completed
396,874,2026-04-26,Completed
397,830,2026-06-07,Pending
398,945,2025-07-13,Completed
399,193,2026-03-01,Completed
400,72,2025-10-24,Completed
401,531,2024-04-09,Completed
402,443,2026-07-28,Completed
403,66,2026-06-22,Completed
404,755,2025-11-20,Completed
405,394,2026-06-22,Completed
406,907,2024-12-08,Completed
407,79,2025-11-10,Completed
408,655,2026-08-03,Completed
409,85,2026-04-24,Completed
410,80,2025-11-15,Completed
411,453,2025-12-21,Pending
412,54,2025-03-13,Completed
413,841,2025-01-09,Completed
414,46,2025-10-17,Completed
415,219,2025-06-15,Completed
416,470,2025-10-01,Completed
417,730,2025-08-25,Completed
418,341,2024-09-15,Completed
419,239,2024-05-03,Completed
420,635,2025-08-30,Completed
421,138,2025-09-22,Completed
422,235,2026-08-01,Completed
423,534,2026-02-25,Completed
424,54,2025-07-31,Cancelled
425,743,2026-04-17,Completed
426,991,2026-02-21,Completed
427,781,2026-04-12,Completed
428,264,2026-04-09,Completed
429,5,2025-08-03,Cancelled
430,657,2025-12-11,Completed
431,199,2026-07-07,Completed
432,667,2025-11-22,Cancelled
433,268,2026-04-04,Completed
434,660,2026-07-09,Cancelled
435,601,2025-11-05,Completed
436,276,2026-01-30,Cancelled
437,751,2026-03-13,Completed
438,206,2025-06-26,Completed
439,82,2025-08-01,Completed
440,600,2024-11-05,Completed
441,682,2026-03-08,Completed
442,618,2026-05-17,Returned
443,837,2025-01-31,Cancelled
444,617,2024-11-04,Cancelled
445,4,2026-01-18,Returned
446,757,2026-08-02,Completed
447,891,2025-07-24,Cancelled
448,853,2026-04-28,Returned
449,165,2025-10-26,Cancelled
450,93,2026-08-08,Completed
451,933,2025-12-30,Completed
452,587,2025-10-27,Completed
453,790,2026-02-19,Completed
454,552,2026-04-03,Completed
455,317,2026-05-21,Returned
456,507,2025-06-12,Completed
457,307,2026-08-26,Completed
458,776,2025-06-06,Completed
459,469,2025-06-04,Completed
460,386,2025-08-25,Completed
461,121,2026-08-25,Completed
462,501,2026-01-01,Completed
463,648,2026-08-09,Completed
464,501,2026-08-01,Completed
465,334,2024-04-21,Completed
466,532,2026-01-11,Completed
467,883,2026-08-06,Completed
468,41,2024-08-06,Completed
469,373,2026-08-22,Completed
470,675,2026-06-03,Completed
471,146,2025-10-03,Pending
472,132,2026-02-14,Completed
473,549,2025-11-07,Completed
474,807,2025-05-22,Completed
475,338,2026-04-14,Completed
476,975,2024-10-12,Completed
477,98,2026-06-18,Completed
478,826,2026-07-11,Completed
479,941,2026-04-18,Completed
480,818,2026-03-13,Completed
481,866,2025-06-13,Completed
482,590,2024-09-23,Completed
483,416,2025-07-17,Completed
484,757,2026-05-07,Completed
485,180,2025-06-17,Completed
486,383,2025-08-26,Completed
487,272,2026-03-12,Completed
488,306,2025-10-05,Completed
489,87,2026-04-14,Completed
490,482,2026-02-17,Completed
491,144,2025-03-23,Completed
492,195,2025-07-15,Completed
493,564,2026-01-23,Completed
494,812,2024-03-13,Completed
495,492,2025-04-07,Completed
496,747,2026-07-11,Completed
497,718,2026-08-26,Completed
498,411,2025-02-03,Completed
499,886,2024-11-30,Completed
500,312,2024-09-25,Completed
501,677,2026-01-04,Completed
502,686,2025-04-19,Completed
503,666,2026-04-16,Completed
504,309,2025-12-19,Returned
505,564,2025-05-19,Cancelled
506,171,2025-12-01,Completed
507,507,2026-07-20,Completed
508,411,2025-09-30,Completed
509,901,2026-08-21,Completed
510,230,2024-04-27,Completed
511,548,2024-09-10,Completed
512,920,2026-03-17,Completed
513,749,2026-03-07,Completed
514,969,2026-05-31,Completed
515,160,2026-01-16,Completed
516,664,2025-01-23,Completed
517,437,2026-03-01,Completed
518,782,2026-07-23,Cancelled
519,981,2025-06-01,Completed
520,491,2024-11-06,Completed
521,2,2025-01-06,Completed
522,230,2024-06-24,Returned
523,439,2026-04-26,Completed
524,897,2025-02-17,Completed
525,458,2026-07-28,Completed
526,327,2025-10-29,Completed
527,394,2024-11-10,Completed
528,372,2026-06-07,Completed
529,472,2025-02-04,Pending
530,56,2025-03-31,Completed
531,151,2025-09-19,Completed
532,762,2024-09-22,Completed
533,62,2026-05-25,Completed
534,942,2026-05-15,Completed
535,761,2025-07-26,Completed
536,837,2026-05-10,Completed
537,277,2025-06-21,Completed
538,217,2026-07-22,Completed
539,47,2025-09-18,Completed
540,998,2025-08-12,Completed
541,25,2026-01-17,Completed
542,827,2026-08-27,Completed
543,298,2025-05-12,Completed
544,825,2025-07-03,Completed
545,166,2025-06-14,Completed
546,963,2025-03-10,Returned
547,86,2026-04-11,Completed
548,385,2025-07-07,Completed
549,358,2026-07-28,Completed
550,619,2026-03-14,Completed
551,64,2026-08-02,Completed
552,281,2025-12-12,Completed
553,204,2026-02-26,Cancelled
554,681,2026-08-28,Cancelled
555,534,2025-04-05,Returned
556,431,2026-01-18,Completed
557,380,2025-07-11,Completed
558,361,2026-06-03,Completed
559,391,2025-06-02,Pending
560,509,2026-07-03,Completed
561,201,2026-07-04,Returned
562,901,2026-06-13,Completed
563,175,2026-08-29,Returned
564,962,2026-03-21,Completed
565,728,2024-10-18,Completed
566,644,2026-05-12,Completed
567,26,2026-08-12,Completed
568,789,2026-04-30,Completed
569,110,2026-01-24,Completed
570,503,2025-08-08,Completed
571,676,2025-03-22,Completed
572,549,2025-08-06,Completed
573,142,2026-03-07,Completed
574,479,2026-03-23,Completed
575,814,2026-03-15,Returned
576,383,2026-05-19,Completed
577,440,2026-07-11,Completed
578,126,2024-05-25,Completed
579,582,2026-06-07,Completed
580,106,2026-04-14,Completed
581,326,2025-12-13,Completed
582,282,2026-02-04,Completed
583,292,2024-07-23,Pending
584,282,2025-12-13,Completed
585,961,2025-05-09,Completed
586,331,2026-05-20,Completed
587,957,2026-06-23,Cancelled
588,277,2026-04-19,Completed
589,653,2026-04-14,Completed
590,232,2025-02-03,Completed
591,996,2026-07-07,Completed
592,193,2026-03-14,Completed
593,869,2025-09-26,Completed
594,193,2025-01-09,Completed
595,763,2024-10-06,Completed
596,155,2025-07-27,Completed
597,302,2025-07-19,Completed
598,225,2024-07-31,Completed
599,545,2024-09-28,Completed
600,752,2025-04-28,Completed
601,922,2026-06-23,Completed
602,22,2024-08-01,Returned
603,993,2026-01-19,Completed
604,312,2026-06-28,Completed
605,913,2025-10-27,Completed
606,251,2026-02-04,Completed
607,933,2025-11-27,Cancelled
608,296,2024-05-07,Returned
609,67,2026-05-19,Completed
610,52,2025-05-20,Completed
611,600,2024-05-31,Completed
612,433,2026-02-23,Returned
613,178,2025-12-01,Completed
614,313,2024-06-23,Completed
615,363,2025-06-07,Completed
616,636,2026-08-08,Cancelled
617,87,2025-08-15,Completed
618,580,2026-08-11,Completed
619,529,2025-05-07,Completed
620,69,2025-09-01,Completed
621,107,2026-02-13,Completed
622,443,2026-02-06,Completed
623,492,2025-04-07,Completed
624,401,2025-10-01,Completed
625,29,2025-02-06,Completed
626,10,2025-06-13,Completed
627,672,2024-08-11,Completed
628,386,2025-10-10,Completed
629,599,2025-09-30,Pending
630,99,2025-12-06,Completed
631,627,2024-12-09,Completed
632,329,2024-09-28,Completed
633,445,2026-04-28,Completed
634,915,2025-12-31,Completed
635,366,2025-07-13,Completed
636,616,2025-09-21,Completed
637,894,2025-03-12,Returned
638,409,2025-12-03,Completed
639,34,2026-03-02,Completed
640,242,2026-06-09,Completed
641,909,2026-05-05,Completed
642,666,2026-05-24,Completed
643,566,2026-01-13,Completed
644,448,2025-03-04,Completed
645,766,2026-04-07,Completed
646,79,2025-10-17,Completed
647,133,2026-01-31,Completed
648,961,2026-08-03,Completed
649,540,2026-08-04,Completed
650,287,2024-06-30,Completed
651,382,2025-11-28,Completed
652,857,2024-05-21,Completed
653,211,2025-11-03,Completed
654,887,2025-07-06,Completed
655,880,2025-11-01,Completed
656,256,2026-06-27,Completed
657,868,2024-12-23,Completed
658,990,2026-03-21,Completed
659,452,2026-01-19,Completed
660,118,2026-02-04,Completed
661,615,2026-04-08,Completed
662,243,2026-03-05,Completed
663,335,2025-09-20,Completed
664,298,2024-10-09,Cancelled
665,524,2026-02-09,Completed
666,982,2026-03-31,Completed
667,857,2025-11-27,Completed
668,710,2026-01-04,Completed
669,584,2026-05-12,Pending
670,815,2025-05-27,Completed
671,590,2025-12-15,Completed
672,270,2026-06-03,Completed
673,363,2024-08-04,Completed
674,76,2026-06-15,Cancelled
675,156,2024-11-22,Completed
676,238,2025-10-21,Completed
677,331,2026-03-28,Completed
678,102,2025-01-18,Completed
679,230,2024-09-01,Completed
680,613,2026-08-31,Completed
681,750,2026-04-04,Completed
682,750,2025-05-03,Returned
683,161,2026-01-30,Completed
684,252,2025-12-05,Completed
685,752,2026-01-06,Completed
686,503,2026-05-09,Completed
687,654,2025-10-12,Completed
688,816,2026-05-07,Completed
689,980,2025-11-07,Completed
690,298,2025-02-07,Completed
691,275,2026-07-25,Completed
692,799,2026-08-13,Completed
693,786,2026-02-15,Completed
694,161,2026-07-19,Completed
695,567,2025-05-08,Cancelled
696,811,2026-04-15,Completed
697,672,2025-04-23,Completed
698,754,2025-10-25,Completed
699,281,2026-01-08,Completed
700,495,2025-10-30,Cancelled
701,230,2025-10-24,Returned
702,575,2025-04-25,Completed
703,759,2025-10-24,Pending
704,275,2026-03-06,Completed
705,385,2025-06-21,Completed
706,40,2026-08-23,Completed
707,10,2025-11-01,Completed
708,145,2025-04-28,Completed
709,474,2025-04-14,Cancelled
710,184,2024-07-27,Completed
711,711,2025-01-27,Completed
712,644,2025-04-20,Cancelled
713,607,2025-12-13,Completed
714,590,2026-03-25,Completed
715,80,2025-12-06,Completed
716,320,2025-10-13,Completed
717,969,2026-05-10,Pending
718,572,2026-05-13,Completed
719,219,2025-09-10,Completed
720,6,2026-04-05,Completed
721,622,2024-11-29,Completed
722,623,2025-12-25,Completed
723,628,2026-03-25,Completed
724,455,2026-02-18,Completed
725,928,2026-06-08,Completed
726,46,2025-05-27,Completed
727,91,2025-04-30,Cancelled
728,808,2025-02-24,Completed
729,55,2026-06-02,Completed
730,280,2024-12-13,Completed
731,791,2026-07-08,Completed
732,356,2026-03-04,Completed
733,530,2026-05-03,Completed
734,163,2025-09-03,Completed
735,450,2026-05-24,Completed
736,42,2025-01-05,Completed
737,608,2025-03-11,Completed
738,680,2026-03-16,Completed
739,470,2025-12-30,Completed
740,309,2025-07-01,Completed
741,702,2026-04-22,Pending
742,685,2026-03-04,Pending
743,410,2026-02-01,Cancelled
744,349,2026-03-10,Pending
745,394,2026-06-17,Completed
746,184,2024-08-10,Completed
747,672,2026-08-09,Completed
748,703,2026-07-05,Completed
749,730,2025-01-31,Pending
750,971,2026-08-07,Completed
751,289,2024-06-14,Completed
752,301,2026-03-22,Completed
753,548,2024-08-19,Completed
754,941,2026-07-06,Completed
755,151,2026-05-26,Returned
756,950,2026-04-21,Completed
757,384,2026-02-24,Completed
758,6,2025-10-03,Completed
759,66,2025-11-16,Completed
760,156,2026-03-03,Pending
761,86,2024-12-11,Completed
762,640,2025-11-15,Completed
763,406,2025-10-09,Completed
764,786,2026-08-20,Returned
765,231,2026-08-16,Completed
766,393,2026-04-15,Completed
767,171,2025-10-31,Completed
768,871,2024-12-20,Completed
769,67,2026-08-24,Completed
770,251,2025-10-09,Completed
771,888,2026-04-26,Returned
772,832,2025-08-09,Pending
773,807,2024-07-09,Completed
774,935,2026-02-12,Completed
775,776,2025-01-23,Completed
776,227,2026-08-29,Completed
777,159,2025-05-01,Completed
778,599,2024-01-19,Completed
779,892,2025-11-15,Completed
780,666,2026-03-06,Completed
781,520,2024-12-28,Completed
782,251,2025-03-12,Completed
783,42,2026-01-24,Completed
784,250,2026-04-22,Completed
785,488,2024-12-15,Completed
786,738,2025-08-16,Completed
787,616,2024-12-19,Completed
788,889,2026-04-16,Completed
789,915,2026-05-09,Completed
790,654,2026-04-03,Completed
791,328,2026-08-31,Completed
792,332,2025-05-28,Completed
793,956,2026-01-07,Completed
794,577,2025-11-06,Completed
795,363,2026-01-17,Completed
796,810,2026-05-06,Completed
797,249,2025-07-01,Completed
798,104,2025-09-30,Completed
799,794,2026-01-18,Pending
800,252,2026-03-12,Completed
801,927,2026-04-05,Completed
802,204,2026-08-13,Returned
803,818,2025-08-10,Pending
804,580,2026-06-26,Returned
805,998,2025-07-26,Completed
806,786,2026-06-29,Completed
807,465,2026-08-29,Completed
808,155,2025-03-08,Pending
809,792,2025-08-19,Completed
810,336,2025-04-07,Cancelled
811,791,2026-04-13,Completed
812,790,2026-02-27,Completed
813,775,2025-06-25,Completed
814,968,2026-02-08,Completed
815,719,2025-02-25,Completed
816,532,2024-10-29,Completed
817,760,2026-07-23,Completed
818,209,2025-07-01,Completed
819,36,2025-12-14,Cancelled
820,103,2025-08-24,Completed
821,877,2026-08-03,Completed
822,132,2025-11-04,Completed
823,825,2025-09-07,Completed
824,909,2026-07-09,Completed
825,779,2024-08-10,Completed
826,187,2024-07-21,Completed
827,331,2025-03-11,Completed
828,763,2025-03-29,Completed
829,782,2026-05-20,Completed
830,564,2025-07-02,Completed
831,861,2026-05-06,Completed
832,577,2026-07-03,Completed
833,711,2026-04-19,Completed
834,879,2024-10-14,Completed
835,726,2025-12-31,Completed
836,148,2026-01-20,Pending
837,855,2025-06-08,Completed
838,12,2025-05-22,Completed
839,677,2026-05-03,Completed
840,73,2025-09-12,Cancelled
841,437,2026-08-22,Completed
842,59,2025-12-31,Completed
843,86,2024-05-26,Completed
844,44,2026-06-03,Completed
845,370,2026-06-12,Completed
846,222,2026-05-24,Completed
847,361,2025-08-06,Completed
848,215,2026-01-20,Completed
849,849,2024-11-20,Completed
850,655,2026-03-15,Completed
851,918,2026-02-22,Completed
852,775,2026-06-19,Completed
853,407,2025-06-19,Cancelled
854,332,2025-08-06,Completed
855,27,2026-04-30,Completed
856,13,2026-03-05,Completed
857,425,2026-08-18,Completed
858,724,2025-12-24,Completed
859,881,2026-07-24,Completed
860,827,2026-06-09,Completed
861,634,2025-07-07,Completed
862,978,2026-03-31,Completed
863,722,2025-02-14,Returned
864,148,2026-03-21,Returned
865,748,2025-07-14,Completed
866,340,2024-05-14,Completed
867,364,2026-02-08,Completed
868,463,2025-11-11,Completed
869,700,2025-07-08,Completed
870,394,2025-06-26,Completed
871,615,2026-06-18,Completed
872,958,2025-11-27,Completed
873,628,2025-03-05,Cancelled
874,814,2026-06-24,Completed
875,680,2026-06-06,Completed
876,446,2025-12-14,Completed
877,625,2025-12-02,Completed
878,757,2025-01-01,Completed
879,988,2025-08-20,Completed
880,730,2025-01-15,Completed
881,922,2025-12-31,Cancelled
882,400,2025-04-21,Completed
883,844,2026-03-03,Completed
884,43,2025-12-31,Completed
885,188,2025-10-27,Completed
886,780,2024-11-23,Completed
887,491,2024-09-20,Completed
888,781,2025-11-02,Completed
889,583,2025-05-12,Cancelled
890,390,2025-09-08,Cancelled
891,674,2025-11-29,Completed
892,420,2026-07-14,Completed
893,701,2025-11-12,Completed
894,878,2025-12-01,Completed
895,665,2026-08-01,Cancelled
896,942,2025-03-12,Completed
897,443,2026-07-25,Completed
898,129,2026-06-13,Completed
899,741,2026-08-21,Completed
900,562,2026-07-29,Completed
901,927,2026-07-05,Completed
902,185,2025-07-12,Completed
903,589,2026-05-27,Completed
904,324,2026-02-10,Cancelled
905,22,2024-02-10,Cancelled
906,208,2025-11-26,Returned
907,297,2024-11-22,Completed
908,163,2026-01-25,Completed
909,485,2025-12-11,Completed
910,599,2025-08-14,Completed
911,88,2025-05-07,Completed
912,985,2026-06-25,Completed
913,637,2026-04-04,Returned
914,54,2025-11-08,Completed
915,565,2025-09-16,Completed
916,390,2025-10-26,Cancelled
917,966,2025-04-07,Completed
918,883,2026-06-21,Cancelled
919,77,2024-09-08,Completed
920,755,2026-03-28,Cancelled
921,805,2026-06-28,Completed
922,941,2025-11-21,Completed
923,52,2024-11-25,Completed
924,295,2026-07-16,Completed
925,181,2024-10-31,Completed
926,775,2025-07-14,Completed
927,544,2024-03-11,Completed
928,82,2026-08-26,Completed
929,367,2026-06-10,Completed
930,477,2025-07-18,Completed
931,892,2026-03-05,Completed
932,401,2025-12-28,Completed
933,622,2026-03-06,Completed
934,241,2025-08-30,Cancelled
935,646,2025-10-17,Completed
936,19,2026-02-13,Completed
937,569,2026-02-04,Completed
938,501,2026-06-22,Cancelled
939,618,2026-08-31,Completed
940,365,2026-05-16,Completed
941,752,2025-05-28,Completed
942,718,2025-12-17,Completed
943,378,2026-07-04,Completed
944,111,2026-05-03,Completed
945,980,2025-01-02,Completed
946,662,2026-04-07,Completed
947,509,2025-02-26,Cancelled
948,773,2025-07-05,Returned
949,712,2024-10-23,Completed
950,119,2025-04-15,Completed
951,659,2026-08-11,Completed
952,978,2026-01-19,Completed
953,564,2024-11-11,Completed
954,358,2025-06-28,Completed
955,273,2025-10-23,Completed
956,463,2025-10-08,Completed
957,370,2026-04-13,Completed
958,13,2026-01-23,Pending
959,492,2026-01-10,Completed
960,970,2024-10-09,Cancelled
961,995,2025-04-29,Completed
962,270,2025-12-27,Cancelled
963,116,2025-06-24,Completed
964,67,2025-04-03,Completed
965,423,2025-12-06,Returned
966,737,2025-08-18,Completed
967,573,2026-02-06,Completed
968,613,2025-11-30,Completed
969,479,2025-02-08,Completed
970,617,2025-03-18,Cancelled
971,614,2025-12-15,Completed
972,844,2026-03-06,Cancelled
973,957,2026-05-18,Completed
974,750,2026-01-21,Completed
975,855,2026-05-26,Cancelled
976,712,2025-03-27,Completed
977,191,2026-08-26,Completed
978,433,2026-02-02,Completed
979,398,2025-04-09,Completed
980,262,2026-05-12,Cancelled
981,487,2025-10-23,Completed
982,389,2025-09-28,Completed
983,958,2026-03-17,Completed
984,600,2024-07-08,Completed
985,204,2026-05-05,Completed
986,45,2026-01-27,Completed
987,169,2025-02-10,Completed
988,22,2026-01-27,Completed
989,67,2024-05-20,Completed
990,681,2025-10-11,Completed
991,208,2025-11-24,Completed
992,943,2025-09-17,Cancelled
993,177,2025-11-05,Completed
994,882,2025-05-17,Completed
995,860,2026-05-04,Cancelled
996,401,2025-12-05,Completed
997,248,2026-08-03,Completed
998,285,2025-11-19,Completed
999,776,2026-04-06,Completed
1000,645,2024-10-07,Cancelled
1001,846,2025-11-10,Completed
1002,210,2025-10-14,Completed
1003,613,2026-07-04,Completed
1004,551,2026-02-05,Completed
1005,4,2024-06-12,Completed
1006,438,2025-10-31,Returned
1007,123,2025-01-27,Completed
1008,803,2025-07-28,Cancelled
1009,237,2025-08-19,Completed
1010,209,2026-02-27,Completed
1011,253,2025-10-15,Completed
1012,219,2025-10-22,Completed
1013,154,2026-02-09,Pending
1014,622,2024-09-21,Completed
1015,807,2025-04-21,Completed
1016,703,2025-12-01,Completed
1017,586,2026-01-29,Completed
1018,92,2026-03-20,Completed
1019,875,2025-11-17,Completed
1020,725,2025-12-23,Completed
1021,153,2025-12-28,Completed
1022,587,2026-08-17,Completed
1023,828,2025-07-17,Completed
1024,547,2024-08-08,Completed
1025,526,2026-08-27,Completed
1026,481,2024-09-26,Pending
1027,180,2026-05-08,Completed
1028,1,2024-11-15,Completed
1029,537,2026-08-13,Completed
1030,383,2025-07-12,Completed
1031,886,2026-06-05,Completed
1032,923,2025-10-07,Cancelled
1033,983,2024-06-16,Completed
1034,477,2025-05-02,Cancelled
1035,945,2026-01-17,Completed
1036,26,2026-04-14,Completed
1037,821,2026-07-09,Completed
1038,146,2025-06-20,Completed
1039,819,2025-03-17,Completed
1040,225,2025-07-28,Cancelled
1041,632,2026-04-29,Returned
1042,232,2024-11-23,Completed
1043,569,2025-12-06,Pending
1044,761,2025-10-30,Completed
1045,416,2026-08-31,Completed
1046,441,2026-04-10,Completed
1047,104,2025-10-14,Completed
1048,919,2025-09-13,Cancelled
1049,864,2025-04-18,Completed
1050,41,2025-12-17,Completed
1051,631,2026-05-03,Completed
1052,33,2026-05-07,Pending
1053,670,2026-06-13,Completed
1054,82,2024-12-04,Completed
1055,153,2026-08-05,Completed
1056,918,2026-04-20,Completed
1057,833,2025-07-20,Completed
1058,891,2026-04-20,Completed
1059,930,2025-08-08,Completed
1060,217,2025-04-18,Completed
1061,46,2025-06-05,Completed
1062,913,2026-03-13,Pending
1063,544,2024-10-24,Completed
1064,595,2025-04-26,Completed
1065,702,2025-12-14,Completed
1066,674,2025-07-02,Completed
1067,160,2026-08-23,Completed
1068,117,2026-08-14,Completed
1069,493,2026-08-07,Completed
1070,398,2026-06-25,Completed
1071,535,2026-08-07,Completed
1072,636,2026-06-08,Completed
1073,397,2026-03-15,Completed
1074,18,2026-05-26,Completed
1075,507,2026-03-07,Returned
1076,40,2026-07-27,Completed
1077,999,2026-07-29,Completed
1078,117,2024-09-27,Returned
1079,319,2026-03-03,Completed
1080,103,2026-03-11,Completed
1081,276,2025-11-10,Completed
1082,44,2026-04-30,Completed
1083,482,2025-08-20,Completed
1084,591,2026-05-09,Completed
1085,198,2026-04-18,Completed
1086,724,2026-02-20,Completed
1087,136,2025-04-11,Completed
1088,989,2024-08-23,Completed
1089,850,2025-12-17,Completed
1090,455,2026-03-17,Completed
1091,501,2025-12-03,Completed
1092,424,2025-03-17,Cancelled
1093,601,2026-01-19,Completed
1094,165,2026-04-01,Completed
1095,113,2026-02-06,Completed
1096,248,2025-09-13,Completed
1097,153,2025-08-10,Completed
1098,644,2025-11-04,Completed
1099,483,2025-10-18,Completed
1100,423,2026-06-08,Returned
1101,227,2026-06-17,Completed
1102,96,2026-06-11,Cancelled
1103,488,2026-05-02,Completed
1104,909,2025-09-21,Completed
1105,772,2025-12-15,Completed
1106,177,2025-03-13,Completed
1107,203,2024-07-27,Completed
1108,33,2025-12-17,Completed
1109,486,2026-04-11,Completed
1110,158,2026-07-01,Completed
1111,162,2026-08-12,Completed
1112,621,2025-09-04,Cancelled
1113,792,2026-07-10,Cancelled
1114,236,2026-08-14,Completed
1115,55,2026-08-12,Completed
1116,552,2026-07-06,Completed
1117,848,2026-01-12,Completed
1118,756,2026-05-12,Completed
1119,794,2024-12-15,Cancelled
1120,85,2025-04-22,Completed
1121,807,2025-12-09,Completed
1122,389,2025-02-12,Completed
1123,503,2026-04-21,Cancelled
1124,322,2025-02-21,Completed
1125,371,2026-07-24,Completed
1126,817,2026-03-10,Completed
1127,641,2026-07-15,Completed
1128,791,2026-08-29,Completed
1129,259,2026-05-05,Completed
1130,561,2025-12-21,Completed
1131,275,2026-03-23,Completed
1132,744,2025-03-03,Completed
1133,107,2025-11-21,Returned
1134,776,2025-02-23,Cancelled
1135,349,2026-04-01,Completed
1136,422,2026-06-14,Completed
1137,851,2025-01-27,Completed
1138,297,2025-12-20,Completed
1139,905,2026-04-17,Completed
1140,739,2026-08-27,Completed
1141,647,2026-02-06,Completed
1142,741,2025-05-14,Returned
1143,601,2025-07-25,Completed
1144,747,2026-03-17,Pending
1145,402,2025-03-16,Completed
1146,553,2025-01-04,Completed
1147,246,2026-06-25,Completed
1148,850,2026-06-15,Completed
1149,765,2024-09-08,Completed
1150,370,2026-03-06,Completed
1151,702,2026-01-10,Completed
1152,838,2025-05-29,Completed
1153,782,2026-06-11,Completed
1154,248,2025-10-05,Cancelled
1155,351,2025-03-30,Completed
1156,55,2026-01-11,Completed
1157,732,2025-11-12,Returned
1158,851,2025-11-06,Completed
1159,302,2025-04-24,Completed
1160,800,2024-08-24,Completed
1161,783,2025-08-04,Returned
1162,317,2026-06-20,Cancelled
1163,921,2026-07-10,Completed
1164,984,2025-06-07,Cancelled
1165,31,2026-06-10,Completed
1166,803,2026-03-17,Completed
1167,827,2026-03-24,Completed
1168,602,2026-03-02,Pending
1169,615,2026-06-27,Cancelled
1170,50,2025-07-13,Completed
1171,301,2026-08-09,Completed
1172,52,2025-09-17,Completed
1173,732,2025-11-08,Cancelled
1174,945,2025-11-15,Cancelled
1175,960,2026-04-20,Completed
1176,733,2025-11-25,Completed
1177,389,2025-02-10,Completed
1178,224,2026-03-04,Completed
1179,302,2025-12-31,Completed
1180,243,2026-07-10,Completed
1181,938,2025-01-31,Completed
1182,532,2025-07-26,Completed
1183,869,2025-10-07,Completed
1184,698,2024-07-24,Completed
1185,531,2026-06-05,Completed
1186,87,2026-06-20,Pending
1187,403,2026-04-14,Completed
1188,75,2026-08-29,Completed
1189,803,2026-03-15,Cancelled
1190,999,2026-03-08,Completed
1191,356,2026-05-27,Completed
1192,400,2026-01-02,Completed
1193,987,2026-03-24,Completed
1194,328,2026-04-25,Completed
1195,54,2025-12-09,Cancelled
1196,690,2025-07-09,Completed
1197,957,2026-05-12,Completed
1198,851,2024-12-03,Cancelled
1199,267,2025-01-18,Completed
1200,414,2026-03-20,Completed
1201,574,2026-07-02,Completed
1202,973,2026-08-03,Completed
1203,644,2026-02-26,Completed
1204,169,2024-11-08,Completed
1205,334,2024-12-12,Completed
1206,488,2026-06-11,Pending
1207,47,2025-09-02,Returned
1208,468,2026-01-10,Completed
1209,620,2026-08-13,Pending
1210,60,2025-01-18,Cancelled
1211,759,2025-08-26,Completed
1212,981,2025-06-14,Returned
1213,75,2026-08-17,Completed
1214,214,2025-11-19,Completed
1215,872,2025-12-24,Completed
1216,659,2026-03-18,Completed
1217,295,2025-01-27,Cancelled
1218,755,2025-12-12,Completed
1219,642,2025-10-13,Completed
1220,533,2024-09-13,Completed
1221,182,2025-07-08,Cancelled
1222,146,2026-08-26,Completed
1223,661,2025-08-14,Completed
1224,591,2025-09-18,Cancelled
1225,674,2026-04-28,Completed
1226,328,2026-05-15,Cancelled
1227,297,2024-09-26,Cancelled
1228,3,2025-11-30,Completed
1229,142,2026-08-27,Cancelled
1230,747,2025-11-19,Completed
1231,532,2025-10-20,Completed
1232,818,2026-08-05,Completed
1233,242,2026-04-16,Completed
1234,798,2026-07-10,Cancelled
1235,627,2026-07-19,Completed
1236,216,2026-07-03,Completed
1237,50,2026-04-30,Completed
1238,478,2026-07-11,Completed
1239,116,2026-04-23,Completed
1240,140,2026-05-19,Completed
1241,214,2026-08-18,Completed
1242,783,2026-08-15,Completed
1243,641,2025-08-11,Cancelled
1244,154,2025-11-01,Completed
1245,991,2026-05-08,Completed
1246,733,2026-08-06,Completed
1247,146,2025-09-09,Completed
1248,965,2025-07-15,Cancelled
1249,629,2026-02-08,Completed
1250,234,2025-09-23,Completed
1251,719,2025-09-19,Completed
1252,980,2026-05-08,Completed
1253,864,2024-10-01,Cancelled
1254,569,2025-09-13,Completed
1255,568,2025-09-24,Completed
1256,459,2025-11-14,Completed
1257,722,2024-12-02,Completed
1258,474,2025-05-03,Completed
1259,504,2025-09-20,Completed
1260,437,2026-06-03,Completed
1261,859,2026-03-04,Cancelled
1262,273,2025-05-19,Completed
1263,815,2024-12-04,Completed
1264,588,2024-11-14,Completed
1265,626,2026-08-13,Completed
1266,204,2026-04-26,Completed
1267,105,2026-05-16,Cancelled
1268,976,2025-12-19,Completed
1269,626,2026-06-17,Completed
1270,869,2026-03-05,Completed
1271,92,2026-02-21,Completed
1272,871,2026-01-17,Cancelled
1273,919,2025-09-23,Completed
1274,165,2025-03-29,Completed
1275,64,2026-05-30,Completed
1276,683,2026-01-03,Pending
1277,783,2026-03-28,Completed
1278,475,2026-07-26,Completed
1279,364,2026-04-13,Completed
1280,110,2026-07-06,Completed
1281,959,2026-06-15,Completed
1282,594,2026-08-30,Completed
1283,141,2025-09-21,Completed
1284,92,2025-10-31,Completed
1285,678,2025-09-19,Returned
1286,916,2024-12-23,Completed
1287,341,2026-05-27,Pending
1288,769,2025-11-16,Completed
1289,29,2026-07-07,Completed
1290,560,2026-01-21,Returned
1291,100,2025-07-17,Completed
1292,560,2025-11-21,Completed
1293,706,2025-06-25,Completed
1294,866,2026-07-15,Returned
1295,486,2025-11-09,Completed
1296,432,2026-03-31,Completed
1297,389,2026-02-27,Completed
1298,306,2026-04-04,Returned
1299,510,2026-03-08,Completed
1300,802,2026-08-29,Completed
1301,819,2025-12-01,Cancelled
1302,112,2025-08-25,Completed
1303,302,2025-07-15,Returned
1304,29,2024-08-06,Completed
1305,111,2026-08-13,Completed
1306,457,2025-08-23,Returned
1307,542,2025-05-25,Completed
1308,272,2026-08-13,Completed
1309,371,2026-03-19,Completed
1310,158,2026-07-18,Completed
1311,502,2024-08-24,Completed
1312,847,2024-10-12,Completed
1313,640,2026-08-19,Completed
1314,733,2026-03-20,Completed
1315,268,2025-04-18,Completed
1316,722,2026-04-19,Completed
1317,824,2025-10-29,Completed
1318,860,2026-06-18,Completed
1319,927,2025-12-02,Pending
1320,1000,2025-06-21,Returned
1321,46,2024-12-15,Completed
1322,445,2025-11-26,Completed
1323,125,2024-03-03,Completed
1324,666,2026-03-30,Completed
1325,283,2026-03-21,Completed
1326,36,2025-10-03,Completed
1327,379,2026-01-23,Cancelled
1328,76,2025-06-08,Cancelled
1329,409,2025-11-28,Completed
1330,302,2026-01-22,Completed
1331,373,2025-12-02,Completed
1332,136,2026-05-16,Cancelled
1333,780,2026-03-01,Completed
1334,472,2026-01-21,Completed
1335,304,2026-04-07,Completed
1336,95,2026-06-10,Cancelled
1337,273,2024-08-15,Completed
1338,866,2025-08-04,Completed
1339,948,2026-03-27,Completed
1340,286,2026-07-24,Returned
1341,60,2024-05-22,Completed
1342,430,2024-04-15,Completed
1343,999,2025-10-31,Completed
1344,233,2026-08-27,Cancelled
1345,5,2026-04-01,Completed
1346,716,2026-03-03,Completed
1347,353,2025-12-11,Completed
1348,831,2026-05-01,Completed
1349,158,2026-05-30,Completed
1350,893,2025-05-09,Completed
1351,764,2025-09-01,Completed
1352,326,2025-09-10,Completed
1353,950,2025-10-18,Completed
1354,609,2025-05-02,Completed
1355,911,2026-03-23,Completed
1356,616,2026-02-18,Completed
1357,735,2026-03-22,Cancelled
1358,187,2025-09-28,Cancelled
1359,346,2025-12-13,Cancelled
1360,449,2026-02-09,Completed
1361,683,2025-12-20,Completed
1362,900,2024-10-03,Completed
1363,355,2025-11-30,Cancelled
1364,660,2025-07-19,Completed
1365,513,2025-09-18,Completed
1366,595,2025-10-08,Cancelled
1367,387,2025-02-20,Completed
1368,75,2025-12-22,Completed
1369,678,2025-09-05,Completed
1370,659,2026-03-22,Pending
1371,523,2025-10-27,Completed
1372,226,2026-07-22,Completed
1373,343,2026-06-08,Cancelled
1374,977,2026-08-18,Completed
1375,534,2025-10-10,Completed
1376,731,2025-03-21,Completed
1377,703,2026-04-05,Completed
1378,707,2026-04-22,Completed
1379,769,2025-12-24,Cancelled
1380,823,2025-12-06,Completed
1381,182,2026-07-22,Completed
1382,285,2025-07-25,Completed
1383,690,2025-07-11,Completed
1384,284,2025-07-30,Completed
1385,250,2026-01-03,Completed
1386,344,2024-08-11,Completed
1387,925,2026-08-28,Completed
1388,426,2026-08-24,Cancelled
1389,882,2025-08-18,Completed
1390,635,2026-02-04,Completed
1391,514,2025-08-26,Completed
1392,87,2026-05-06,Completed
1393,620,2025-11-07,Completed
1394,445,2025-03-03,Completed
1395,273,2026-02-20,Completed
1396,758,2026-03-07,Cancelled
1397,270,2025-08-28,Completed
1398,545,2025-02-13,Completed
1399,416,2025-07-24,Completed
1400,412,2026-04-29,Completed
1401,954,2026-07-02,Completed
1402,587,2025-09-21,Cancelled
1403,407,2025-12-09,Pending
1404,246,2026-03-31,Completed
1405,956,2026-01-19,Completed
1406,908,2025-10-30,Completed
1407,674,2025-12-18,Completed
1408,963,2026-05-01,Pending
1409,939,2025-12-17,Completed
1410,911,2026-08-09,Completed
1411,891,2025-12-02,Cancelled
1412,897,2025-04-03,Completed
1413,115,2026-01-05,Cancelled
1414,834,2025-04-14,Cancelled
1415,38,2025-09-17,Cancelled
1416,436,2025-07-09,Completed
1417,169,2024-10-26,Completed
1418,181,2026-04-20,Completed
1419,737,2025-05-02,Returned
1420,233,2026-06-28,Completed
1421,231,2025-08-08,Completed
1422,622,2025-07-17,Completed
1423,391,2024-09-23,Completed
1424,547,2026-08-31,Completed
1425,650,2026-02-04,Completed
1426,59,2025-04-08,Completed
1427,545,2024-08-12,Completed
1428,14,2026-08-06,Completed
1429,680,2026-04-02,Completed
1430,960,2026-01-10,Completed
1431,607,2026-01-12,Completed
1432,1000,2025-08-07,Completed
1433,140,2026-05-22,Completed
1434,474,2026-03-09,Completed
1435,818,2026-05-21,Returned
1436,983,2025-04-07,Completed
1437,337,2025-03-14,Completed
1438,863,2025-11-19,Completed
1439,992,2025-08-08,Completed
1440,946,2025-12-05,Cancelled
1441,437,2025-11-13,Completed
1442,603,2026-02-01,Completed
1443,583,2026-04-26,Completed
1444,113,2025-12-13,Completed
1445,358,2026-01-20,Completed
1446,406,2026-04-07,Cancelled
1447,232,2026-06-12,Cancelled
1448,620,2026-08-08,Completed
1449,107,2025-06-20,Returned
1450,294,2026-07-17,Completed
1451,581,2025-05-10,Pending
1452,140,2026-06-16,Completed
1453,569,2026-03-22,Returned
1454,268,2026-07-16,Completed
1455,957,2026-05-16,Completed
1456,196,2025-08-17,Completed
1457,188,2025-01-22,Completed
1458,732,2026-03-22,Completed
1459,772,2026-02-20,Returned
1460,911,2026-04-19,Completed
1461,168,2024-12-17,Completed
1462,533,2024-06-11,Completed
1463,221,2025-02-21,Cancelled
1464,70,2026-05-23,Completed
1465,178,2025-02-11,Completed
1466,175,2026-03-10,Completed
1467,94,2025-05-05,Completed
1468,450,2026-04-10,Cancelled
1469,109,2026-02-11,Cancelled
1470,158,2026-07-29,Completed
1471,395,2026-05-16,Completed
1472,588,2025-01-28,Completed
1473,123,2026-03-03,Completed
1474,827,2026-06-19,Completed
1475,711,2024-11-28,Completed
1476,183,2026-05-28,Completed
1477,146,2026-04-19,Cancelled
1478,148,2025-01-08,Completed
1479,1000,2025-12-19,Completed
1480,11,2026-07-13,Completed
1481,438,2025-11-06,Completed
1482,190,2026-03-18,Cancelled
1483,829,2026-07-04,Completed
1484,947,2026-01-19,Completed
1485,475,2026-05-28,Completed
1486,442,2025-06-08,Completed
1487,671,2025-10-12,Completed
1488,66,2026-06-16,Completed
1489,524,2025-12-17,Cancelled
1490,557,2026-06-01,Completed
1491,769,2025-05-27,Pending
1492,453,2026-08-22,Completed
1493,794,2025-03-22,Completed
1494,829,2025-11-11,Completed
1495,627,2024-12-12,Completed
1496,93,2025-12-25,Cancelled
1497,754,2025-09-15,Completed
1498,64,2025-04-12,Completed
1499,894,2025-01-08,Completed
1500,908,2026-06-13,Cancelled
1501,863,2026-02-02,Completed
1502,168,2025-10-16,Completed
1503,220,2026-06-03,Completed
1504,182,2026-02-15,Completed
1505,159,2026-05-22,Completed
1506,920,2025-08-11,Completed
1507,416,2026-03-13,Completed
1508,846,2026-03-16,Completed
1509,789,2026-01-25,Completed
1510,677,2026-07-03,Completed
1511,386,2025-06-26,Completed
1512,632,2025-09-15,Completed
1513,783,2025-09-01,Completed
1514,147,2026-02-05,Completed
1515,315,2026-08-09,Completed
1516,116,2026-05-22,Completed
1517,300,2026-07-11,Completed
1518,812,2025-11-01,Completed
1519,297,2025-08-05,Completed
1520,548,2025-01-28,Completed
1521,896,2026-01-03,Completed
1522,426,2026-01-08,Completed
1523,105,2026-03-21,Completed
1524,100,2026-05-06,Completed
1525,515,2026-05-25,Cancelled
1526,425,2025-11-24,Completed
1527,941,2026-03-11,Completed
1528,169,2025-07-26,Cancelled
1529,189,2026-08-08,Completed
1530,451,2025-03-25,Completed
1531,335,2024-06-30,Completed
1532,295,2025-06-03,Completed
1533,131,2026-01-23,Completed
1534,946,2026-08-02,Completed
1535,176,2025-09-12,Completed
1536,515,2026-03-08,Completed
1537,939,2024-07-18,Completed
1538,459,2026-05-11,Completed
1539,365,2026-08-24,Completed
1540,200,2026-02-05,Completed
1541,832,2026-01-19,Completed
1542,189,2025-02-02,Completed
1543,747,2026-02-15,Completed
1544,436,2026-06-12,Completed
1545,607,2026-04-17,Completed
1546,140,2026-03-10,Completed
1547,115,2025-09-09,Completed
1548,554,2026-04-17,Completed
1549,597,2026-01-18,Completed
1550,863,2025-12-03,Completed
1551,840,2024-10-28,Completed
1552,769,2026-08-28,Completed
1553,536,2026-02-01,Completed
1554,592,2025-06-02,Completed
1555,324,2024-10-24,Completed
1556,788,2026-06-19,Completed
1557,590,2025-03-30,Completed
1558,315,2025-10-30,Completed
1559,877,2026-06-29,Completed
1560,307,2025-07-26,Completed
1561,144,2025-06-19,Completed
1562,642,2025-10-27,Completed
1563,366,2026-02-12,Completed
1564,403,2026-08-19,Completed
1565,29,2024-10-01,Completed
1566,71,2026-04-25,Completed
1567,650,2026-03-26,Completed
1568,503,2025-11-14,Completed
1569,649,2025-03-22,Completed
1570,508,2026-06-30,Completed
1571,962,2026-03-10,Completed
1572,867,2025-12-07,Completed
1573,795,2026-03-25,Completed
1574,520,2026-03-10,Completed
1575,15,2025-07-07,Completed
1576,198,2026-04-02,Pending
1577,884,2025-07-19,Cancelled
1578,473,2025-03-10,Completed
1579,278,2026-03-25,Returned
1580,102,2025-11-08,Cancelled
1581,763,2025-07-20,Returned
1582,177,2025-12-07,Completed
1583,539,2026-03-28,Completed
1584,799,2025-07-11,Completed
1585,31,2025-10-02,Completed
1586,631,2026-02-26,Completed
1587,96,2026-02-12,Completed
1588,824,2026-05-23,Completed
1589,855,2024-06-21,Completed
1590,148,2024-12-19,Completed
1591,934,2026-02-13,Completed
1592,313,2026-04-26,Pending
1593,946,2025-09-04,Completed
1594,994,2025-04-10,Completed
1595,109,2026-08-31,Completed
1596,262,2026-05-15,Completed
1597,449,2026-08-20,Completed
1598,299,2025-11-30,Pending
1599,403,2026-08-16,Returned
1600,277,2025-12-12,Cancelled
1601,588,2026-05-05,Completed
1602,703,2025-08-25,Cancelled
1603,255,2026-04-22,Completed
1604,24,2026-03-21,Returned
1605,143,2026-04-11,Completed
1606,557,2025-12-12,Cancelled
1607,912,2025-07-28,Completed
1608,711,2025-07-15,Completed
1609,825,2026-06-01,Completed
1610,385,2026-08-13,Completed
1611,98,2025-02-21,Completed
1612,669,2025-06-30,Completed
1613,269,2026-06-14,Completed
1614,974,2025-05-12,Completed
1615,961,2025-04-05,Completed
1616,225,2024-05-31,Completed
1617,206,2025-07-31,Completed
1618,770,2026-01-23,Completed
1619,225,2026-08-25,Completed
1620,504,2025-04-18,Completed
1621,768,2026-01-21,Completed
1622,79,2026-08-02,Cancelled
1623,371,2025-11-09,Completed
1624,309,2025-01-17,Completed
1625,561,2025-01-26,Cancelled
1626,366,2025-11-11,Completed
1627,104,2026-08-11,Completed
1628,346,2026-08-07,Completed
1629,550,2025-03-04,Returned
1630,201,2025-12-21,Completed
1631,319,2026-05-04,Completed
1632,716,2026-01-15,Completed
1633,942,2026-02-05,Completed
1634,781,2026-08-28,Completed
1635,906,2025-02-10,Completed
1636,889,2025-10-27,Cancelled
1637,229,2026-01-07,Completed
1638,536,2025-12-11,Completed
1639,1000,2025-08-03,Completed
1640,794,2025-03-24,Completed
1641,804,2025-06-22,Completed
1642,199,2026-07-16,Completed
1643,809,2025-04-14,Completed
1644,448,2025-05-05,Completed
1645,917,2025-09-21,Pending
1646,720,2025-12-08,Completed
1647,25,2024-06-05,Completed
1648,324,2025-01-15,Completed
1649,737,2025-04-23,Completed
1650,4,2025-03-04,Completed
1651,266,2026-04-01,Returned
1652,560,2026-05-18,Completed
1653,371,2026-03-14,Completed
1654,233,2026-07-15,Completed
1655,433,2026-03-27,Completed
1656,28,2025-09-04,Completed
1657,326,2025-11-30,Returned
1658,842,2025-04-06,Pending
1659,266,2026-04-03,Completed
1660,457,2026-05-15,Cancelled
1661,488,2025-07-28,Completed
1662,918,2026-07-30,Completed
1663,799,2025-11-25,Completed
1664,980,2025-11-16,Completed
1665,512,2026-03-18,Completed
1666,216,2026-02-08,Completed
1667,967,2026-07-16,Completed
1668,667,2026-08-06,Completed
1669,59,2026-05-25,Completed
1670,963,2025-02-18,Pending
1671,31,2025-12-03,Completed
1672,276,2026-06-25,Pending
1673,462,2025-06-05,Cancelled
1674,947,2025-06-11,Completed
1675,299,2025-10-24,Completed
1676,592,2025-05-11,Pending
1677,775,2025-10-21,Completed
1678,131,2025-07-06,Completed
1679,129,2025-11-24,Completed
1680,639,2026-06-27,Completed
1681,772,2025-11-25,Pending
1682,579,2025-03-12,Completed
1683,287,2025-01-01,Completed
1684,357,2025-07-11,Completed
1685,830,2026-03-26,Cancelled
1686,876,2026-03-21,Completed
1687,404,2025-08-29,Completed
1688,130,2026-02-17,Completed
1689,799,2025-10-18,Completed
1690,78,2025-10-15,Completed
1691,924,2026-06-24,Completed
1692,458,2024-10-05,Completed
1693,132,2026-02-15,Pending
1694,912,2026-04-22,Completed
1695,171,2026-03-20,Completed
1696,738,2026-07-19,Completed
1697,497,2026-05-26,Completed
1698,158,2026-01-17,Completed
1699,754,2024-03-09,Completed
1700,894,2026-06-26,Cancelled
1701,905,2026-01-11,Completed
1702,415,2025-05-14,Completed
1703,83,2026-08-08,Completed
1704,747,2026-05-18,Completed
1705,872,2024-12-30,Completed
1706,807,2024-03-17,Completed
1707,986,2026-08-19,Completed
1708,735,2025-10-31,Completed
1709,380,2026-08-24,Completed
1710,392,2025-03-05,Completed
1711,946,2026-06-15,Completed
1712,289,2024-12-14,Completed
1713,456,2025-08-23,Completed
1714,659,2026-07-01,Completed
1715,733,2025-10-19,Completed
1716,536,2026-06-13,Completed
1717,485,2025-11-14,Pending
1718,89,2026-06-03,Completed
1719,574,2026-04-05,Completed
1720,816,2025-10-19,Completed
1721,863,2026-01-16,Completed
1722,203,2025-08-24,Completed
1723,760,2025-06-08,Completed
1724,313,2025-08-10,Pending
1725,556,2026-04-26,Pending
1726,377,2025-08-29,Cancelled
1727,153,2026-03-19,Completed
1728,42,2026-04-25,Completed
1729,274,2026-02-05,Completed
1730,23,2026-06-23,Completed
1731,431,2025-03-31,Cancelled
1732,693,2026-01-25,Completed
1733,210,2025-05-05,Completed
1734,818,2026-06-08,Completed
1735,143,2024-09-07,Completed
1736,559,2025-10-01,Completed
1737,786,2026-01-01,Pending
1738,123,2026-04-04,Completed
1739,843,2025-05-11,Completed
1740,996,2025-05-16,Completed
1741,794,2026-06-23,Completed
1742,265,2026-08-10,Completed
1743,478,2026-03-08,Completed
1744,905,2026-03-16,Completed
1745,923,2026-08-22,Completed
1746,794,2025-01-07,Completed
1747,646,2025-10-04,Completed
1748,466,2024-08-25,Completed
1749,863,2026-08-03,Completed
1750,529,2026-05-14,Completed
1751,553,2024-03-13,Completed
1752,176,2026-07-07,Completed
1753,468,2025-02-10,Completed
1754,334,2026-05-18,Completed
1755,12,2025-11-20,Completed
1756,600,2024-06-10,Cancelled
1757,584,2025-04-22,Completed
1758,1,2024-06-09,Cancelled
1759,262,2026-05-26,Completed
1760,361,2026-07-01,Completed
1761,391,2025-10-01,Completed
1762,191,2026-01-10,Completed
1763,408,2025-04-01,Returned
1764,570,2025-11-04,Completed
1765,536,2026-04-17,Cancelled
1766,130,2026-04-27,Completed
1767,51,2026-06-06,Returned
1768,308,2025-12-31,Completed
1769,305,2025-05-07,Completed
1770,532,2024-11-26,Completed
1771,573,2025-11-14,Completed
1772,901,2025-12-28,Completed
1773,586,2026-01-17,Returned
1774,815,2025-06-17,Completed
1775,988,2024-05-01,Completed
1776,76,2026-02-11,Returned
1777,605,2024-08-08,Completed
1778,873,2026-02-06,Completed
1779,68,2026-08-22,Completed
1780,985,2026-07-07,Completed
1781,522,2024-06-29,Completed
1782,917,2026-06-23,Completed
1783,841,2025-10-24,Completed
1784,780,2025-04-04,Completed
1785,404,2025-08-26,Completed
1786,701,2025-12-05,Completed
1787,402,2025-01-28,Completed
1788,739,2025-05-12,Completed
1789,270,2026-07-17,Completed
1790,518,2026-04-19,Returned
1791,205,2026-04-07,Pending
1792,567,2025-08-08,Completed
1793,303,2026-05-26,Completed
1794,488,2025-09-27,Returned
1795,455,2026-06-14,Completed
1796,418,2024-07-02,Cancelled
1797,1000,2025-03-11,Completed
1798,530,2025-08-12,Completed
1799,406,2025-10-20,Completed
1800,663,2026-02-17,Completed
1801,881,2025-03-13,Completed
1802,147,2025-12-19,Completed
1803,879,2024-07-13,Completed
1804,358,2026-08-24,Cancelled
1805,948,2026-03-20,Completed
1806,736,2026-03-06,Completed
1807,888,2025-10-27,Completed
1808,13,2026-02-02,Returned
1809,885,2026-06-15,Completed
1810,978,2026-02-19,Completed
1811,509,2025-03-29,Completed
1812,383,2025-09-04,Completed
1813,727,2026-04-02,Returned
1814,587,2025-01-05,Completed
1815,200,2026-05-18,Completed
1816,764,2026-05-30,Completed
1817,443,2026-05-05,Completed
1818,580,2026-05-24,Completed
1819,246,2025-09-03,Completed
1820,739,2025-09-09,Cancelled
1821,706,2025-03-25,Completed
1822,985,2026-01-04,Completed
1823,819,2026-02-19,Completed
1824,447,2025-12-25,Completed
1825,31,2025-09-03,Completed
1826,479,2025-06-11,Completed
1827,412,2026-05-14,Completed
1828,572,2026-04-06,Completed
1829,811,2025-10-05,Completed
1830,801,2025-08-18,Completed
1831,825,2026-03-13,Completed
1832,323,2026-08-14,Completed
1833,264,2026-07-30,Cancelled
1834,304,2026-02-23,Completed
1835,736,2026-03-06,Completed
1836,576,2025-08-16,Completed
1837,702,2026-01-05,Completed
1838,847,2026-06-14,Completed
1839,338,2026-05-02,Completed
1840,590,2026-05-15,Completed
1841,704,2026-06-15,Completed
1842,860,2026-08-05,Completed
1843,429,2025-02-10,Completed
1844,336,2026-06-28,Completed
1845,534,2026-05-31,Completed
1846,362,2024-11-20,Completed
1847,956,2026-01-24,Completed
1848,841,2025-10-21,Cancelled
1849,199,2026-01-04,Cancelled
1850,817,2026-04-12,Completed
1851,598,2026-07-19,Completed
1852,889,2026-05-31,Cancelled
1853,215,2026-03-03,Completed
1854,307,2026-08-27,Completed
1855,587,2025-06-30,Completed
1856,277,2025-07-11,Completed
1857,934,2026-01-15,Completed
1858,158,2025-12-21,Completed
1859,526,2025-07-26,Completed
1860,714,2025-11-06,Completed
1861,755,2026-08-30,Completed
1862,717,2024-03-20,Completed
1863,480,2026-06-06,Completed
1864,951,2024-07-21,Completed
1865,37,2026-05-31,Completed
1866,73,2026-07-02,Completed
1867,598,2025-07-23,Completed
1868,523,2026-03-16,Completed
1869,882,2025-08-15,Returned
1870,756,2024-06-23,Completed
1871,524,2026-04-03,Completed
1872,398,2026-03-24,Completed
1873,601,2025-08-07,Completed
1874,282,2026-06-30,Completed
1875,524,2025-10-28,Completed
1876,242,2025-11-20,Completed
1877,451,2025-03-28,Completed
1878,728,2025-03-24,Completed
1879,974,2024-11-18,Completed
1880,872,2024-08-29,Completed
1881,895,2025-03-31,Completed
1882,589,2026-06-10,Completed
1883,443,2026-02-24,Cancelled
1884,464,2026-01-09,Completed
1885,728,2024-07-19,Completed
1886,658,2024-08-30,Returned
1887,564,2025-08-24,Completed
1888,814,2026-06-14,Pending
1889,944,2026-08-27,Completed
1890,345,2025-04-05,Cancelled
1891,913,2024-08-24,Completed
1892,711,2026-03-05,Completed
1893,790,2025-08-31,Completed
1894,387,2025-12-20,Completed
1895,813,2025-06-19,Completed
1896,996,2026-04-25,Completed
1897,283,2026-03-03,Completed
1898,930,2025-10-28,Completed
1899,389,2025-05-29,Completed
1900,702,2025-12-24,Completed
1901,997,2025-09-29,Completed
1902,493,2025-11-10,Completed
1903,259,2026-02-08,Completed
1904,595,2025-04-10,Completed
1905,604,2026-08-21,Completed
1906,15,2026-06-12,Completed
1907,54,2026-03-26,Completed
1908,88,2025-03-09,Completed
1909,235,2025-09-28,Completed
1910,647,2026-07-23,Completed
1911,251,2026-07-01,Completed
1912,56,2025-06-20,Returned
1913,297,2026-04-03,Completed
1914,435,2025-12-10,Completed
1915,238,2026-08-09,Returned
1916,671,2024-05-07,Completed
1917,263,2026-06-13,Completed
1918,186,2026-01-14,Completed
1919,751,2026-06-07,Completed
1920,813,2025-02-13,Completed
1921,284,2026-03-04,Completed
1922,274,2026-03-09,Completed
1923,802,2026-04-02,Completed
1924,347,2025-09-10,Completed
1925,946,2026-04-29,Completed
1926,657,2026-06-27,Cancelled
1927,253,2026-07-10,Completed
1928,99,2025-01-21,Cancelled
1929,91,2025-01-30,Completed
1930,982,2025-12-16,Completed
1931,293,2025-10-07,Completed
1932,863,2026-04-07,Completed
1933,841,2026-02-03,Completed
1934,720,2026-04-26,Completed
1935,108,2025-04-14,Completed
1936,780,2024-10-15,Completed
1937,547,2026-06-25,Completed
1938,746,2024-09-30,Returned
1939,791,2025-10-26,Completed
1940,938,2026-02-01,Returned
1941,299,2024-07-31,Completed
1942,62,2025-03-08,Completed
1943,498,2026-02-18,Completed
1944,597,2026-06-27,Completed
1945,166,2025-07-05,Completed
1946,325,2025-12-18,Cancelled
1947,488,2025-10-31,Completed
1948,126,2026-07-26,Completed
1949,85,2025-09-18,Completed
1950,398,2024-05-29,Completed
1951,3,2025-11-06,Completed
1952,400,2026-05-12,Completed
1953,463,2026-03-21,Cancelled
1954,414,2024-12-08,Completed
1955,302,2026-06-27,Returned
1956,807,2026-02-19,Completed
1957,419,2026-07-19,Completed
1958,173,2025-10-16,Completed
1959,235,2024-12-05,Completed
1960,335,2026-06-13,Completed
1961,95,2025-12-05,Completed
1962,356,2025-10-23,Pending
1963,121,2026-03-04,Completed
1964,872,2024-09-22,Completed
1965,806,2026-06-03,Completed
1966,481,2025-11-10,Completed
1967,775,2025-11-10,Completed
1968,684,2025-11-16,Completed
1969,937,2026-07-16,Completed
1970,707,2026-01-24,Completed
1971,746,2024-09-16,Completed
1972,425,2025-12-24,Cancelled
1973,491,2026-06-11,Completed
1974,793,2026-02-16,Pending
1975,762,2024-09-23,Cancelled
1976,466,2026-03-11,Completed
1977,965,2026-08-28,Completed
1978,470,2025-11-02,Pending
1979,16,2025-07-09,Completed
1980,368,2024-10-08,Cancelled
1981,232,2024-12-18,Completed
1982,162,2025-12-01,Completed
1983,476,2026-02-26,Cancelled
1984,392,2025-09-30,Completed
1985,770,2025-08-26,Returned
1986,310,2026-08-10,Completed
1987,217,2025-12-05,Completed
1988,150,2026-01-29,Pending
1989,233,2025-07-05,Completed
1990,939,2026-08-04,Completed
1991,452,2026-03-15,Pending
1992,439,2026-03-01,Completed
1993,803,2026-03-30,Completed
1994,561,2024-10-18,Completed
1995,136,2025-11-07,Completed
1996,396,2025-11-14,Pending
1997,890,2025-06-17,Completed
1998,621,2025-12-13,Completed
1999,851,2025-03-30,Completed
2000,147,2025-09-02,Completed
2001,351,2026-01-02,Completed
2002,835,2026-04-06,Completed
2003,887,2026-07-16,Cancelled
2004,501,2026-03-07,Completed
2005,603,2025-03-18,Completed
2006,323,2024-12-18,Returned
2007,147,2025-02-04,Cancelled
2008,720,2025-10-23,Completed
2009,309,2025-11-11,Cancelled
2010,933,2025-11-23,Returned
2011,96,2026-05-17,Completed
2012,949,2026-06-19,Completed
2013,417,2026-02-13,Completed
2014,398,2026-07-06,Completed
2015,970,2026-03-21,Completed
2016,898,2025-07-16,Completed
2017,782,2025-10-14,Cancelled
2018,299,2025-04-10,Completed
2019,262,2026-08-04,Completed
2020,704,2026-02-17,Pending
2021,318,2026-04-05,Completed
2022,945,2025-11-25,Completed
2023,159,2026-04-08,Completed
2024,719,2025-03-16,Completed
2025,819,2026-03-26,Returned
2026,450,2026-02-10,Completed
2027,737,2025-03-09,Cancelled
2028,336,2025-08-13,Completed
2029,97,2025-12-21,Cancelled
2030,5,2026-08-29,Completed
2031,491,2026-07-13,Completed
2032,328,2025-10-07,Cancelled
2033,129,2024-09-18,Completed
2034,467,2025-06-27,Completed
2035,9,2025-07-11,Cancelled
2036,692,2025-12-17,Completed
2037,481,2024-07-25,Completed
2038,789,2026-08-08,Completed
2039,200,2026-04-30,Completed
2040,166,2026-01-19,Cancelled
2041,250,2026-05-12,Completed
2042,930,2026-08-23,Completed
2043,430,2024-02-10,Completed
2044,686,2025-08-24,Pending
2045,504,2025-02-16,Completed
2046,584,2024-04-18,Completed
2047,710,2025-11-13,Completed
2048,686,2025-06-17,Completed
2049,560,2025-11-05,Completed
2050,328,2025-09-17,Completed
2051,901,2026-06-10,Completed
2052,92,2025-02-25,Completed
2053,567,2025-11-24,Completed
2054,540,2026-03-29,Returned
2055,637,2025-09-24,Completed
2056,175,2026-08-10,Cancelled
2057,691,2026-05-22,Completed
2058,934,2026-04-21,Completed
2059,9,2026-01-01,Completed
2060,765,2025-03-11,Completed
2061,491,2026-05-08,Cancelled
2062,901,2026-07-13,Completed
2063,436,2026-02-02,Completed
2064,660,2026-01-29,Completed
2065,332,2025-12-03,Completed
2066,325,2025-10-25,Cancelled
2067,977,2026-07-28,Completed
2068,58,2026-05-04,Completed
2069,277,2026-02-25,Completed
2070,642,2025-09-06,Completed
2071,649,2024-07-13,Completed
2072,233,2025-10-09,Completed
2073,14,2026-07-10,Returned
2074,266,2026-01-22,Completed
2075,401,2026-07-12,Returned
2076,371,2026-04-06,Completed
2077,363,2025-09-04,Completed
2078,876,2026-03-27,Pending
2079,882,2026-06-23,Completed
2080,308,2026-03-05,Cancelled
2081,739,2024-04-12,Completed
2082,940,2026-06-06,Completed
2083,929,2024-11-15,Pending
2084,344,2026-01-17,Returned
2085,308,2026-04-25,Completed
2086,143,2025-08-28,Completed
2087,115,2025-10-27,Completed
2088,565,2026-04-10,Pending
2089,568,2026-05-31,Completed
2090,97,2025-06-05,Completed
2091,139,2026-06-03,Completed
2092,453,2026-04-04,Completed
2093,737,2026-04-24,Completed
2094,527,2025-01-13,Completed
2095,946,2026-05-12,Completed
2096,319,2025-07-26,Completed
2097,971,2025-11-06,Returned
2098,674,2025-07-01,Completed
2099,305,2025-12-05,Completed
2100,136,2026-06-26,Completed
2101,644,2025-08-23,Completed
2102,255,2026-07-05,Cancelled
2103,122,2026-02-06,Completed
2104,878,2025-10-30,Completed
2105,407,2025-04-21,Completed
2106,659,2026-01-15,Completed
2107,281,2025-10-28,Completed
2108,569,2026-06-23,Completed
2109,516,2026-06-08,Completed
2110,305,2026-08-27,Completed
2111,851,2025-11-03,Completed
2112,164,2025-07-06,Completed
2113,33,2026-07-26,Completed
2114,742,2026-06-19,Completed
2115,252,2026-04-08,Completed
2116,133,2024-08-11,Completed
2117,468,2025-04-09,Completed
2118,542,2025-09-25,Completed
2119,818,2026-06-11,Completed
2120,843,2024-10-25,Completed
2121,599,2025-01-03,Completed
2122,382,2026-03-22,Completed
2123,704,2026-03-27,Completed
2124,181,2025-08-31,Completed
2125,798,2025-08-20,Completed
2126,116,2026-05-08,Returned
2127,950,2025-06-10,Completed
2128,747,2026-02-16,Completed
2129,799,2026-07-12,Completed
2130,66,2024-04-13,Cancelled
2131,84,2026-03-24,Completed
2132,90,2025-08-14,Completed
2133,596,2026-03-12,Completed
2134,503,2025-09-29,Completed
2135,648,2026-08-25,Pending
2136,853,2025-11-15,Completed
2137,224,2026-03-24,Cancelled
2138,402,2025-08-30,Returned
2139,79,2026-04-24,Returned
2140,944,2025-12-10,Completed
2141,318,2026-08-01,Completed
2142,768,2024-12-24,Completed
2143,751,2025-11-24,Completed
2144,72,2026-05-31,Completed
2145,927,2025-10-13,Completed
2146,586,2025-11-04,Completed
2147,240,2024-04-21,Completed
2148,534,2026-03-13,Completed
2149,372,2026-06-29,Completed
2150,472,2026-01-18,Completed
2151,899,2025-03-03,Completed
2152,999,2025-11-05,Completed
2153,97,2026-04-13,Completed
2154,321,2026-01-24,Cancelled
2155,298,2025-02-07,Completed
2156,422,2025-03-19,Completed
2157,345,2026-05-23,Returned
2158,317,2026-05-17,Completed
2159,328,2026-01-10,Pending
2160,395,2025-12-04,Completed
2161,393,2025-07-22,Completed
2162,492,2025-07-11,Completed
2163,583,2025-09-10,Completed
2164,856,2026-07-26,Completed
2165,525,2025-06-19,Completed
2166,484,2026-01-20,Completed
2167,745,2026-05-03,Completed
2168,349,2026-08-21,Pending
2169,583,2025-12-09,Completed
2170,5,2025-08-16,Completed
2171,529,2026-02-28,Completed
2172,867,2025-04-16,Completed
2173,816,2026-07-03,Completed
2174,504,2025-09-12,Completed
2175,20,2025-11-03,Completed
2176,878,2026-08-06,Completed
2177,815,2026-03-04,Completed
2178,883,2026-02-04,Completed
2179,777,2026-06-30,Completed
2180,525,2025-12-03,Completed
2181,563,2025-09-15,Completed
2182,929,2026-06-18,Completed
2183,53,2024-10-21,Completed
2184,521,2026-06-09,Completed
2185,228,2025-11-03,Completed
2186,473,2026-02-08,Cancelled
2187,552,2025-11-03,Completed
2188,860,2026-07-15,Completed
2189,900,2026-06-21,Cancelled
2190,26,2025-12-10,Cancelled
2191,364,2026-01-14,Completed
2192,659,2026-08-21,Completed
2193,763,2025-04-09,Completed
2194,886,2025-02-19,Cancelled
2195,62,2026-08-29,Completed
2196,83,2025-03-15,Completed
2197,482,2026-04-13,Completed
2198,685,2025-08-24,Completed
2199,378,2026-06-02,Completed
2200,4,2026-04-22,Completed
2201,697,2025-11-03,Completed
2202,34,2026-01-30,Completed
2203,307,2026-06-25,Completed
2204,953,2025-06-04,Cancelled
2205,424,2025-10-07,Cancelled
2206,527,2025-05-12,Completed
2207,564,2026-05-12,Completed
2208,939,2024-11-16,Returned
2209,602,2026-01-14,Completed
2210,201,2025-05-16,Completed
2211,782,2025-09-23,Pending
2212,484,2025-07-22,Completed
2213,202,2026-03-01,Completed
2214,828,2025-11-08,Completed
2215,468,2026-02-03,Completed
2216,350,2026-01-08,Completed
2217,707,2026-07-06,Completed
2218,681,2025-11-08,Completed
2219,845,2026-06-02,Cancelled
2220,666,2026-06-09,Pending
2221,143,2026-03-18,Completed
2222,48,2025-10-29,Completed
2223,149,2026-05-14,Completed
2224,17,2025-07-09,Completed
2225,429,2026-05-27,Completed
2226,892,2024-08-20,Completed
2227,442,2026-08-20,Completed
2228,675,2025-01-26,Completed
2229,570,2025-06-21,Completed
2230,338,2024-10-30,Completed
2231,76,2026-03-30,Completed
2232,239,2025-02-21,Completed
2233,840,2026-01-08,Completed
2234,886,2026-03-15,Completed
2235,539,2025-06-28,Completed
2236,252,2026-04-05,Completed
2237,626,2026-04-30,Completed
2238,343,2024-09-24,Completed
2239,282,2026-04-05,Completed
2240,455,2025-04-02,Completed
2241,264,2026-03-17,Completed
2242,958,2026-07-05,Completed
2243,63,2025-05-15,Completed
2244,177,2025-07-18,Completed
2245,567,2024-10-15,Completed
2246,202,2026-03-27,Completed
2247,766,2025-06-09,Completed
2248,914,2025-09-23,Completed
2249,405,2026-08-17,Pending
2250,823,2025-11-28,Completed
2251,740,2025-11-03,Completed
2252,896,2026-05-25,Completed
2253,427,2025-09-17,Completed
2254,852,2026-07-29,Pending
2255,468,2026-04-22,Completed
2256,99,2026-04-16,Completed
2257,533,2026-02-22,Completed
2258,451,2026-05-24,Completed
2259,654,2026-06-18,Completed
2260,499,2025-03-22,Cancelled
2261,478,2025-01-08,Returned
2262,474,2025-12-20,Pending
2263,178,2025-04-28,Cancelled
2264,547,2025-03-05,Cancelled
2265,358,2025-04-25,Pending
2266,46,2025-01-24,Completed
2267,2,2025-03-25,Completed
2268,261,2026-02-24,Completed
2269,531,2026-03-28,Completed
2270,104,2025-09-11,Completed
2271,472,2026-04-19,Completed
2272,697,2025-06-09,Completed
2273,412,2026-04-19,Completed
2274,47,2026-05-02,Completed
2275,237,2026-06-13,Completed
2276,279,2026-03-25,Completed
2277,492,2026-06-14,Completed
2278,690,2025-10-23,Completed
2279,919,2026-08-05,Completed
2280,830,2026-01-22,Completed
2281,888,2025-10-23,Completed
2282,864,2025-03-15,Completed
2283,186,2025-11-02,Completed
2284,219,2026-03-25,Cancelled
2285,566,2026-07-02,Completed
2286,858,2026-04-03,Completed
2287,267,2025-11-24,Completed
2288,274,2025-08-02,Cancelled
2289,934,2025-11-04,Completed
2290,480,2026-05-08,Completed
2291,112,2026-01-22,Completed
2292,190,2025-09-16,Completed
2293,673,2024-11-25,Completed
2294,479,2024-12-20,Completed
2295,624,2024-12-20,Completed
2296,345,2025-07-18,Completed
2297,476,2025-05-30,Completed
2298,747,2026-01-01,Completed
2299,376,2025-05-28,Completed
2300,775,2026-04-22,Pending
2301,460,2025-12-29,Cancelled
2302,126,2024-06-11,Cancelled
2303,933,2026-06-14,Completed
2304,580,2025-04-17,Cancelled
2305,717,2024-04-14,Completed
2306,338,2024-10-01,Returned
2307,119,2026-02-12,Completed
2308,693,2026-03-04,Completed
2309,232,2025-05-01,Completed
2310,601,2025-11-03,Completed
2311,53,2025-07-15,Completed
2312,496,2026-06-10,Completed
2313,156,2025-05-04,Completed
2314,594,2025-08-11,Completed
2315,70,2024-12-11,Completed
2316,584,2025-08-16,Cancelled
2317,367,2025-12-10,Completed
2318,701,2026-08-17,Completed
2319,24,2025-09-19,Completed
2320,697,2025-03-03,Completed
2321,93,2025-01-16,Completed
2322,544,2026-08-28,Pending
2323,171,2025-04-02,Completed
2324,374,2024-12-25,Completed
2325,173,2025-08-06,Completed
2326,637,2025-12-31,Completed
2327,847,2026-08-17,Completed
2328,486,2026-07-22,Completed
2329,332,2025-03-09,Completed
2330,962,2025-05-10,Completed
2331,305,2025-12-05,Cancelled
2332,675,2025-02-11,Completed
2333,416,2026-06-23,Completed
2334,753,2025-07-23,Cancelled
2335,924,2026-03-08,Completed
2336,886,2025-07-01,Completed
2337,513,2026-04-30,Completed
2338,633,2025-07-27,Completed
2339,244,2025-11-01,Completed
2340,549,2026-06-14,Cancelled
2341,997,2025-04-18,Cancelled
2342,395,2026-01-01,Completed
2343,183,2026-03-12,Completed
2344,651,2025-10-08,Completed
2345,346,2026-03-21,Completed
2346,657,2026-04-05,Completed
2347,716,2026-04-03,Completed
2348,227,2026-01-02,Completed
2349,696,2026-01-15,Completed
2350,319,2024-10-23,Completed
2351,941,2026-08-19,Completed
2352,162,2026-08-02,Completed
2353,934,2026-04-09,Completed
2354,747,2026-02-20,Completed
2355,620,2026-05-18,Completed
2356,308,2026-06-21,Completed
2357,732,2025-05-23,Completed
2358,753,2025-04-02,Completed
2359,602,2025-10-03,Completed
2360,526,2025-09-09,Completed
2361,253,2024-09-14,Cancelled
2362,434,2026-05-03,Completed
2363,732,2025-11-18,Completed
2364,129,2025-05-22,Pending
2365,824,2025-09-23,Returned
2366,73,2024-12-17,Completed
2367,523,2025-03-18,Cancelled
2368,926,2025-03-25,Completed
2369,342,2026-07-30,Completed
2370,420,2025-10-08,Completed
2371,470,2026-01-20,Cancelled
2372,610,2026-07-17,Completed
2373,25,2025-10-25,Completed
2374,784,2025-10-27,Completed
2375,852,2026-08-31,Completed
2376,288,2026-05-30,Returned
2377,954,2026-02-17,Completed
2378,491,2024-11-28,Completed
2379,844,2025-08-04,Completed
2380,159,2025-07-06,Completed
2381,788,2025-03-29,Completed
2382,267,2025-11-29,Completed
2383,382,2025-10-22,Cancelled
2384,360,2026-03-26,Completed
2385,603,2026-08-18,Completed
2386,340,2026-03-30,Completed
2387,694,2026-01-06,Completed
2388,13,2025-11-26,Completed
2389,329,2024-07-04,Completed
2390,647,2026-06-19,Completed
2391,29,2024-05-22,Completed
2392,109,2026-06-22,Returned
2393,161,2025-07-29,Completed
2394,40,2025-03-16,Completed
2395,791,2026-06-30,Cancelled
2396,442,2024-07-01,Completed
2397,500,2026-01-21,Completed
2398,627,2025-02-21,Pending
2399,742,2024-06-23,Completed
2400,696,2026-02-08,Completed
2401,686,2026-01-31,Completed
2402,744,2026-01-20,Completed
2403,96,2026-03-30,Completed
2404,10,2025-12-18,Cancelled
2405,320,2025-08-01,Completed
2406,677,2026-07-09,Completed
2407,279,2026-05-28,Completed
2408,466,2026-03-28,Completed
2409,619,2025-06-25,Completed
2410,92,2025-07-06,Completed
2411,720,2026-07-23,Completed
2412,417,2025-12-11,Completed
2413,452,2026-03-16,Returned
2414,13,2026-02-08,Completed
2415,5,2026-08-17,Completed
2416,541,2025-06-14,Completed
2417,38,2026-01-25,Completed
2418,343,2025-12-24,Completed
2419,963,2025-04-18,Completed
2420,745,2025-11-16,Completed
2421,394,2026-05-20,Completed
2422,107,2026-02-03,Completed
2423,812,2026-03-26,Completed
2424,680,2026-01-13,Completed
2425,811,2025-04-11,Cancelled
2426,474,2026-05-26,Completed
2427,403,2026-08-05,Completed
2428,214,2026-08-17,Completed
2429,678,2025-08-18,Completed
2430,977,2026-05-12,Completed
2431,399,2024-07-26,Completed
2432,838,2025-02-12,Completed
2433,689,2026-08-09,Completed
2434,490,2024-09-27,Completed
2435,693,2025-09-12,Cancelled
2436,621,2025-06-18,Completed
2437,22,2025-03-28,Completed
2438,125,2025-06-27,Completed
2439,707,2026-07-12,Completed
2440,868,2025-10-09,Completed
2441,801,2026-03-22,Completed
2442,825,2026-02-13,Cancelled
2443,866,2025-08-29,Cancelled
2444,821,2026-04-10,Completed
2445,620,2026-07-31,Completed
2446,716,2025-12-28,Completed
2447,173,2025-07-31,Completed
2448,674,2026-06-02,Completed
2449,261,2026-01-13,Completed
2450,401,2025-12-11,Completed
2451,211,2025-05-11,Completed
2452,980,2025-08-28,Completed
2453,229,2025-07-21,Completed
2454,176,2026-06-05,Completed
2455,632,2025-07-17,Pending
2456,645,2025-02-15,Completed
2457,701,2026-07-14,Completed
2458,132,2026-02-21,Cancelled
2459,138,2025-07-08,Completed
2460,723,2025-10-19,Completed
2461,827,2025-04-26,Completed
2462,861,2026-08-21,Completed
2463,932,2025-09-13,Completed
2464,271,2026-02-15,Completed
2465,808,2026-01-19,Completed
2466,417,2026-03-26,Completed
2467,670,2026-04-25,Returned
2468,714,2024-11-11,Completed
2469,664,2025-07-09,Completed
2470,415,2025-05-16,Cancelled
2471,795,2024-08-26,Completed
2472,85,2026-01-08,Completed
2473,822,2026-06-17,Cancelled
2474,857,2025-10-25,Completed
2475,611,2025-08-23,Completed
2476,607,2026-07-03,Completed
2477,399,2024-06-02,Completed
2478,207,2026-03-17,Completed
2479,704,2026-07-11,Completed
2480,592,2026-05-25,Completed
2481,935,2026-01-31,Completed
2482,795,2024-11-12,Returned
2483,801,2025-05-18,Completed
2484,139,2026-03-04,Completed
2485,960,2026-04-18,Completed
2486,832,2026-03-10,Completed
2487,489,2026-02-20,Completed
2488,454,2026-03-10,Completed
2489,598,2025-09-08,Completed
2490,419,2026-08-29,Completed
2491,953,2026-01-22,Completed
2492,160,2025-10-14,Completed
2493,275,2026-07-23,Completed
2494,377,2025-10-16,Completed
2495,421,2026-02-05,Completed
2496,960,2026-06-09,Completed
2497,694,2025-10-03,Pending
2498,374,2025-02-17,Completed
2499,130,2026-04-29,Completed
2500,500,2026-05-20,Pending
2501,30,2026-05-26,Completed
2502,970,2025-12-05,Completed
2503,693,2024-06-15,Completed
2504,213,2026-08-12,Pending
2505,187,2026-07-22,Completed
2506,592,2025-10-15,Completed
2507,164,2025-07-18,Cancelled
2508,524,2024-10-03,Completed
2509,410,2025-11-25,Completed
2510,924,2026-04-05,Completed
2511,908,2025-09-15,Completed
2512,481,2025-09-08,Completed
2513,795,2026-08-22,Completed
2514,525,2025-05-08,Cancelled
2515,123,2025-11-28,Completed
2516,814,2026-03-13,Completed
2517,902,2024-12-21,Completed
2518,87,2026-05-09,Completed
2519,498,2024-10-06,Completed
2520,483,2025-12-03,Completed
2521,464,2026-01-04,Completed
2522,693,2025-09-15,Completed
2523,744,2025-03-09,Completed
2524,168,2026-06-07,Completed
2525,691,2025-09-01,Completed
2526,330,2026-07-04,Completed
2527,289,2024-07-29,Completed
2528,299,2024-04-15,Cancelled
2529,760,2026-04-17,Completed
2530,614,2026-05-26,Completed
2531,528,2025-11-23,Completed
2532,339,2025-06-09,Completed
2533,709,2024-04-28,Cancelled
2534,839,2025-05-28,Completed
2535,710,2026-06-02,Completed
2536,272,2026-02-10,Completed
2537,992,2024-03-17,Pending
2538,179,2026-04-26,Completed
2539,512,2025-02-28,Completed
2540,964,2026-05-27,Completed
2541,941,2026-08-19,Cancelled
2542,986,2026-03-23,Completed
2543,862,2026-01-20,Completed
2544,568,2026-07-15,Completed
2545,344,2026-03-14,Completed
2546,388,2025-08-07,Completed
2547,858,2026-04-14,Returned
2548,292,2025-01-10,Completed
2549,558,2025-10-07,Completed
2550,386,2025-02-06,Completed
2551,961,2025-07-18,Cancelled
2552,905,2025-05-08,Completed
2553,835,2026-08-01,Completed
2554,301,2025-11-24,Completed
2555,740,2025-11-30,Completed
2556,273,2026-01-15,Completed
2557,58,2025-03-23,Completed
2558,764,2026-04-01,Completed
2559,808,2025-11-01,Completed
2560,914,2025-11-29,Completed
2561,891,2025-11-29,Completed
2562,765,2024-12-19,Completed
2563,548,2025-09-03,Cancelled
2564,33,2026-06-24,Completed
2565,248,2026-04-28,Completed
2566,375,2025-03-18,Completed
2567,170,2026-04-10,Completed
2568,676,2026-03-01,Completed
2569,332,2025-08-21,Completed
2570,640,2025-11-11,Cancelled
2571,404,2026-01-29,Completed
2572,307,2026-06-09,Cancelled
2573,208,2025-09-23,Completed
2574,741,2025-05-29,Completed
2575,660,2026-08-20,Completed
2576,490,2025-12-26,Completed
2577,623,2024-12-01,Completed
2578,567,2026-04-27,Completed
2579,821,2026-06-24,Completed
2580,191,2025-09-18,Completed
2581,905,2026-04-11,Completed
2582,607,2026-03-01,Completed
2583,694,2026-04-25,Completed
2584,687,2026-03-10,Completed
2585,56,2025-10-16,Returned
2586,879,2026-01-20,Completed
2587,37,2025-04-29,Completed
2588,24,2025-04-16,Completed
2589,354,2025-12-27,Pending
2590,121,2025-10-29,Completed
2591,790,2026-08-05,Completed
2592,62,2025-10-14,Completed
2593,224,2026-07-06,Completed
2594,801,2024-09-04,Completed
2595,203,2024-11-24,Completed
2596,639,2026-03-19,Completed
2597,564,2025-08-14,Completed
2598,532,2024-11-08,Completed
2599,406,2026-04-04,Pending
2600,422,2024-12-11,Completed
2601,403,2026-02-04,Completed
2602,109,2026-07-02,Completed
2603,367,2026-06-27,Completed
2604,819,2025-01-02,Completed
2605,914,2024-10-26,Completed
2606,350,2026-04-13,Completed
2607,519,2025-11-08,Cancelled
2608,899,2026-06-27,Completed
2609,237,2025-05-02,Pending
2610,509,2025-05-25,Returned
2611,817,2026-07-22,Completed
2612,31,2026-07-08,Completed
2613,836,2025-12-22,Completed
2614,830,2026-04-24,Cancelled
2615,292,2025-11-28,Completed
2616,513,2025-05-08,Returned
2617,210,2025-04-01,Completed
2618,729,2025-04-18,Completed
2619,55,2026-01-05,Completed
2620,877,2025-11-04,Cancelled
2621,807,2026-08-29,Completed
2622,881,2025-09-23,Completed
2623,425,2026-04-22,Completed
2624,692,2026-04-15,Completed
2625,78,2025-04-13,Cancelled
2626,820,2025-05-29,Completed
2627,994,2025-09-19,Completed
2628,161,2025-06-29,Completed
2629,495,2026-08-20,Returned
2630,746,2024-08-17,Completed
2631,777,2026-08-08,Completed
2632,10,2025-01-23,Completed
2633,169,2024-10-28,Completed
2634,517,2025-01-14,Completed
2635,818,2025-12-10,Completed
2636,694,2026-02-14,Completed
2637,4,2026-07-09,Completed
2638,60,2024-09-29,Completed
2639,772,2026-05-29,Pending
2640,89,2026-04-01,Completed
2641,126,2024-09-21,Completed
2642,410,2026-08-23,Cancelled
2643,714,2025-07-12,Completed
2644,346,2026-06-18,Completed
2645,8,2026-04-20,Completed
2646,196,2025-02-19,Cancelled
2647,409,2025-12-19,Completed
2648,276,2026-06-09,Completed
2649,489,2025-12-28,Completed
2650,99,2025-02-04,Completed
2651,331,2025-09-27,Completed
2652,227,2026-04-09,Completed
2653,776,2025-12-18,Pending
2654,654,2026-03-26,Completed
2655,742,2026-01-02,Completed
2656,318,2025-10-28,Pending
2657,611,2025-11-09,Completed
2658,798,2026-06-06,Completed
2659,154,2025-04-15,Completed
2660,700,2026-07-21,Returned
2661,941,2026-06-26,Completed
2662,35,2026-06-05,Completed
2663,681,2026-02-28,Completed
2664,100,2025-12-10,Completed
2665,446,2026-03-25,Pending
2666,134,2026-08-24,Cancelled
2667,354,2026-01-11,Completed
2668,835,2026-02-02,Completed
2669,47,2026-05-13,Cancelled
2670,610,2026-05-18,Completed
2671,33,2026-02-15,Completed
2672,339,2026-08-14,Completed
2673,283,2026-04-29,Completed
2674,84,2025-03-23,Completed
2675,654,2026-01-30,Cancelled
2676,534,2025-11-14,Completed
2677,768,2024-02-26,Completed
2678,198,2026-04-09,Completed
2679,877,2026-05-22,Completed
2680,766,2026-08-05,Completed
2681,899,2025-08-03,Completed
2682,546,2025-07-21,Completed
2683,725,2025-12-25,Completed
2684,213,2025-05-14,Completed
2685,43,2026-08-10,Completed
2686,535,2026-05-30,Completed
2687,70,2026-04-09,Cancelled
2688,939,2024-07-25,Returned
2689,852,2025-05-27,Completed
2690,896,2026-04-05,Completed
2691,440,2026-07-10,Completed
2692,569,2026-07-16,Completed
2693,585,2026-05-30,Completed
2694,168,2024-10-04,Completed
2695,532,2024-09-25,Completed
2696,898,2025-05-18,Completed
2697,31,2026-03-27,Completed
2698,443,2026-06-01,Completed
2699,682,2026-04-14,Completed
2700,466,2025-05-04,Completed
2701,46,2024-11-24,Completed
2702,597,2025-07-20,Completed
2703,9,2026-06-09,Completed
2704,406,2025-12-26,Completed
2705,735,2025-08-06,Completed
2706,764,2025-12-06,Pending
2707,792,2025-08-21,Completed
2708,381,2026-04-23,Completed
2709,7,2025-09-17,Completed
2710,812,2026-06-03,Completed
2711,272,2026-03-03,Completed
2712,953,2026-06-12,Completed
2713,669,2024-11-30,Returned
2714,996,2025-12-02,Completed
2715,323,2025-10-27,Completed
2716,921,2026-06-12,Returned
2717,375,2025-03-30,Completed
2718,485,2026-01-08,Completed
2719,641,2026-07-17,Completed
2720,619,2025-05-15,Completed
2721,264,2026-02-08,Completed
2722,945,2025-09-26,Completed
2723,831,2025-09-30,Completed
2724,95,2025-11-28,Completed
2725,374,2026-02-13,Completed
2726,971,2026-08-08,Returned
2727,468,2026-03-06,Returned
2728,220,2025-11-28,Completed
2729,15,2025-08-15,Completed
2730,569,2026-04-08,Completed
2731,13,2025-10-06,Completed
2732,886,2026-04-12,Completed
2733,871,2024-07-19,Cancelled
2734,34,2025-12-25,Completed
2735,349,2026-03-20,Completed
2736,158,2026-04-13,Completed
2737,571,2025-01-06,Completed
2738,259,2026-06-24,Cancelled
2739,594,2026-02-01,Cancelled
2740,214,2026-06-14,Completed
2741,582,2024-10-15,Completed
2742,794,2026-06-12,Completed
2743,870,2025-12-08,Completed
2744,230,2025-11-26,Completed
2745,634,2024-09-22,Completed
2746,846,2026-01-13,Completed
2747,928,2026-08-06,Completed
2748,683,2026-03-15,Completed
2749,780,2025-02-07,Completed
2750,636,2026-05-24,Completed
2751,119,2026-06-19,Completed
2752,641,2025-09-24,Completed
2753,206,2025-11-20,Completed
2754,173,2026-04-29,Completed
2755,395,2026-03-08,Completed
2756,885,2026-01-02,Completed
2757,615,2025-12-11,Completed
2758,899,2024-08-31,Completed
2759,204,2026-06-01,Completed
2760,831,2025-08-13,Completed
2761,859,2025-01-11,Completed
2762,370,2026-05-10,Completed
2763,764,2024-07-27,Completed
2764,609,2025-06-29,Completed
2765,824,2025-07-30,Completed
2766,531,2024-10-16,Returned
2767,221,2025-06-21,Completed
2768,33,2026-01-21,Completed
2769,444,2026-07-12,Completed
2770,615,2026-03-12,Completed
2771,983,2026-03-14,Completed
2772,343,2026-04-07,Completed
2773,644,2026-05-28,Completed
2774,780,2026-01-25,Completed
2775,219,2026-05-16,Cancelled
2776,190,2026-04-19,Completed
2777,811,2026-01-08,Completed
2778,274,2025-07-24,Completed
2779,6,2026-08-13,Pending
2780,212,2025-10-31,Cancelled
2781,31,2026-04-15,Completed
2782,824,2024-08-02,Completed
2783,96,2026-06-04,Completed
2784,828,2025-02-23,Completed
2785,932,2025-02-24,Cancelled
2786,907,2025-01-25,Completed
2787,539,2025-04-28,Completed
2788,881,2026-06-29,Completed
2789,517,2025-03-29,Completed
2790,250,2025-07-24,Cancelled
2791,269,2026-07-11,Completed
2792,523,2025-06-29,Completed
2793,355,2026-03-21,Completed
2794,458,2025-10-12,Completed
2795,291,2025-01-04,Completed
2796,728,2025-03-29,Cancelled
2797,437,2026-01-02,Completed
2798,924,2025-11-22,Cancelled
2799,696,2026-04-02,Completed
2800,106,2026-02-07,Cancelled
2801,345,2025-11-24,Completed
2802,382,2026-08-19,Completed
2803,301,2026-01-01,Completed
2804,785,2024-06-12,Completed
2805,91,2025-02-04,Completed
2806,45,2025-09-05,Completed
2807,725,2026-01-22,Cancelled
2808,574,2026-04-01,Completed
2809,757,2024-11-21,Completed
2810,285,2025-03-14,Completed
2811,246,2026-06-15,Completed
2812,398,2025-09-12,Completed
2813,813,2026-01-16,Completed
2814,965,2025-08-24,Completed
2815,785,2025-08-27,Completed
2816,141,2025-08-15,Cancelled
2817,397,2026-06-13,Completed
2818,514,2025-12-01,Completed
2819,668,2026-07-15,Completed
2820,69,2025-11-07,Cancelled
2821,421,2026-02-01,Completed
2822,257,2025-12-01,Completed
2823,824,2025-01-13,Completed
2824,51,2026-02-14,Completed
2825,875,2025-08-11,Completed
2826,210,2026-01-10,Completed
2827,618,2025-10-04,Completed
2828,868,2024-11-05,Completed
2829,221,2025-06-16,Cancelled
2830,227,2025-06-25,Completed
2831,412,2026-08-03,Completed
2832,45,2026-01-08,Completed
2833,422,2025-03-19,Completed
2834,89,2026-03-12,Returned
2835,432,2026-06-12,Cancelled
2836,766,2024-12-02,Completed
2837,327,2025-09-26,Returned
2838,465,2026-03-15,Completed
2839,645,2026-06-10,Completed
2840,596,2025-04-20,Completed
2841,152,2025-06-05,Completed
2842,739,2024-04-15,Completed
2843,798,2025-12-10,Completed
2844,427,2025-07-20,Completed
2845,199,2026-04-22,Completed
2846,416,2026-08-08,Returned
2847,806,2025-07-31,Completed
2848,943,2026-08-25,Completed
2849,38,2026-03-05,Completed
2850,794,2025-12-13,Completed
2851,295,2026-04-17,Completed
2852,585,2025-08-16,Cancelled
2853,185,2024-04-27,Completed
2854,27,2025-10-24,Returned
2855,859,2024-12-15,Completed
2856,670,2026-02-11,Completed
2857,353,2026-06-30,Completed
2858,108,2025-10-09,Completed
2859,153,2025-08-18,Completed
2860,877,2026-05-16,Completed
2861,479,2026-03-24,Completed
2862,522,2025-10-01,Cancelled
2863,550,2025-10-07,Completed
2864,153,2026-02-11,Completed
2865,216,2026-01-22,Completed
2866,784,2026-03-17,Completed
2867,383,2025-10-26,Completed
2868,492,2025-11-13,Completed
2869,463,2026-01-20,Completed
2870,523,2026-04-27,Completed
2871,383,2026-07-23,Completed
2872,743,2026-05-03,Completed
2873,937,2025-07-05,Completed
2874,71,2026-03-14,Completed
2875,162,2025-11-06,Completed
2876,462,2025-12-06,Completed
2877,333,2025-12-03,Completed
2878,308,2026-01-14,Pending
2879,220,2025-12-17,Completed
2880,104,2025-10-17,Completed
2881,394,2025-02-24,Completed
2882,727,2025-11-25,Completed
2883,769,2026-04-11,Completed
2884,739,2026-01-17,Completed
2885,453,2026-05-29,Completed
2886,1,2026-08-17,Completed
2887,447,2025-02-05,Completed
2888,125,2024-09-04,Completed
2889,337,2025-07-17,Completed
2890,580,2025-06-04,Completed
2891,659,2026-08-05,Completed
2892,8,2025-01-05,Completed
2893,330,2025-09-02,Completed
2894,462,2024-12-21,Cancelled
2895,634,2025-09-12,Completed
2896,678,2026-05-04,Completed
2897,737,2024-08-09,Completed
2898,64,2025-12-30,Completed
2899,297,2024-07-22,Completed
2900,405,2025-02-28,Cancelled
2901,452,2025-11-08,Completed
2902,310,2025-04-06,Returned
2903,247,2025-01-28,Completed
2904,284,2025-09-03,Completed
2905,595,2026-04-07,Completed
2906,930,2025-11-08,Completed
2907,906,2024-10-14,Completed
2908,73,2024-12-19,Completed
2909,725,2026-05-30,Completed
2910,580,2026-01-19,Completed
2911,934,2026-02-09,Completed
2912,345,2025-07-04,Completed
2913,302,2025-06-02,Completed
2914,611,2026-04-15,Completed
2915,752,2025-05-12,Completed
2916,890,2025-03-08,Returned
2917,529,2025-03-03,Completed
2918,978,2026-01-10,Completed
2919,73,2024-12-26,Completed
2920,837,2025-08-16,Completed
2921,250,2026-06-22,Completed
2922,78,2026-06-03,Completed
2923,996,2026-04-24,Completed
2924,986,2025-01-23,Completed
2925,422,2025-03-29,Completed
2926,2,2024-07-28,Completed
2927,137,2025-03-22,Completed
2928,774,2026-07-27,Completed
2929,733,2026-06-09,Cancelled
2930,809,2024-10-21,Completed
2931,659,2026-07-10,Completed
2932,40,2024-12-06,Completed
2933,288,2024-06-27,Completed
2934,746,2026-06-22,Completed
2935,635,2025-10-27,Cancelled
2936,678,2026-05-10,Completed
2937,786,2025-03-27,Completed
2938,144,2024-05-20,Completed
2939,573,2025-12-21,Completed
2940,737,2025-03-25,Completed
2941,660,2026-07-11,Cancelled
2942,948,2026-02-21,Completed
2943,685,2026-05-02,Completed
2944,976,2026-05-02,Completed
2945,713,2026-03-14,Completed
2946,335,2025-04-26,Completed
2947,792,2026-07-28,Completed
2948,823,2025-10-21,Completed
2949,290,2026-07-16,Completed
2950,254,2024-12-12,Completed
2951,609,2025-05-26,Cancelled
2952,304,2026-01-06,Returned
2953,842,2026-01-01,Completed
2954,29,2025-05-15,Completed
2955,55,2025-12-06,Completed
2956,803,2026-01-19,Completed
2957,324,2026-07-28,Completed
2958,685,2026-07-08,Completed
2959,450,2026-01-01,Completed
2960,872,2026-03-28,Completed
2961,846,2025-11-17,Completed
2962,345,2025-04-20,Cancelled
2963,367,2026-01-08,Completed
2964,290,2025-11-15,Completed
2965,305,2026-06-07,Completed
2966,22,2025-09-20,Completed
2967,161,2026-07-30,Completed
2968,863,2026-03-16,Completed
2969,223,2024-06-12,Completed
2970,961,2025-07-01,Completed
2971,744,2025-06-05,Completed
2972,744,2024-12-30,Completed
2973,871,2024-12-03,Cancelled
2974,473,2025-12-16,Cancelled
2975,680,2026-03-24,Completed
2976,7,2026-08-24,Completed
2977,696,2026-06-19,Completed
2978,187,2025-02-03,Completed
2979,623,2025-05-20,Completed
2980,389,2024-10-19,Completed
2981,995,2026-05-10,Cancelled
2982,365,2025-07-11,Completed
2983,488,2026-02-23,Completed
2984,911,2026-04-13,Cancelled
2985,422,2025-10-03,Completed
2986,177,2024-11-01,Completed
2987,135,2025-10-26,Completed
2988,809,2025-12-12,Completed
2989,962,2025-06-03,Completed
2990,970,2024-08-16,Cancelled
2991,666,2026-05-23,Completed
2992,304,2026-06-06,Pending
2993,107,2026-03-19,Cancelled
2994,699,2026-01-08,Completed
2995,436,2026-08-01,Cancelled
2996,981,2025-05-12,Completed
2997,222,2026-01-29,Completed
2998,442,2026-06-15,Completed
2999,451,2025-02-25,Completed
3000,922,2026-08-30,Completed
3001,976,2026-03-10,Returned
3002,676,2026-07-21,Cancelled
3003,390,2025-04-25,Completed
3004,418,2025-12-18,Completed
3005,670,2025-09-21,Completed
3006,755,2026-06-17,Completed
3007,751,2026-06-03,Completed
3008,929,2025-06-24,Cancelled
3009,298,2026-06-26,Completed
3010,429,2024-10-15,Completed
3011,126,2025-04-02,Completed
3012,882,2025-07-28,Completed
3013,946,2026-08-03,Completed
3014,324,2025-07-27,Completed
3015,451,2026-04-09,Completed
3016,48,2025-08-05,Completed
3017,601,2026-01-10,Completed
3018,608,2026-07-08,Completed
3019,442,2024-08-04,Completed
3020,804,2026-05-30,Completed
3021,425,2026-06-16,Completed
3022,254,2024-11-13,Completed
3023,944,2025-12-06,Completed
3024,381,2025-07-10,Completed
3025,959,2026-03-17,Completed
3026,673,2024-09-27,Completed
3027,476,2026-04-24,Completed
3028,794,2026-02-06,Completed
3029,442,2025-11-06,Cancelled
3030,445,2026-03-10,Completed
3031,833,2024-05-15,Completed
3032,857,2024-04-26,Completed
3033,749,2026-04-28,Completed
3034,436,2026-01-20,Completed
3035,194,2025-11-22,Completed
3036,321,2025-12-30,Completed
3037,500,2026-01-07,Completed
3038,26,2025-10-07,Completed
3039,930,2026-03-10,Completed
3040,447,2025-05-20,Completed
3041,480,2025-10-22,Completed
3042,474,2024-11-02,Pending
3043,906,2025-05-22,Pending
3044,634,2026-05-13,Completed
3045,618,2026-06-29,Cancelled
3046,614,2025-10-26,Completed
3047,963,2025-05-14,Returned
3048,613,2025-07-10,Completed
3049,216,2025-10-07,Completed
3050,736,2026-01-16,Completed
3051,109,2025-12-08,Completed
3052,603,2024-02-20,Cancelled
3053,565,2026-03-30,Completed
3054,297,2024-10-23,Completed
3055,877,2026-07-26,Completed
3056,341,2024-07-21,Completed
3057,336,2026-08-06,Completed
3058,459,2026-03-01,Completed
3059,95,2026-03-31,Completed
3060,280,2024-08-02,Completed
3061,125,2024-03-08,Completed
3062,171,2025-12-09,Completed
3063,920,2025-07-15,Completed
3064,618,2025-09-20,Cancelled
3065,319,2025-06-23,Completed
3066,900,2026-01-25,Completed
3067,343,2026-07-12,Completed
3068,827,2025-02-22,Completed
3069,485,2025-06-28,Completed
3070,108,2024-04-28,Completed
3071,515,2026-06-30,Completed
3072,428,2025-11-04,Completed
3073,125,2025-03-31,Completed
3074,989,2025-06-01,Completed
3075,953,2025-01-13,Completed
3076,247,2026-02-02,Completed
3077,299,2026-05-01,Completed
3078,563,2025-10-03,Cancelled
3079,651,2025-10-22,Completed
3080,672,2025-10-25,Completed
3081,841,2026-08-11,Completed
3082,321,2025-12-31,Completed
3083,137,2026-06-11,Completed
3084,882,2025-10-01,Completed
3085,390,2025-04-17,Completed
3086,700,2026-07-14,Completed
3087,906,2025-02-18,Completed
3088,743,2025-10-18,Completed
3089,768,2026-04-11,Completed
3090,342,2025-11-14,Completed
3091,86,2025-09-19,Completed
3092,623,2025-09-03,Completed
3093,459,2026-03-05,Completed
3094,561,2025-06-17,Completed
3095,25,2026-03-23,Completed
3096,87,2026-03-29,Cancelled
3097,868,2026-05-30,Completed
3098,847,2025-03-16,Completed
3099,411,2025-11-13,Completed
3100,554,2026-02-17,Cancelled
3101,316,2025-10-28,Completed
3102,936,2025-07-29,Completed
3103,924,2025-12-13,Completed
3104,461,2026-03-04,Completed
3105,133,2024-10-24,Completed
3106,313,2025-07-03,Completed
3107,61,2026-03-13,Cancelled
3108,179,2026-02-21,Returned
3109,168,2026-06-21,Cancelled
3110,682,2025-09-26,Completed
3111,600,2025-10-01,Completed
3112,171,2026-06-13,Returned
3113,435,2025-10-15,Completed
3114,384,2025-08-28,Completed
3115,909,2025-05-28,Completed
3116,957,2026-02-04,Completed
3117,301,2026-07-08,Completed
3118,921,2026-04-22,Completed
3119,658,2025-12-01,Completed
3120,220,2026-08-28,Cancelled
3121,378,2025-12-16,Completed
3122,348,2026-03-28,Completed
3123,144,2024-12-08,Completed
3124,944,2026-02-24,Completed
3125,743,2025-01-21,Completed
3126,347,2025-02-18,Completed
3127,143,2026-05-24,Returned
3128,780,2024-09-15,Completed
3129,568,2025-12-16,Cancelled
3130,782,2026-03-10,Completed
3131,264,2026-04-15,Completed
3132,468,2025-11-10,Completed
3133,589,2025-12-18,Completed
3134,42,2025-05-23,Completed
3135,350,2026-06-01,Completed
3136,734,2024-01-25,Pending
3137,91,2026-05-28,Completed
3138,514,2026-01-23,Returned
3139,657,2026-03-10,Completed
3140,498,2025-03-08,Completed
3141,430,2025-05-14,Completed
3142,792,2025-09-10,Pending
3143,261,2026-05-29,Returned
3144,276,2025-11-03,Completed
3145,585,2026-05-05,Completed
3146,858,2026-07-29,Completed
3147,165,2026-08-17,Completed
3148,23,2024-12-10,Completed
3149,539,2026-06-02,Completed
3150,709,2025-08-02,Completed
3151,88,2026-07-26,Cancelled
3152,430,2025-11-30,Completed
3153,33,2026-08-11,Completed
3154,319,2025-08-17,Completed
3155,207,2026-03-06,Completed
3156,640,2025-08-31,Completed
3157,374,2025-12-14,Completed
3158,765,2026-07-13,Completed
3159,443,2026-02-04,Completed
3160,161,2025-07-09,Cancelled
3161,448,2026-08-07,Completed
3162,165,2025-12-14,Completed
3163,394,2026-07-12,Completed
3164,857,2026-08-01,Completed
3165,992,2025-01-25,Completed
3166,262,2026-05-22,Cancelled
3167,614,2026-06-10,Completed
3168,463,2025-10-16,Completed
3169,59,2026-06-12,Completed
3170,248,2025-08-31,Completed
3171,395,2026-03-13,Completed
3172,779,2025-10-25,Completed
3173,368,2026-05-06,Completed
3174,580,2025-12-06,Completed
3175,123,2026-08-19,Completed
3176,193,2025-05-10,Completed
3177,972,2025-08-20,Completed
3178,585,2026-05-25,Pending
3179,726,2025-01-05,Completed
3180,241,2024-03-21,Cancelled
3181,209,2024-12-10,Completed
3182,478,2026-08-02,Completed
3183,424,2025-06-05,Completed
3184,2,2026-08-18,Completed
3185,876,2025-11-15,Completed
3186,727,2026-06-12,Completed
3187,989,2024-09-17,Pending
3188,990,2025-08-08,Completed
3189,478,2026-01-12,Completed
3190,395,2026-05-16,Completed
3191,11,2024-08-29,Completed
3192,683,2026-01-11,Completed
3193,425,2026-06-26,Pending
3194,468,2025-02-20,Completed
3195,932,2025-01-02,Cancelled
3196,453,2026-08-08,Completed
3197,878,2026-02-05,Completed
3198,726,2026-01-08,Completed
3199,595,2025-07-20,Completed
3200,352,2026-07-25,Completed
3201,609,2025-10-09,Completed
3202,158,2026-07-24,Completed
3203,140,2025-05-14,Completed
3204,967,2024-12-03,Completed
3205,516,2026-03-10,Returned
3206,825,2025-11-19,Pending
3207,401,2025-12-06,Completed
3208,436,2026-04-03,Completed
3209,218,2025-05-24,Completed
3210,797,2026-01-07,Cancelled
3211,15,2025-01-23,Completed
3212,532,2025-10-23,Cancelled
3213,250,2026-01-18,Completed
3214,216,2025-09-09,Completed
3215,301,2025-11-24,Cancelled
3216,202,2026-04-23,Completed
3217,65,2024-12-09,Completed
3218,399,2025-08-16,Completed
3219,564,2025-04-14,Completed
3220,245,2025-02-08,Completed
3221,395,2026-05-10,Completed
3222,565,2026-02-13,Completed
3223,350,2026-06-03,Pending
3224,328,2026-03-16,Completed
3225,388,2026-03-02,Completed
3226,769,2026-05-02,Completed
3227,365,2025-07-07,Completed
3228,725,2025-11-29,Completed
3229,557,2026-04-25,Completed
3230,517,2026-05-04,Completed
3231,445,2025-09-30,Completed
3232,765,2026-06-02,Cancelled
3233,463,2025-10-21,Completed
3234,844,2026-06-27,Completed
3235,113,2026-08-28,Completed
3236,976,2026-03-14,Completed
3237,481,2025-11-14,Completed
3238,742,2025-11-18,Returned
3239,143,2025-10-14,Completed
3240,247,2026-05-21,Completed
3241,350,2026-04-28,Completed
3242,53,2024-11-29,Completed
3243,335,2025-11-21,Completed
3244,454,2024-08-22,Completed
3245,300,2026-04-25,Completed
3246,534,2026-01-23,Completed
3247,873,2026-01-20,Completed
3248,527,2026-06-21,Completed
3249,802,2026-08-12,Completed
3250,235,2024-10-17,Completed
3251,442,2024-11-17,Returned
3252,769,2025-01-13,Completed
3253,524,2024-12-23,Completed
3254,758,2026-04-14,Completed
3255,453,2026-04-10,Completed
3256,75,2026-08-20,Completed
3257,934,2026-04-03,Completed
3258,868,2024-07-07,Completed
3259,632,2025-09-24,Completed
3260,445,2026-02-01,Completed
3261,589,2026-05-16,Completed
3262,520,2026-05-06,Completed
3263,894,2025-11-07,Completed
3264,171,2025-03-05,Returned
3265,909,2026-06-25,Completed
3266,47,2025-11-19,Completed
3267,658,2025-04-22,Completed
3268,196,2025-02-11,Returned
3269,341,2024-05-17,Completed
3270,934,2025-08-05,Completed
3271,264,2026-05-25,Completed
3272,963,2025-07-19,Pending
3273,404,2026-08-13,Completed
3274,454,2024-09-27,Completed
3275,447,2025-11-02,Completed
3276,595,2025-05-30,Completed
3277,623,2026-05-19,Completed
3278,202,2026-05-17,Completed
3279,855,2026-04-09,Completed
3280,775,2026-08-12,Completed
3281,759,2025-12-24,Completed
3282,87,2025-11-25,Completed
3283,780,2026-03-18,Returned
3284,618,2026-01-29,Completed
3285,22,2025-01-18,Completed
3286,440,2026-05-29,Completed
3287,822,2025-02-25,Completed
3288,782,2025-10-02,Completed
3289,829,2026-04-30,Completed
3290,870,2026-01-21,Completed
3291,737,2026-03-28,Completed
3292,209,2024-12-26,Completed
3293,561,2026-08-20,Cancelled
3294,5,2025-08-27,Completed
3295,745,2026-02-21,Completed
3296,599,2025-03-02,Completed
3297,465,2026-03-17,Completed
3298,832,2025-08-22,Completed
3299,933,2025-02-04,Pending
3300,124,2026-02-05,Completed
3301,977,2026-06-28,Completed
3302,152,2026-01-05,Completed
3303,590,2026-07-20,Completed
3304,584,2026-01-22,Completed
3305,499,2026-08-20,Completed
3306,406,2026-05-13,Returned
3307,130,2026-03-23,Completed
3308,636,2025-02-19,Completed
3309,680,2026-07-17,Completed
3310,232,2025-02-04,Cancelled
3311,450,2026-05-02,Completed
3312,709,2026-08-01,Completed
3313,568,2026-08-28,Completed
3314,119,2025-03-07,Completed
3315,323,2025-04-14,Completed
3316,9,2025-04-21,Returned
3317,297,2024-04-20,Completed
3318,575,2025-12-14,Completed
3319,495,2026-04-14,Completed
3320,69,2025-11-28,Completed
3321,640,2026-01-26,Completed
3322,700,2025-07-11,Completed
3323,131,2026-08-04,Completed
3324,541,2025-06-19,Completed
3325,916,2026-02-07,Completed
3326,275,2025-11-27,Completed
3327,386,2026-06-11,Completed
3328,429,2024-04-08,Cancelled
3329,850,2026-07-14,Completed
3330,796,2024-11-17,Completed
3331,399,2024-06-06,Cancelled
3332,379,2026-04-04,Returned
3333,24,2025-05-24,Returned
3334,41,2025-09-20,Completed
3335,915,2026-07-04,Returned
3336,329,2025-12-19,Completed
3337,320,2024-06-03,Completed
3338,604,2025-09-22,Completed
3339,246,2026-05-18,Completed
3340,237,2026-08-05,Completed
3341,165,2025-04-12,Cancelled
3342,695,2025-05-24,Completed
3343,466,2024-10-29,Completed
3344,32,2026-08-04,Completed
3345,878,2026-05-29,Completed
3346,2,2025-12-07,Completed
3347,729,2026-01-13,Completed
3348,964,2026-08-10,Completed
3349,371,2026-06-18,Completed
3350,96,2026-02-08,Cancelled
3351,729,2026-03-14,Completed
3352,680,2026-04-28,Completed
3353,248,2025-04-10,Completed
3354,84,2025-11-17,Completed
3355,895,2025-06-24,Cancelled
3356,730,2025-09-18,Completed
3357,141,2025-12-03,Completed
3358,830,2026-07-30,Completed
3359,808,2025-03-16,Completed
3360,88,2025-03-19,Completed
3361,680,2026-04-30,Completed
3362,879,2026-02-08,Cancelled
3363,836,2025-12-10,Completed
3364,601,2026-01-24,Completed
3365,475,2025-07-30,Completed
3366,682,2024-09-29,Completed
3367,493,2026-01-12,Returned
3368,297,2026-03-13,Completed
3369,905,2025-10-22,Completed
3370,181,2025-09-29,Completed
3371,697,2026-03-23,Completed
3372,882,2026-06-03,Completed
3373,17,2024-08-17,Completed
3374,399,2025-02-22,Completed
3375,895,2026-03-08,Completed
3376,595,2026-03-31,Completed
3377,334,2024-12-11,Completed
3378,223,2026-04-03,Completed
3379,483,2025-11-09,Completed
3380,494,2026-01-16,Completed
3381,65,2026-06-16,Completed
3382,905,2025-06-25,Completed
3383,561,2026-08-23,Completed
3384,107,2025-12-24,Completed
3385,421,2026-05-16,Pending
3386,777,2025-06-17,Cancelled
3387,958,2026-04-03,Completed
3388,543,2025-06-29,Completed
3389,199,2026-07-24,Completed
3390,762,2025-12-10,Completed
3391,515,2025-11-19,Completed
3392,497,2025-07-22,Completed
3393,485,2025-08-05,Completed
3394,610,2026-01-08,Completed
3395,738,2025-01-12,Completed
3396,464,2025-12-17,Completed
3397,348,2026-04-11,Completed
3398,379,2026-03-18,Cancelled
3399,341,2025-04-06,Completed
3400,332,2026-08-14,Completed
3401,34,2026-02-14,Completed
3402,948,2026-01-05,Completed
3403,625,2025-09-13,Completed
3404,208,2026-03-19,Cancelled
3405,831,2025-10-18,Completed
3406,574,2026-08-21,Completed
3407,254,2024-11-05,Completed
3408,516,2026-05-01,Cancelled
3409,373,2025-12-10,Completed
3410,952,2026-01-28,Completed
3411,354,2026-04-25,Completed
3412,756,2025-03-19,Completed
3413,209,2026-04-12,Completed
3414,507,2025-07-21,Completed
3415,634,2026-01-16,Completed
3416,621,2026-03-29,Completed
3417,398,2025-10-03,Completed
3418,296,2026-01-27,Completed
3419,849,2025-07-06,Completed
3420,798,2026-07-27,Completed
3421,549,2026-02-13,Completed
3422,103,2025-08-18,Completed
3423,644,2026-01-14,Cancelled
3424,48,2025-06-30,Completed
3425,120,2025-10-27,Completed
3426,352,2026-07-30,Completed
3427,893,2025-10-20,Completed
3428,950,2026-04-28,Completed
3429,217,2026-06-16,Completed
3430,40,2025-08-18,Completed
3431,412,2026-04-18,Completed
3432,366,2025-09-26,Completed
3433,648,2025-12-02,Pending
3434,757,2026-02-04,Completed
3435,879,2025-12-22,Completed
3436,950,2025-12-25,Completed
3437,432,2025-12-16,Completed
3438,39,2025-11-13,Completed
3439,177,2025-10-30,Cancelled
3440,919,2026-02-26,Completed
3441,614,2026-08-03,Completed
3442,610,2026-08-17,Completed
3443,921,2026-01-13,Completed
3444,711,2025-02-26,Completed
3445,571,2025-04-28,Completed
3446,953,2025-04-30,Cancelled
3447,663,2026-05-27,Cancelled
3448,155,2025-07-21,Completed
3449,417,2026-06-21,Completed
3450,450,2025-12-06,Completed
3451,771,2024-12-12,Completed
3452,501,2026-02-15,Completed
3453,415,2026-01-25,Cancelled
3454,924,2026-02-20,Cancelled
3455,670,2025-11-27,Completed
3456,413,2024-12-16,Completed
3457,551,2025-09-13,Cancelled
3458,363,2025-01-03,Completed
3459,267,2025-01-25,Cancelled
3460,13,2026-06-18,Completed
3461,39,2024-09-15,Completed
3462,956,2026-02-14,Completed
3463,979,2026-05-23,Completed
3464,331,2026-07-04,Pending
3465,429,2025-04-04,Completed
3466,298,2024-06-20,Completed
3467,593,2024-08-06,Completed
3468,350,2026-05-10,Completed
3469,505,2025-12-06,Completed
3470,546,2024-08-27,Cancelled
3471,988,2026-04-16,Completed
3472,502,2026-05-02,Cancelled
3473,560,2025-05-15,Completed
3474,490,2025-05-13,Completed
3475,896,2026-08-25,Completed
3476,119,2025-10-19,Completed
3477,602,2026-06-07,Completed
3478,271,2025-05-03,Completed
3479,908,2025-07-10,Returned
3480,56,2026-07-16,Completed
3481,926,2025-08-10,Completed
3482,124,2026-01-07,Completed
3483,862,2025-07-04,Completed
3484,245,2025-09-02,Completed
3485,722,2025-04-09,Completed
3486,376,2025-11-18,Completed
3487,197,2025-07-26,Completed
3488,967,2026-03-15,Completed
3489,489,2025-07-20,Completed
3490,741,2025-11-21,Completed
3491,938,2026-06-12,Cancelled
3492,927,2026-01-29,Completed
3493,413,2026-08-26,Cancelled
3494,878,2025-09-24,Completed
3495,988,2025-01-07,Completed
3496,741,2025-04-24,Completed
3497,984,2026-02-21,Completed
3498,325,2026-03-08,Completed
3499,816,2025-06-21,Completed
3500,286,2026-06-05,Completed
3501,193,2025-06-27,Completed
3502,488,2026-03-26,Completed
3503,776,2026-04-02,Completed
3504,115,2026-05-28,Completed
3505,501,2026-01-05,Pending
3506,443,2026-07-13,Completed
3507,160,2026-08-04,Returned
3508,5,2026-05-12,Completed
3509,637,2026-03-15,Completed
3510,944,2026-07-29,Completed
3511,400,2025-10-12,Completed
3512,37,2026-05-12,Completed
3513,984,2026-02-28,Pending
3514,498,2025-11-15,Completed
3515,966,2026-06-01,Cancelled
3516,981,2025-11-07,Completed
3517,239,2026-03-29,Completed
3518,36,2026-05-14,Completed
3519,680,2026-08-23,Pending
3520,623,2026-06-15,Returned
3521,600,2025-03-01,Completed
3522,597,2025-09-27,Completed
3523,487,2026-01-09,Completed
3524,978,2026-08-05,Pending
3525,234,2025-10-14,Cancelled
3526,540,2025-10-31,Completed
3527,529,2024-12-17,Completed
3528,948,2026-05-20,Pending
3529,666,2026-07-08,Cancelled
3530,688,2025-05-15,Completed
3531,941,2026-04-11,Completed
3532,684,2026-06-14,Completed
3533,493,2026-06-28,Returned
3534,381,2026-05-06,Completed
3535,457,2026-07-15,Completed
3536,714,2024-09-01,Returned
3537,262,2026-08-28,Completed
3538,918,2025-08-28,Completed
3539,998,2026-02-01,Completed
3540,344,2026-06-27,Cancelled
3541,489,2026-03-03,Completed
3542,12,2026-07-26,Completed
3543,845,2026-05-04,Completed
3544,998,2026-04-15,Cancelled
3545,662,2026-07-06,Completed
3546,311,2025-04-16,Completed
3547,585,2025-06-10,Pending
3548,39,2024-05-17,Completed
3549,417,2025-11-02,Completed
3550,433,2025-09-02,Completed
3551,92,2026-05-31,Completed
3552,698,2026-01-27,Completed
3553,316,2025-08-31,Completed
3554,73,2026-07-07,Completed
3555,796,2024-11-15,Completed
3556,60,2024-08-05,Completed
3557,700,2025-05-02,Completed
3558,279,2026-05-09,Completed
3559,938,2025-05-26,Returned
3560,241,2026-06-09,Completed
3561,490,2025-06-30,Completed
3562,878,2025-10-23,Completed
3563,434,2026-01-29,Pending
3564,916,2025-12-31,Completed
3565,544,2026-05-25,Completed
3566,48,2025-11-15,Completed
3567,968,2024-12-24,Completed
3568,656,2026-08-03,Completed
3569,957,2026-07-08,Completed
3570,707,2026-01-11,Returned
3571,975,2025-02-02,Completed
3572,62,2026-08-10,Completed
3573,831,2026-06-07,Completed
3574,202,2026-04-27,Completed
3575,285,2026-02-27,Completed
3576,876,2026-08-12,Completed
3577,621,2025-04-13,Completed
3578,221,2025-06-07,Pending
3579,238,2025-08-21,Pending
3580,121,2026-03-07,Completed
3581,614,2025-08-11,Completed
3582,618,2026-03-09,Returned
3583,543,2026-03-07,Completed
3584,753,2024-09-20,Completed
3585,590,2025-02-21,Completed
3586,883,2026-08-24,Completed
3587,604,2025-10-27,Completed
3588,264,2026-06-08,Completed
3589,322,2024-08-04,Pending
3590,21,2026-04-16,Completed
3591,610,2026-04-23,Completed
3592,299,2025-12-01,Completed
3593,904,2025-04-30,Completed
3594,681,2026-06-22,Completed
3595,239,2024-04-18,Completed
3596,465,2026-03-21,Completed
3597,847,2026-03-18,Completed
3598,80,2026-02-24,Completed
3599,1000,2025-11-30,Completed
3600,66,2026-06-27,Completed
3601,54,2025-06-01,Cancelled
3602,60,2026-06-20,Returned
3603,263,2026-05-28,Pending
3604,411,2025-09-19,Completed
3605,796,2025-10-31,Completed
3606,57,2025-07-25,Returned
3607,363,2025-08-10,Completed
3608,278,2026-02-11,Completed
3609,717,2025-03-07,Pending
3610,686,2025-12-31,Completed
3611,261,2024-12-11,Completed
3612,1000,2026-03-24,Completed
3613,440,2026-05-06,Completed
3614,421,2026-01-31,Completed
3615,15,2025-01-13,Completed
3616,372,2026-02-23,Completed
3617,567,2025-04-22,Completed
3618,114,2025-11-13,Completed
3619,433,2026-03-28,Cancelled
3620,705,2026-07-25,Completed
3621,63,2026-07-21,Completed
3622,367,2026-06-16,Pending
3623,735,2025-04-25,Completed
3624,449,2026-03-30,Completed
3625,800,2025-04-05,Completed
3626,825,2026-04-03,Returned
3627,628,2025-06-17,Completed
3628,656,2024-05-26,Completed
3629,441,2026-01-11,Completed
3630,579,2026-08-18,Completed
3631,60,2024-11-16,Completed
3632,270,2025-11-12,Completed
3633,917,2026-03-07,Completed
3634,497,2025-08-08,Completed
3635,353,2026-03-15,Completed
3636,75,2025-09-24,Pending
3637,259,2026-04-04,Completed
3638,90,2025-07-21,Completed
3639,23,2026-03-08,Cancelled
3640,753,2025-01-31,Completed
3641,232,2026-04-08,Completed
3642,385,2026-08-31,Completed
3643,631,2025-02-07,Completed
3644,442,2025-03-18,Completed
3645,377,2024-11-30,Completed
3646,899,2025-09-28,Completed
3647,160,2026-07-21,Pending
3648,787,2024-07-28,Completed
3649,794,2026-06-03,Cancelled
3650,323,2026-04-15,Completed
3651,195,2024-11-10,Completed
3652,476,2026-02-04,Completed
3653,541,2025-08-26,Completed
3654,15,2025-11-14,Completed
3655,176,2025-12-08,Completed
3656,612,2024-07-13,Completed
3657,43,2026-04-21,Completed
3658,264,2026-06-25,Returned
3659,262,2026-04-13,Cancelled
3660,103,2025-12-05,Completed
3661,305,2025-01-21,Completed
3662,537,2025-07-18,Cancelled
3663,295,2024-09-17,Completed
3664,839,2025-05-30,Returned
3665,141,2025-09-27,Completed
3666,361,2026-08-18,Completed
3667,341,2025-06-15,Completed
3668,925,2026-04-26,Completed
3669,475,2024-12-25,Completed
3670,735,2025-11-01,Completed
3671,159,2025-12-22,Completed
3672,233,2026-01-05,Completed
3673,421,2026-02-21,Completed
3674,883,2026-02-27,Pending
3675,620,2025-08-21,Completed
3676,402,2025-03-04,Pending
3677,875,2025-05-11,Completed
3678,58,2025-11-29,Completed
3679,47,2026-04-11,Completed
3680,35,2024-10-18,Completed
3681,782,2026-08-06,Completed
3682,292,2025-08-04,Cancelled
3683,368,2025-12-10,Completed
3684,168,2025-12-29,Completed
3685,21,2026-04-07,Completed
3686,234,2026-08-20,Completed
3687,972,2026-02-17,Completed
3688,936,2026-04-09,Completed
3689,462,2025-11-19,Cancelled
3690,299,2024-08-30,Completed
3691,125,2024-07-01,Completed
3692,481,2025-11-18,Completed
3693,271,2026-04-06,Returned
3694,527,2026-06-24,Completed
3695,331,2026-06-03,Completed
3696,653,2025-10-19,Completed
3697,263,2026-01-25,Completed
3698,379,2025-09-17,Completed
3699,455,2025-06-25,Completed
3700,981,2026-07-05,Completed
3701,493,2026-05-19,Completed
3702,718,2026-03-19,Completed
3703,464,2026-08-06,Completed
3704,108,2025-01-29,Completed
3705,753,2024-08-31,Completed
3706,837,2025-10-19,Completed
3707,822,2025-01-07,Completed
3708,58,2026-08-31,Completed
3709,526,2026-03-15,Completed
3710,726,2025-11-01,Completed
3711,685,2026-01-04,Completed
3712,618,2025-11-30,Completed
3713,993,2026-05-04,Completed
3714,462,2026-07-09,Cancelled
3715,810,2025-11-07,Cancelled
3716,134,2025-12-20,Completed
3717,440,2026-08-21,Cancelled
3718,279,2025-12-18,Completed
3719,465,2026-06-13,Completed
3720,998,2026-02-04,Completed
3721,630,2025-01-25,Completed
3722,319,2026-08-06,Completed
3723,974,2025-09-04,Completed
3724,153,2026-05-23,Completed
3725,444,2026-07-07,Completed
3726,673,2026-06-02,Completed
3727,563,2025-05-19,Completed
3728,870,2026-02-27,Completed
3729,551,2026-08-01,Completed
3730,894,2024-11-07,Completed
3731,464,2026-01-04,Completed
3732,784,2026-02-11,Returned
3733,461,2025-09-09,Completed
3734,929,2026-01-27,Completed
3735,109,2026-07-30,Completed
3736,609,2025-05-09,Completed
3737,632,2024-12-31,Cancelled
3738,656,2025-07-28,Pending
3739,440,2026-08-07,Completed
3740,571,2024-11-07,Completed
3741,181,2025-01-28,Returned
3742,375,2024-10-12,Completed
3743,430,2024-10-28,Completed
3744,186,2025-10-27,Completed
3745,238,2025-09-07,Completed
3746,871,2026-06-03,Completed
3747,204,2026-08-22,Completed
3748,664,2025-03-23,Completed
3749,928,2026-03-17,Completed
3750,121,2025-12-03,Completed
3751,258,2026-05-01,Completed
3752,966,2025-07-09,Completed
3753,20,2025-02-04,Completed
3754,488,2026-04-22,Completed
3755,785,2025-03-15,Cancelled
3756,20,2026-07-13,Completed
3757,472,2025-09-27,Pending
3758,652,2026-04-13,Completed
3759,776,2025-05-25,Pending
3760,519,2025-08-27,Completed
3761,675,2026-08-22,Completed
3762,341,2024-07-14,Completed
3763,693,2025-02-22,Completed
3764,459,2025-10-29,Completed
3765,532,2026-05-30,Completed
3766,497,2026-03-01,Completed
3767,667,2026-04-07,Completed
3768,144,2024-10-31,Completed
3769,538,2026-01-07,Completed
3770,937,2025-09-24,Completed
3771,572,2026-06-18,Completed
3772,508,2026-07-08,Completed
3773,239,2025-09-18,Cancelled
3774,982,2026-06-17,Completed
3775,613,2025-07-11,Completed
3776,397,2025-12-24,Completed
3777,459,2025-09-29,Completed
3778,546,2025-03-20,Completed
3779,353,2025-12-10,Cancelled
3780,100,2024-11-24,Completed
3781,66,2024-10-16,Completed
3782,978,2025-11-26,Completed
3783,77,2026-08-14,Cancelled
3784,916,2026-05-09,Completed
3785,247,2025-01-16,Completed
3786,136,2026-01-28,Returned
3787,961,2025-05-26,Completed
3788,103,2025-11-30,Completed
3789,301,2025-09-21,Completed
3790,425,2026-04-28,Completed
3791,493,2026-01-19,Completed
3792,29,2026-07-15,Completed
3793,370,2025-09-10,Completed
3794,231,2026-03-25,Completed
3795,101,2026-07-02,Completed
3796,98,2026-01-12,Returned
3797,762,2024-05-18,Pending
3798,468,2025-11-30,Completed
3799,288,2025-04-17,Completed
3800,11,2024-07-08,Cancelled
3801,292,2025-07-23,Completed
3802,66,2026-08-01,Completed
3803,482,2025-07-28,Returned
3804,977,2026-06-18,Completed
3805,453,2025-12-18,Completed
3806,804,2025-09-08,Completed
3807,261,2025-01-11,Completed
3808,379,2026-01-17,Completed
3809,360,2026-05-17,Completed
3810,774,2026-05-04,Completed
3811,668,2026-02-02,Returned
3812,475,2026-02-01,Completed
3813,814,2026-02-17,Completed
3814,123,2024-09-14,Completed
3815,12,2025-10-01,Completed
3816,871,2025-06-19,Completed
3817,653,2026-04-29,Completed
3818,36,2026-08-06,Completed
3819,818,2026-02-24,Completed
3820,623,2025-02-03,Completed
3821,971,2025-12-04,Completed
3822,335,2025-03-01,Completed
3823,915,2026-04-23,Completed
3824,35,2025-09-23,Completed
3825,164,2026-04-04,Completed
3826,256,2026-06-18,Completed
3827,353,2026-06-08,Completed
3828,210,2025-03-16,Completed
3829,463,2026-01-01,Completed
3830,415,2026-01-05,Completed
3831,562,2024-12-23,Completed
3832,912,2026-05-22,Completed
3833,826,2026-06-14,Completed
3834,950,2026-07-19,Completed
3835,707,2025-10-11,Completed
3836,313,2025-03-10,Completed
3837,412,2026-05-08,Completed
3838,899,2025-03-31,Cancelled
3839,675,2026-07-20,Completed
3840,65,2025-07-29,Completed
3841,414,2024-08-07,Completed
3842,255,2026-01-08,Completed
3843,625,2026-04-06,Completed
3844,281,2025-12-22,Completed
3845,970,2026-03-07,Completed
3846,54,2026-04-11,Completed
3847,504,2024-12-25,Returned
3848,39,2025-11-20,Completed
3849,492,2025-01-27,Completed
3850,626,2026-02-20,Completed
3851,299,2024-05-21,Completed
3852,760,2025-09-22,Completed
3853,227,2025-11-27,Completed
3854,451,2025-12-18,Completed
3855,276,2026-02-28,Completed
3856,124,2026-07-14,Completed
3857,986,2025-08-29,Completed
3858,641,2025-08-28,Completed
3859,327,2024-10-11,Completed
3860,241,2024-07-25,Completed
3861,603,2024-10-30,Completed
3862,374,2025-01-26,Completed
3863,804,2025-06-11,Completed
3864,798,2025-07-16,Completed
3865,22,2026-05-05,Completed
3866,219,2025-10-20,Completed
3867,794,2025-05-24,Completed
3868,387,2024-11-03,Completed
3869,296,2024-05-05,Completed
3870,540,2025-12-17,Completed
3871,930,2026-02-09,Cancelled
3872,811,2025-06-25,Completed
3873,397,2026-07-11,Pending
3874,112,2024-09-06,Completed
3875,824,2025-09-15,Completed
3876,224,2026-03-14,Completed
3877,945,2025-07-25,Completed
3878,242,2026-04-16,Completed
3879,238,2026-03-07,Cancelled
3880,704,2026-03-24,Completed
3881,352,2025-11-24,Completed
3882,326,2025-04-22,Cancelled
3883,560,2025-07-14,Returned
3884,693,2024-06-11,Completed
3885,196,2026-02-05,Completed
3886,858,2026-05-23,Completed
3887,186,2025-11-19,Completed
3888,11,2024-09-03,Completed
3889,829,2026-01-17,Completed
3890,112,2026-05-14,Completed
3891,919,2025-12-05,Cancelled
3892,880,2025-06-01,Completed
3893,950,2025-07-09,Completed
3894,914,2024-12-20,Cancelled
3895,460,2026-06-17,Completed
3896,927,2025-11-07,Completed
3897,55,2026-06-20,Completed
3898,652,2026-05-21,Cancelled
3899,379,2026-08-27,Cancelled
3900,466,2026-02-04,Completed
3901,218,2026-01-30,Cancelled
3902,711,2026-03-30,Completed
3903,757,2025-08-03,Completed
3904,777,2025-12-06,Completed
3905,678,2026-06-20,Completed
3906,122,2026-05-24,Completed
3907,599,2024-06-23,Completed
3908,16,2026-01-09,Completed
3909,650,2026-03-29,Cancelled
3910,724,2025-12-06,Cancelled
3911,609,2025-08-17,Completed
3912,805,2026-04-20,Cancelled
3913,185,2026-04-28,Cancelled
3914,834,2025-01-25,Completed
3915,686,2025-09-23,Completed
3916,55,2026-08-29,Cancelled
3917,813,2025-03-28,Cancelled
3918,629,2026-02-09,Completed
3919,83,2026-06-24,Completed
3920,776,2024-11-18,Completed
3921,654,2026-05-19,Returned
3922,376,2025-01-04,Returned
3923,12,2025-01-27,Completed
3924,72,2025-10-21,Cancelled
3925,408,2026-06-03,Completed
3926,40,2025-03-24,Completed
3927,62,2025-11-19,Completed
3928,636,2026-07-28,Completed
3929,753,2025-01-02,Completed
3930,775,2025-12-01,Completed
3931,644,2025-12-05,Cancelled
3932,542,2025-06-26,Completed
3933,271,2026-03-03,Completed
3934,403,2026-06-05,Completed
3935,350,2025-12-02,Completed
3936,92,2026-04-28,Completed
3937,567,2026-06-10,Returned
3938,110,2026-02-06,Completed
3939,408,2025-12-09,Completed
3940,579,2026-03-15,Cancelled
3941,118,2024-06-18,Completed
3942,281,2025-12-19,Returned
3943,652,2026-04-30,Completed
3944,735,2026-07-14,Completed
3945,35,2025-05-13,Completed
3946,904,2025-12-31,Completed
3947,660,2026-08-07,Completed
3948,345,2026-05-25,Completed
3949,236,2026-01-26,Completed
3950,190,2026-05-06,Completed
3951,55,2026-02-26,Completed
3952,954,2025-01-07,Completed
3953,454,2026-02-01,Completed
3954,721,2025-10-19,Completed
3955,22,2025-10-26,Completed
3956,619,2026-08-17,Completed
3957,387,2025-02-03,Completed
3958,687,2026-07-15,Completed
3959,871,2024-11-17,Completed
3960,107,2025-10-20,Completed
3961,729,2026-06-16,Pending
3962,267,2025-10-04,Completed
3963,548,2025-08-28,Completed
3964,184,2025-06-06,Completed
3965,294,2026-04-17,Completed
3966,418,2024-06-06,Completed
3967,670,2025-08-07,Completed
3968,574,2025-12-18,Completed
3969,937,2026-01-22,Completed
3970,278,2026-05-23,Completed
3971,268,2024-10-31,Completed
3972,842,2026-03-23,Completed
3973,14,2026-05-12,Completed
3974,716,2026-02-07,Completed
3975,805,2026-07-28,Completed
3976,880,2025-11-09,Completed
3977,357,2025-03-05,Returned
3978,752,2025-07-04,Completed
3979,341,2025-09-21,Completed
3980,631,2025-10-08,Completed
3981,963,2025-07-07,Completed
3982,909,2026-01-06,Completed
3983,213,2025-01-09,Completed
3984,67,2025-05-04,Completed
3985,337,2025-01-26,Cancelled
3986,642,2025-07-31,Completed
3987,431,2024-08-11,Completed
3988,468,2025-01-04,Completed
3989,353,2026-04-14,Cancelled
3990,800,2024-11-04,Completed
3991,695,2025-05-30,Completed
3992,800,2025-06-11,Completed
3993,396,2024-10-14,Returned
3994,451,2025-07-08,Completed
3995,734,2025-12-17,Pending
3996,840,2025-03-07,Cancelled
3997,800,2025-10-31,Completed
3998,369,2026-05-04,Completed
3999,274,2026-03-16,Completed
4000,53,2024-05-31,Completed
4001,140,2026-03-09,Completed
4002,683,2026-06-02,Completed
4003,536,2026-02-01,Completed
4004,671,2025-12-31,Completed
4005,79,2026-07-30,Completed
4006,964,2026-01-06,Completed
4007,229,2026-03-28,Completed
4008,84,2025-10-19,Completed
4009,393,2025-07-09,Returned
4010,167,2025-02-16,Cancelled
4011,380,2025-05-26,Completed
4012,579,2024-12-23,Completed
4013,176,2025-11-07,Completed
4014,296,2025-01-05,Completed
4015,612,2024-07-04,Completed
4016,538,2026-01-10,Completed
4017,3,2025-11-27,Completed
4018,832,2024-12-20,Completed
4019,695,2026-04-03,Returned
4020,946,2026-03-16,Completed
4021,649,2026-08-08,Completed
4022,37,2025-04-28,Cancelled
4023,5,2025-12-11,Completed
4024,519,2026-07-08,Completed
4025,246,2026-08-23,Completed
4026,628,2025-10-23,Completed
4027,729,2025-04-14,Pending
4028,645,2025-02-07,Completed
4029,342,2026-03-09,Completed
4030,168,2025-01-27,Completed
4031,707,2025-09-26,Completed
4032,757,2025-07-23,Completed
4033,1000,2025-08-02,Completed
4034,568,2025-12-26,Completed
4035,953,2025-11-18,Completed
4036,23,2024-08-07,Completed
4037,133,2025-08-22,Completed
4038,63,2026-06-07,Completed
4039,421,2026-03-13,Completed
4040,385,2025-05-22,Cancelled
4041,41,2025-11-29,Completed
4042,972,2025-09-11,Cancelled
4043,192,2026-04-15,Completed
4044,708,2025-04-21,Completed
4045,191,2024-10-12,Cancelled
4046,740,2025-09-09,Completed
4047,790,2026-06-10,Cancelled
4048,347,2025-07-23,Completed
4049,590,2026-07-20,Completed
4050,946,2025-10-08,Pending
4051,749,2026-08-23,Completed
4052,585,2025-10-28,Completed
4053,15,2024-10-28,Completed
4054,173,2025-07-12,Completed
4055,586,2025-06-29,Completed
4056,839,2025-04-22,Completed
4057,364,2026-07-02,Completed
4058,973,2025-11-15,Completed
4059,441,2026-05-23,Completed
4060,890,2025-03-28,Completed
4061,814,2026-01-30,Completed
4062,667,2026-08-18,Completed
4063,601,2026-01-14,Completed
4064,478,2026-07-09,Completed
4065,381,2026-04-01,Completed
4066,599,2024-03-18,Pending
4067,750,2025-10-31,Cancelled
4068,58,2025-04-03,Completed
4069,702,2025-04-30,Completed
4070,397,2026-04-08,Completed
4071,413,2024-03-26,Completed
4072,486,2025-10-26,Completed
4073,108,2025-02-17,Completed
4074,886,2026-02-03,Pending
4075,663,2026-02-09,Returned
4076,970,2024-11-23,Completed
4077,205,2026-01-04,Cancelled
4078,329,2026-06-21,Completed
4079,326,2025-09-12,Completed
4080,169,2026-06-22,Completed
4081,529,2026-05-28,Completed
4082,306,2025-09-11,Pending
4083,641,2026-04-28,Pending
4084,152,2025-06-05,Completed
4085,523,2025-06-27,Completed
4086,86,2026-05-16,Completed
4087,576,2025-03-06,Completed
4088,696,2025-10-08,Completed
4089,761,2026-01-24,Completed
4090,401,2025-10-06,Completed
4091,562,2025-01-16,Completed
4092,951,2024-12-14,Completed
4093,865,2024-10-13,Completed
4094,760,2025-07-21,Completed
4095,138,2026-07-05,Cancelled
4096,993,2026-05-11,Returned
4097,658,2026-08-24,Completed
4098,915,2026-02-13,Completed
4099,37,2024-12-24,Cancelled
4100,569,2026-03-21,Completed
4101,678,2026-08-23,Completed
4102,559,2024-09-30,Completed
4103,119,2024-07-25,Completed
4104,833,2026-04-23,Completed
4105,722,2026-03-17,Completed
4106,320,2025-01-24,Cancelled
4107,735,2025-05-23,Completed
4108,442,2024-09-02,Completed
4109,872,2025-09-05,Completed
4110,685,2026-06-19,Completed
4111,570,2025-08-20,Completed
4112,636,2025-04-02,Completed
4113,185,2026-04-12,Completed
4114,551,2026-02-06,Completed
4115,115,2026-03-22,Completed
4116,91,2025-01-21,Completed
4117,370,2026-05-28,Completed
4118,740,2026-01-21,Completed
4119,540,2026-07-30,Cancelled
4120,141,2026-03-17,Completed
4121,491,2024-06-18,Completed
4122,529,2026-02-19,Cancelled
4123,953,2025-09-25,Completed
4124,356,2026-02-24,Completed
4125,149,2026-01-01,Completed
4126,454,2025-10-14,Completed
4127,402,2026-08-01,Completed
4128,87,2026-01-16,Completed
4129,631,2025-09-30,Completed
4130,669,2025-07-20,Completed
4131,208,2025-10-10,Completed
4132,505,2026-06-20,Completed
4133,920,2026-05-14,Completed
4134,849,2024-05-20,Completed
4135,337,2025-01-23,Completed
4136,463,2026-02-10,Completed
4137,839,2025-12-09,Completed
4138,350,2026-03-03,Completed
4139,243,2026-06-13,Completed
4140,264,2026-02-07,Completed
4141,64,2025-08-27,Pending
4142,668,2026-01-21,Completed
4143,319,2025-05-20,Cancelled
4144,309,2026-08-06,Completed
4145,170,2025-12-27,Completed
4146,860,2026-05-25,Completed
4147,928,2026-01-10,Completed
4148,435,2025-09-19,Completed
4149,320,2025-08-15,Completed
4150,44,2026-06-24,Completed
4151,197,2026-01-11,Returned
4152,777,2025-07-17,Completed
4153,972,2025-07-10,Completed
4154,669,2026-01-26,Returned
4155,321,2025-11-19,Completed
4156,876,2025-12-18,Returned
4157,103,2025-11-07,Completed
4158,44,2026-02-28,Completed
4159,338,2025-05-07,Completed
4160,430,2025-11-09,Pending
4161,881,2025-11-06,Completed
4162,151,2026-06-02,Completed
4163,980,2025-07-21,Completed
4164,138,2026-07-24,Completed
4165,108,2025-03-24,Cancelled
4166,526,2024-06-21,Returned
4167,886,2025-09-08,Completed
4168,940,2025-09-14,Completed
4169,589,2025-10-09,Completed
4170,863,2025-12-01,Completed
4171,502,2025-12-22,Completed
4172,26,2026-05-15,Returned
4173,775,2025-02-15,Completed
4174,373,2026-02-25,Completed
4175,368,2024-11-17,Completed
4176,283,2026-08-01,Cancelled
4177,864,2025-03-14,Cancelled
4178,241,2025-08-24,Completed
4179,452,2025-11-01,Completed
4180,148,2026-05-12,Completed
4181,197,2026-06-26,Completed
4182,709,2024-05-03,Completed
4183,59,2026-04-18,Completed
4184,507,2024-09-21,Completed
4185,519,2025-06-06,Completed
4186,442,2024-08-06,Completed
4187,65,2024-08-05,Completed
4188,113,2025-11-17,Completed
4189,954,2026-05-11,Completed
4190,732,2026-03-06,Completed
4191,79,2025-10-20,Completed
4192,346,2026-03-02,Completed
4193,315,2026-01-14,Completed
4194,679,2026-05-25,Completed
4195,538,2026-01-07,Completed
4196,27,2026-08-13,Completed
4197,759,2026-02-27,Cancelled
4198,566,2025-07-23,Completed
4199,496,2025-11-29,Completed
4200,24,2025-01-10,Completed
4201,529,2025-04-03,Returned
4202,63,2025-09-03,Completed
4203,116,2025-10-29,Completed
4204,344,2026-05-04,Cancelled
4205,55,2026-04-25,Completed
4206,80,2025-12-12,Completed
4207,633,2026-04-10,Completed
4208,512,2025-02-05,Completed
4209,146,2025-04-11,Returned
4210,238,2025-09-07,Completed
4211,695,2025-10-15,Cancelled
4212,246,2025-05-20,Cancelled
4213,891,2024-08-08,Completed
4214,71,2026-02-16,Completed
4215,648,2026-02-13,Completed
4216,793,2026-02-27,Completed
4217,400,2025-11-12,Returned
4218,70,2025-10-22,Completed
4219,718,2026-02-14,Completed
4220,426,2026-05-20,Completed
4221,653,2025-09-13,Completed
4222,647,2026-05-07,Completed
4223,107,2025-09-01,Completed
4224,265,2025-10-30,Completed
4225,650,2026-06-11,Completed
4226,449,2026-02-22,Completed
4227,75,2025-04-15,Completed
4228,430,2024-03-20,Completed
4229,738,2026-02-16,Completed
4230,407,2026-03-07,Cancelled
4231,280,2026-04-08,Completed
4232,820,2024-08-26,Completed
4233,305,2025-01-23,Cancelled
4234,605,2026-04-08,Completed
4235,34,2026-08-10,Pending
4236,575,2026-02-23,Completed
4237,85,2026-02-19,Completed
4238,704,2026-08-24,Completed
4239,506,2025-06-23,Completed
4240,286,2026-05-12,Completed
4241,479,2025-10-10,Completed
4242,75,2025-05-09,Completed
4243,171,2025-12-20,Completed
4244,407,2025-11-04,Completed
4245,883,2026-01-07,Completed
4246,183,2026-07-17,Returned
4247,782,2025-11-10,Completed
4248,810,2026-06-24,Returned
4249,444,2025-11-21,Completed
4250,484,2026-06-13,Completed
4251,425,2026-08-01,Completed
4252,428,2026-03-11,Completed
4253,374,2024-02-01,Completed
4254,821,2025-04-25,Completed
4255,844,2025-11-02,Completed
4256,896,2026-05-29,Completed
4257,696,2026-03-27,Completed
4258,646,2026-02-02,Cancelled
4259,270,2025-05-17,Completed
4260,338,2024-11-05,Completed
4261,190,2025-10-13,Completed
4262,581,2025-05-20,Completed
4263,835,2025-10-25,Completed
4264,848,2026-06-07,Completed
4265,68,2026-01-24,Completed
4266,159,2025-07-06,Completed
4267,997,2026-05-13,Completed
4268,904,2026-03-10,Completed
4269,63,2025-07-30,Completed
4270,202,2026-03-02,Returned
4271,481,2026-06-11,Completed
4272,997,2025-07-02,Completed
4273,209,2024-12-06,Completed
4274,554,2025-10-22,Completed
4275,322,2024-08-29,Completed
4276,68,2026-02-10,Completed
4277,236,2025-03-15,Completed
4278,310,2025-06-02,Completed
4279,792,2025-05-02,Completed
4280,762,2024-10-29,Completed
4281,103,2025-11-27,Completed
4282,280,2025-01-24,Completed
4283,481,2024-07-09,Completed
4284,809,2025-09-09,Completed
4285,145,2024-08-27,Completed
4286,504,2025-08-08,Completed
4287,253,2024-12-26,Completed
4288,555,2025-10-23,Completed
4289,265,2025-12-09,Completed
4290,419,2025-03-09,Completed
4291,498,2025-11-29,Completed
4292,420,2025-10-10,Completed
4293,432,2026-05-17,Completed
4294,200,2026-04-20,Cancelled
4295,622,2024-11-19,Completed
4296,334,2026-01-27,Completed
4297,935,2026-01-31,Completed
4298,259,2026-01-13,Completed
4299,151,2025-07-25,Cancelled
4300,951,2026-05-05,Completed
4301,329,2024-08-27,Completed
4302,785,2026-04-17,Returned
4303,174,2025-04-04,Completed
4304,143,2024-07-02,Completed
4305,66,2026-05-10,Completed
4306,330,2025-08-05,Completed
4307,492,2026-06-04,Completed
4308,844,2025-12-07,Completed
4309,811,2025-01-28,Completed
4310,824,2025-09-17,Completed
4311,209,2025-06-09,Completed
4312,561,2026-08-29,Completed
4313,821,2026-02-22,Completed
4314,558,2026-08-18,Cancelled
4315,592,2026-08-21,Completed
4316,461,2026-06-07,Cancelled
4317,621,2025-08-09,Completed
4318,59,2024-11-03,Completed
4319,638,2026-07-19,Completed
4320,232,2025-06-14,Completed
4321,709,2025-01-02,Completed
4322,28,2024-08-04,Completed
4323,311,2026-01-22,Completed
4324,15,2025-05-04,Completed
4325,138,2025-10-26,Completed
4326,109,2025-12-06,Completed
4327,906,2024-12-30,Completed
4328,213,2025-01-14,Completed
4329,121,2026-07-18,Completed
4330,655,2026-06-16,Returned
4331,896,2026-05-14,Completed
4332,985,2026-03-06,Cancelled
4333,694,2026-06-07,Completed
4334,964,2025-10-25,Completed
4335,3,2026-02-01,Cancelled
4336,226,2025-10-01,Completed
4337,782,2026-04-22,Completed
4338,113,2025-12-25,Completed
4339,920,2026-01-15,Completed
4340,687,2026-01-07,Completed
4341,513,2026-07-21,Completed
4342,967,2025-09-17,Cancelled
4343,586,2025-03-27,Completed
4344,256,2025-02-21,Completed
4345,323,2024-12-15,Completed
4346,29,2026-04-13,Completed
4347,18,2026-08-04,Cancelled
4348,329,2025-03-14,Completed
4349,588,2025-06-08,Completed
4350,116,2025-10-30,Completed
4351,389,2026-06-25,Completed
4352,598,2026-05-03,Pending
4353,613,2025-06-09,Completed
4354,435,2025-08-04,Completed
4355,946,2026-05-15,Completed
4356,902,2025-01-11,Completed
4357,116,2025-06-26,Completed
4358,816,2026-07-29,Completed
4359,84,2026-06-20,Cancelled
4360,502,2025-08-01,Completed
4361,186,2026-07-19,Completed
4362,426,2026-01-17,Completed
4363,169,2025-02-04,Completed
4364,873,2025-07-01,Completed
4365,725,2026-08-26,Completed
4366,779,2024-09-11,Completed
4367,414,2025-01-20,Completed
4368,860,2026-05-12,Completed
4369,45,2025-07-04,Completed
4370,521,2025-11-21,Cancelled
4371,478,2025-01-31,Completed
4372,129,2026-08-06,Completed
4373,309,2025-05-12,Completed
4374,721,2026-01-16,Completed
4375,79,2026-01-17,Cancelled
4376,267,2026-04-21,Completed
4377,258,2026-07-10,Completed
4378,295,2025-10-26,Completed
4379,936,2025-07-01,Completed
4380,961,2026-05-05,Completed
4381,365,2026-07-20,Cancelled
4382,901,2026-01-21,Completed
4383,575,2025-03-05,Completed
4384,206,2026-04-28,Cancelled
4385,788,2025-10-16,Completed
4386,299,2024-08-04,Completed
4387,231,2025-07-30,Completed
4388,314,2025-10-03,Completed
4389,86,2024-10-31,Completed
4390,181,2024-05-20,Completed
4391,93,2026-04-01,Completed
4392,304,2026-01-04,Completed
4393,95,2025-11-28,Returned
4394,483,2025-12-30,Completed
4395,949,2025-05-14,Completed
4396,199,2026-07-30,Completed
4397,978,2025-12-24,Completed
4398,164,2026-07-07,Returned
4399,386,2025-01-27,Completed
4400,854,2024-11-07,Completed
4401,76,2026-02-09,Completed
4402,612,2026-05-07,Completed
4403,279,2026-04-14,Completed
4404,390,2026-03-22,Completed
4405,356,2025-10-19,Completed
4406,347,2026-08-02,Completed
4407,383,2026-07-26,Completed
4408,817,2026-06-25,Completed
4409,949,2025-05-19,Completed
4410,987,2025-12-24,Completed
4411,73,2026-07-21,Completed
4412,899,2024-08-12,Completed
4413,464,2025-11-16,Completed
4414,701,2026-06-04,Completed
4415,674,2024-11-03,Completed
4416,853,2025-08-24,Cancelled
4417,854,2025-07-26,Completed
4418,503,2026-01-02,Completed
4419,653,2026-07-06,Cancelled
4420,391,2024-10-27,Completed
4421,7,2026-08-05,Completed
4422,895,2026-07-27,Completed
4423,945,2026-07-03,Completed
4424,744,2026-05-05,Completed
4425,84,2025-11-23,Completed
4426,264,2025-12-05,Cancelled
4427,21,2026-02-19,Completed
4428,946,2026-07-13,Completed
4429,854,2026-07-10,Completed
4430,633,2026-02-16,Completed
4431,989,2025-01-30,Completed
4432,516,2026-06-30,Completed
4433,3,2025-11-14,Completed
4434,241,2024-07-03,Completed
4435,934,2025-07-27,Completed
4436,33,2026-08-10,Cancelled
4437,865,2026-02-20,Completed
4438,425,2026-04-08,Pending
4439,473,2025-02-21,Completed
4440,150,2026-01-23,Completed
4441,644,2025-08-31,Completed
4442,240,2025-02-12,Completed
4443,741,2025-11-02,Completed
4444,997,2025-11-11,Pending
4445,655,2026-07-01,Completed
4446,995,2024-02-29,Completed
4447,217,2025-01-27,Completed
4448,40,2025-10-11,Completed
4449,40,2025-12-31,Cancelled
4450,227,2025-06-12,Completed
4451,644,2025-07-18,Completed
4452,755,2026-01-28,Completed
4453,765,2024-07-01,Completed
4454,273,2026-08-20,Returned
4455,814,2026-06-10,Completed
4456,510,2026-01-10,Completed
4457,546,2025-02-14,Completed
4458,668,2025-02-03,Completed
4459,746,2026-05-26,Cancelled
4460,113,2026-05-22,Completed
4461,956,2025-10-30,Returned
4462,756,2025-03-19,Cancelled
4463,109,2026-02-07,Completed
4464,98,2025-04-22,Completed
4465,853,2026-03-03,Completed
4466,594,2026-01-11,Completed
4467,936,2025-11-22,Completed
4468,626,2026-05-26,Completed
4469,1,2025-11-15,Completed
4470,683,2026-07-16,Completed
4471,810,2026-01-01,Completed
4472,531,2025-03-01,Completed
4473,391,2026-05-29,Completed
4474,769,2026-03-05,Completed
4475,149,2026-05-06,Completed
4476,698,2025-02-17,Returned
4477,481,2025-02-11,Completed
4478,206,2026-06-18,Completed
4479,475,2026-06-17,Completed
4480,959,2026-05-24,Completed
4481,382,2026-03-13,Pending
4482,66,2024-08-31,Completed
4483,533,2024-10-23,Completed
4484,566,2026-07-14,Completed
4485,397,2026-06-02,Completed
4486,84,2026-04-16,Completed
4487,424,2025-10-30,Completed
4488,432,2025-10-26,Completed
4489,768,2024-07-03,Completed
4490,523,2025-05-30,Cancelled
4491,923,2025-11-08,Completed
4492,693,2025-08-02,Completed
4493,329,2025-08-31,Completed
4494,258,2026-02-06,Completed
4495,291,2025-10-22,Completed
4496,726,2025-02-24,Completed
4497,109,2026-01-14,Cancelled
4498,349,2025-07-30,Completed
4499,809,2024-12-14,Completed
4500,435,2026-04-11,Completed
4501,432,2026-01-10,Cancelled
4502,888,2025-12-01,Cancelled
4503,868,2024-09-28,Completed
4504,224,2026-06-26,Cancelled
4505,203,2026-02-15,Completed
4506,407,2026-03-14,Completed
4507,875,2025-08-22,Completed
4508,69,2026-07-29,Cancelled
4509,654,2026-04-19,Completed
4510,533,2026-06-02,Completed
4511,900,2025-01-16,Cancelled
4512,826,2025-01-26,Completed
4513,255,2026-06-25,Cancelled
4514,774,2026-08-22,Completed
4515,556,2026-04-18,Completed
4516,156,2025-03-11,Cancelled
4517,739,2024-10-29,Returned
4518,701,2025-12-18,Completed
4519,49,2026-05-16,Completed
4520,734,2024-09-23,Completed
4521,307,2026-06-01,Completed
4522,778,2025-12-22,Completed
4523,507,2025-01-04,Completed
4524,701,2026-05-02,Completed
4525,679,2026-07-31,Completed
4526,176,2026-07-16,Completed
4527,524,2025-02-22,Completed
4528,389,2026-02-19,Completed
4529,454,2025-10-11,Returned
4530,802,2026-03-12,Completed
4531,714,2025-03-03,Completed
4532,388,2026-04-30,Pending
4533,336,2025-09-27,Completed
4534,133,2024-10-21,Completed
4535,586,2025-11-24,Pending
4536,433,2025-11-01,Completed
4537,985,2025-09-09,Completed
4538,671,2025-12-01,Completed
4539,839,2026-02-22,Completed
4540,216,2026-04-28,Cancelled
4541,492,2025-12-23,Returned
4542,965,2026-02-26,Completed
4543,419,2026-03-31,Completed
4544,451,2026-06-05,Completed
4545,368,2026-02-02,Completed
4546,288,2024-04-15,Completed
4547,156,2025-08-28,Returned
4548,145,2026-02-19,Completed
4549,677,2026-07-29,Completed
4550,521,2026-01-24,Completed
4551,661,2026-07-16,Cancelled
4552,354,2026-08-04,Completed
4553,103,2026-08-18,Completed
4554,892,2025-06-18,Completed
4555,973,2025-11-07,Completed
4556,877,2026-08-04,Completed
4557,159,2025-01-28,Completed
4558,974,2025-09-18,Completed
4559,967,2025-12-16,Completed
4560,786,2024-10-22,Completed
4561,565,2025-10-10,Completed
4562,14,2026-07-24,Completed
4563,43,2026-02-24,Completed
4564,592,2026-06-01,Completed
4565,139,2026-07-05,Completed
4566,370,2025-10-31,Completed
4567,669,2026-01-07,Completed
4568,985,2025-08-12,Completed
4569,638,2025-11-11,Cancelled
4570,314,2026-07-12,Completed
4571,599,2025-11-01,Returned
4572,54,2026-05-10,Completed
4573,660,2026-01-16,Completed
4574,273,2024-11-19,Completed
4575,85,2026-05-13,Completed
4576,192,2025-10-25,Completed
4577,448,2026-03-06,Completed
4578,972,2026-08-19,Completed
4579,270,2025-11-13,Returned
4580,820,2025-02-08,Completed
4581,414,2026-02-10,Completed
4582,33,2025-11-12,Completed
4583,874,2025-08-19,Completed
4584,819,2025-07-28,Cancelled
4585,278,2026-04-22,Completed
4586,933,2026-01-14,Completed
4587,436,2026-02-02,Completed
4588,855,2025-08-27,Completed
4589,414,2025-03-05,Completed
4590,89,2026-01-17,Completed
4591,969,2025-10-28,Cancelled
4592,468,2026-07-28,Completed
4593,355,2026-03-10,Completed
4594,315,2026-04-08,Completed
4595,604,2026-04-14,Completed
4596,269,2025-09-11,Completed
4597,342,2026-01-17,Completed
4598,319,2026-02-28,Completed
4599,913,2026-03-11,Completed
4600,864,2024-10-08,Completed
4601,360,2026-07-13,Completed
4602,274,2025-08-08,Completed
4603,114,2026-06-17,Completed
4604,320,2025-12-14,Completed
4605,393,2026-03-14,Completed
4606,848,2026-07-16,Completed
4607,467,2025-03-18,Completed
4608,691,2025-04-26,Completed
4609,212,2026-06-23,Completed
4610,476,2025-09-21,Completed
4611,985,2026-05-20,Completed
4612,304,2026-02-05,Completed
4613,265,2026-02-05,Completed
4614,997,2025-09-06,Completed
4615,194,2026-06-09,Completed
4616,898,2025-08-20,Completed
4617,330,2025-09-25,Completed
4618,503,2026-02-21,Completed
4619,365,2025-08-10,Completed
4620,296,2025-08-15,Completed
4621,155,2025-07-01,Cancelled
4622,178,2024-07-07,Completed
4623,105,2026-03-23,Completed
4624,167,2025-06-11,Cancelled
4625,881,2025-10-05,Completed
4626,1000,2025-07-05,Cancelled
4627,345,2025-04-29,Completed
4628,557,2026-06-13,Completed
4629,780,2026-04-05,Completed
4630,195,2025-09-07,Completed
4631,36,2026-03-25,Completed
4632,448,2025-06-18,Completed
4633,440,2026-03-03,Completed
4634,13,2026-06-08,Completed
4635,280,2025-06-25,Completed
4636,94,2025-01-30,Completed
4637,36,2025-12-07,Completed
4638,936,2025-06-30,Completed
4639,701,2026-08-24,Completed
4640,679,2026-01-02,Cancelled
4641,588,2026-01-09,Completed
4642,193,2025-02-10,Completed
4643,435,2025-08-19,Completed
4644,699,2024-11-08,Completed
4645,299,2024-03-08,Completed
4646,721,2025-04-15,Completed
4647,311,2026-06-19,Completed
4648,868,2025-04-15,Completed
4649,725,2026-08-21,Completed
4650,813,2026-04-26,Completed
4651,803,2026-07-07,Completed
4652,620,2026-04-09,Completed
4653,691,2025-11-16,Completed
4654,77,2025-07-04,Completed
4655,245,2026-01-20,Completed
4656,920,2026-04-04,Completed
4657,332,2025-08-11,Completed
4658,974,2025-10-23,Completed
4659,625,2025-10-12,Returned
4660,19,2026-04-29,Cancelled
4661,253,2024-11-10,Completed
4662,903,2025-03-31,Completed
4663,524,2025-12-14,Completed
4664,611,2026-04-11,Completed
4665,7,2025-03-25,Completed
4666,160,2025-11-06,Completed
4667,982,2026-03-14,Completed
4668,129,2025-10-04,Cancelled
4669,701,2025-12-23,Cancelled
4670,675,2025-10-13,Completed
4671,914,2024-11-16,Completed
4672,176,2026-05-12,Completed
4673,316,2026-04-12,Completed
4674,558,2025-11-25,Completed
4675,728,2025-07-29,Completed
4676,72,2026-08-13,Cancelled
4677,541,2025-04-17,Cancelled
4678,754,2026-04-07,Returned
4679,481,2024-11-23,Completed
4680,711,2025-03-14,Completed
4681,249,2026-02-02,Completed
4682,981,2025-10-17,Completed
4683,252,2026-04-14,Completed
4684,816,2026-04-21,Completed
4685,693,2026-04-15,Returned
4686,864,2025-12-03,Completed
4687,244,2026-06-04,Completed
4688,718,2026-07-24,Completed
4689,586,2026-01-23,Completed
4690,724,2026-06-02,Completed
4691,829,2025-11-28,Completed
4692,968,2026-08-30,Completed
4693,922,2026-04-14,Completed
4694,126,2026-05-21,Completed
4695,323,2026-05-01,Completed
4696,421,2026-08-22,Completed
4697,860,2025-12-20,Completed
4698,293,2025-09-23,Completed
4699,523,2025-02-25,Completed
4700,508,2026-06-20,Completed
4701,525,2026-03-24,Returned
4702,315,2026-05-05,Completed
4703,221,2024-11-20,Completed
4704,281,2026-06-12,Completed
4705,779,2024-04-19,Cancelled
4706,634,2025-04-22,Completed
4707,27,2026-04-03,Completed
4708,816,2025-05-02,Cancelled
4709,232,2025-08-15,Completed
4710,810,2026-02-13,Completed
4711,975,2024-10-17,Completed
4712,716,2026-04-21,Completed
4713,493,2025-09-19,Completed
4714,104,2026-08-16,Completed
4715,108,2025-08-28,Completed
4716,584,2025-03-23,Completed
4717,354,2026-07-21,Completed
4718,68,2025-07-28,Completed
4719,607,2026-07-31,Cancelled
4720,8,2024-11-28,Completed
4721,152,2025-08-27,Completed
4722,278,2026-04-04,Completed
4723,787,2025-08-18,Completed
4724,423,2025-12-16,Completed
4725,706,2026-04-22,Completed
4726,707,2025-11-03,Completed
4727,346,2026-02-15,Completed
4728,909,2026-05-28,Completed
4729,897,2025-04-24,Completed
4730,959,2026-04-16,Completed
4731,938,2025-03-13,Completed
4732,318,2026-03-05,Completed
4733,982,2026-06-23,Completed
4734,801,2025-12-04,Completed
4735,407,2026-05-05,Completed
4736,495,2026-02-23,Completed
4737,540,2025-05-17,Completed
4738,872,2025-08-05,Completed
4739,509,2026-01-08,Completed
4740,578,2025-03-24,Completed
4741,5,2026-07-06,Pending
4742,913,2025-09-20,Cancelled
4743,518,2025-01-26,Completed
4744,488,2026-03-06,Cancelled
4745,284,2025-07-18,Completed
4746,409,2025-02-27,Completed
4747,292,2025-10-05,Cancelled
4748,510,2026-04-16,Cancelled
4749,681,2026-08-27,Pending
4750,879,2025-02-09,Completed
4751,639,2024-07-09,Completed
4752,581,2024-10-21,Completed
4753,270,2025-11-21,Returned
4754,942,2025-08-27,Completed
4755,220,2026-08-29,Completed
4756,616,2025-08-30,Completed
4757,154,2026-08-08,Completed
4758,426,2026-03-27,Completed
4759,142,2026-07-05,Cancelled
4760,266,2026-08-28,Completed
4761,588,2025-09-11,Completed
4762,738,2025-04-24,Completed
4763,470,2025-11-14,Completed
4764,147,2025-05-01,Completed
4765,661,2026-03-23,Completed
4766,333,2026-04-22,Pending
4767,769,2025-02-27,Completed
4768,522,2026-08-01,Completed
4769,80,2025-12-11,Completed
4770,733,2026-04-09,Returned
4771,617,2026-03-21,Completed
4772,365,2026-01-16,Cancelled
4773,274,2025-08-28,Completed
4774,260,2026-06-10,Completed
4775,120,2026-07-28,Completed
4776,542,2025-06-30,Completed
4777,516,2026-07-17,Completed
4778,503,2026-06-17,Completed
4779,241,2025-09-30,Completed
4780,1000,2026-04-26,Cancelled
4781,679,2026-06-01,Completed
4782,194,2026-07-10,Completed
4783,904,2026-06-08,Completed
4784,131,2024-05-15,Completed
4785,785,2024-02-21,Completed
4786,870,2025-12-29,Completed
4787,885,2026-04-23,Completed
4788,60,2026-03-15,Completed
4789,245,2025-08-19,Completed
4790,956,2026-08-14,Completed
4791,442,2025-03-20,Completed
4792,18,2025-11-19,Cancelled
4793,779,2025-06-26,Completed
4794,333,2026-08-29,Completed
4795,338,2024-08-12,Completed
4796,716,2025-10-29,Completed
4797,641,2025-10-18,Returned
4798,994,2026-07-19,Completed
4799,380,2025-11-26,Completed
4800,263,2026-03-30,Completed
4801,563,2024-12-14,Completed
4802,68,2025-06-23,Cancelled
4803,355,2026-01-21,Completed
4804,480,2026-02-10,Completed
4805,119,2025-12-21,Completed
4806,321,2026-08-11,Completed
4807,229,2025-08-17,Completed
4808,529,2026-01-28,Completed
4809,684,2026-08-19,Completed
4810,793,2025-09-10,Completed
4811,378,2026-06-03,Completed
4812,864,2024-12-02,Completed
4813,866,2026-06-09,Completed
4814,396,2025-12-18,Completed
4815,68,2025-07-22,Completed
4816,770,2025-08-17,Cancelled
4817,739,2024-07-09,Completed
4818,745,2025-11-23,Pending
4819,787,2025-07-18,Cancelled
4820,437,2026-08-10,Completed
4821,934,2025-11-08,Cancelled
4822,887,2025-09-30,Completed
4823,581,2025-06-17,Completed
4824,691,2025-04-05,Completed
4825,503,2026-03-07,Completed
4826,750,2026-03-01,Completed
4827,286,2026-07-21,Completed
4828,511,2025-12-25,Completed
4829,84,2025-12-28,Returned
4830,697,2025-08-19,Completed
4831,342,2026-08-29,Cancelled
4832,131,2024-09-28,Completed
4833,792,2026-01-28,Completed
4834,4,2026-01-18,Completed
4835,849,2025-09-02,Completed
4836,647,2026-05-16,Returned
4837,86,2026-05-13,Completed
4838,64,2025-05-12,Completed
4839,114,2024-11-14,Completed
4840,154,2025-07-07,Completed
4841,321,2025-04-19,Completed
4842,921,2026-02-25,Cancelled
4843,957,2026-03-26,Completed
4844,672,2025-05-03,Completed
4845,239,2025-09-18,Completed
4846,184,2026-05-27,Completed
4847,375,2025-03-31,Completed
4848,317,2026-02-28,Completed
4849,585,2025-05-13,Completed
4850,613,2025-08-12,Completed
4851,36,2026-03-04,Completed
4852,771,2024-10-13,Returned
4853,50,2026-04-16,Completed
4854,893,2026-06-23,Completed
4855,906,2024-10-01,Completed
4856,373,2026-01-15,Completed
4857,699,2026-02-04,Completed
4858,484,2025-05-30,Completed
4859,750,2025-08-06,Completed
4860,443,2026-02-11,Completed
4861,682,2025-12-10,Completed
4862,410,2025-11-25,Completed
4863,928,2026-02-12,Returned
4864,349,2025-11-02,Completed
4865,265,2026-05-30,Completed
4866,280,2025-02-22,Completed
4867,181,2025-11-25,Completed
4868,591,2025-10-09,Completed
4869,326,2025-10-17,Completed
4870,934,2025-11-24,Completed
4871,676,2026-05-23,Completed
4872,169,2025-07-06,Completed
4873,331,2026-05-09,Completed
4874,22,2026-02-12,Completed
4875,37,2026-01-20,Pending
4876,503,2026-05-13,Completed
4877,602,2026-07-18,Completed
4878,858,2026-05-08,Completed
4879,809,2024-04-20,Completed
4880,658,2024-04-17,Completed
4881,14,2026-04-30,Completed
4882,800,2024-10-10,Completed
4883,113,2026-04-01,Returned
4884,255,2026-07-23,Completed
4885,534,2025-10-27,Completed
4886,77,2025-02-17,Completed
4887,84,2026-05-02,Completed
4888,835,2026-01-12,Cancelled
4889,981,2026-01-25,Completed
4890,254,2025-01-08,Returned
4891,150,2025-12-25,Completed
4892,688,2026-04-18,Completed
4893,923,2025-10-26,Completed
4894,846,2025-07-17,Completed
4895,683,2026-08-07,Completed
4896,880,2025-04-01,Completed
4897,547,2025-12-02,Completed
4898,601,2025-11-14,Completed
4899,957,2026-08-15,Completed
4900,356,2025-10-09,Completed
4901,529,2025-04-08,Completed
4902,554,2026-03-20,Completed
4903,395,2026-04-15,Completed
4904,8,2026-02-03,Completed
4905,476,2026-06-07,Completed
4906,663,2025-04-03,Completed
4907,399,2025-09-24,Completed
4908,623,2025-06-15,Cancelled
4909,582,2026-01-24,Returned
4910,710,2026-06-30,Returned
4911,849,2024-05-03,Completed
4912,469,2026-02-05,Completed
4913,10,2026-02-20,Cancelled
4914,564,2025-04-30,Completed
4915,471,2025-06-22,Completed
4916,178,2025-07-03,Completed
4917,101,2026-01-23,Completed
4918,660,2026-05-27,Cancelled
4919,283,2026-02-26,Completed
4920,414,2025-05-23,Completed
4921,198,2025-02-11,Completed
4922,353,2025-12-20,Pending
4923,136,2025-08-12,Completed
4924,891,2024-05-03,Pending
4925,558,2026-04-09,Completed
4926,273,2026-03-17,Completed
4927,421,2026-07-28,Pending
4928,234,2025-12-22,Returned
4929,958,2025-09-05,Completed
4930,234,2025-11-07,Completed
4931,940,2025-06-16,Completed
4932,832,2025-10-23,Completed
4933,42,2024-07-29,Completed
4934,37,2024-07-24,Pending
4935,921,2026-05-18,Completed
4936,846,2026-03-12,Cancelled
4937,315,2026-01-07,Completed
4938,474,2026-01-08,Completed
4939,781,2025-11-05,Completed
4940,745,2026-04-06,Completed
4941,286,2026-07-07,Completed
4942,717,2024-12-11,Completed
4943,66,2024-10-10,Completed
4944,413,2026-05-18,Completed
4945,453,2026-02-23,Pending
4946,654,2026-07-01,Completed
4947,247,2026-03-07,Completed
4948,352,2025-12-25,Completed
4949,530,2026-05-29,Completed
4950,14,2026-04-14,Completed
4951,97,2026-04-11,Completed
4952,318,2025-12-09,Completed
4953,420,2026-01-24,Completed
4954,395,2026-02-12,Completed
4955,574,2026-02-03,Completed
4956,580,2025-09-07,Completed
4957,829,2026-05-11,Completed
4958,725,2026-04-30,Completed
4959,500,2025-11-08,Completed
4960,145,2024-10-05,Completed
4961,747,2026-03-04,Completed
4962,306,2025-08-01,Completed
4963,123,2024-11-20,Completed
4964,233,2025-09-26,Completed
4965,15,2025-10-19,Returned
4966,801,2026-03-23,Completed
4967,32,2026-02-09,Completed
4968,322,2024-07-26,Completed
4969,935,2026-02-21,Completed
4970,188,2026-02-20,Completed
4971,486,2026-07-14,Completed
4972,961,2026-01-15,Completed
4973,904,2025-11-03,Completed
4974,835,2026-07-12,Completed
4975,138,2026-03-01,Completed
4976,568,2026-02-22,Completed
4977,707,2025-12-23,Completed
4978,142,2026-07-12,Cancelled
4979,782,2026-04-10,Completed
4980,602,2026-04-02,Returned
4981,503,2026-05-04,Completed
4982,170,2026-06-24,Cancelled
4983,87,2025-09-01,Completed
4984,479,2024-11-09,Completed
4985,99,2025-09-18,Cancelled
4986,823,2026-06-13,Completed
4987,599,2024-07-09,Completed
4988,183,2026-06-17,Completed
4989,496,2026-08-12,Completed
4990,848,2026-03-16,Completed
4991,978,2026-07-30,Completed
4992,462,2025-07-29,Completed
4993,702,2026-08-26,Cancelled
4994,916,2025-01-10,Pending
4995,550,2025-02-17,Completed
4996,153,2025-10-31,Returned
4997,639,2024-06-12,Completed
4998,313,2024-12-18,Completed
4999,570,2025-11-14,Cancelled
5000,687,2026-02-11,Completed
