order_item_id,order_id,product_id,quantity,unit_price,discount
1,1,72,1,111.1,0.1
2,1,10,2,783.62,0.15
3,1,74,2,179.47,0.15
4,2,69,1,114.57,0.0
5,3,38,3,53.59,0.1
6,4,51,2,53.62,0.05
7,4,106,3,342.73,0.05
8,4,85,1,122.17,0.15
9,4,4,3,1016.95,0.1
10,5,71,3,69.64,0.05
11,6,69,1,114.57,0.1
12,6,71,1,69.64,0.15
13,6,11,3,863.36,0.05
14,6,40,1,52.28,0.05
15,7,24,3,1445.96,0.0
16,8,33,1,96.96,0.05
17,9,13,3,1416.4,0.0
18,9,37,1,36.6,0.1
19,10,89,3,55.64,0.1
20,10,75,2,181.68,0.15
21,10,20,1,1272.89,0.0
22,11,36,3,67.29,0.1
23,11,108,2,285.82,0.15
24,11,47,2,31.94,0.1
25,11,18,2,813.45,0.15
26,12,110,3,31.39,0.05
27,12,106,2,342.73,0.0
28,12,18,3,813.45,0.0
29,13,99,1,181.09,0.1
30,13,76,3,115.79,0.15
31,13,28,3,89.14,0.05
32,13,117,2,75.36,0.15
33,14,18,3,813.45,0.0
34,14,60,2,31.57,0.1
35,14,65,3,94.35,0.0
36,15,97,1,308.18,0.15
37,15,66,1,106.71,0.05
38,16,6,2,1247.26,0.05
39,16,29,1,144.47,0.1
40,16,98,2,406.86,0.05
41,17,50,2,52.38,0.0
42,17,61,1,73.16,0.1
43,17,118,1,70.37,0.1
44,18,84,3,189.75,0.0
45,18,49,3,53.79,0.1
46,18,47,2,31.94,0.05
47,18,76,3,115.79,0.15
48,19,114,1,46.87,0.15
49,19,78,1,198.38,0.05
50,19,1,1,1061.42,0.1
51,19,65,1,94.35,0.05
52,20,85,1,122.17,0.15
53,21,62,3,99.59,0.15
54,21,27,1,116.94,0.05
55,21,76,1,115.79,0.05
56,21,21,3,1122.92,0.05
57,22,8,2,1131.13,0.05
58,22,22,3,845.9,0.15
59,23,11,3,863.36,0.15
60,23,28,2,89.14,0.05
61,23,58,1,44.05,0.15
62,24,22,2,845.9,0.15
63,24,93,3,73.99,0.0
64,24,88,1,109.47,0.15
65,25,106,1,342.73,0.15
66,25,20,3,1272.89,0.0
67,25,78,3,198.38,0.0
68,25,13,1,1416.4,0.15
69,26,67,1,48.23,0.15
70,26,54,1,20.73,0.15
71,26,48,2,56.46,0.1
72,26,112,3,66.68,0.0
73,27,117,1,75.36,0.1
74,27,110,3,31.39,0.15
75,28,74,3,179.47,0.0
76,29,53,1,55.82,0.15
77,29,47,3,31.94,0.1
78,29,14,2,929.55,0.15
79,30,97,3,308.18,0.15
80,30,27,1,116.94,0.1
81,30,53,3,55.82,0.15
82,30,71,2,69.64,0.1
83,31,96,1,124.74,0.15
84,32,103,3,299.32,0.0
85,32,71,1,69.64,0.15
86,32,79,3,243.88,0.0
87,33,12,2,876.42,0.0
88,33,9,3,1017.39,0.0
89,33,34,3,125.09,0.15
90,33,29,2,144.47,0.1
91,34,2,3,1276.88,0.1
92,34,26,1,114.37,0.0
93,34,109,3,67.25,0.05
94,34,85,3,122.17,0.05
95,35,12,2,876.42,0.1
96,35,36,3,67.29,0.15
97,36,118,1,70.37,0.1
98,37,59,2,28.01,0.0
99,37,120,2,64.19,0.05
100,38,44,3,59.87,0.1
101,38,15,3,1466.49,0.1
102,38,103,3,299.32,0.15
103,39,100,2,240.04,0.0
104,39,59,2,28.01,0.0
105,39,88,2,109.47,0.0
106,40,103,2,299.32,0.1
107,40,41,3,45.79,0.0
108,41,10,1,783.62,0.15
109,41,71,2,69.64,0.1
110,41,120,1,64.19,0.1
111,42,64,1,93.19,0.05
112,42,95,3,67.35,0.05
113,43,108,2,285.82,0.05
114,43,80,1,81.78,0.0
115,44,98,3,406.86,0.0
116,45,63,3,82.03,0.1
117,45,24,2,1445.96,0.05
118,45,98,3,406.86,0.05
119,46,65,2,94.35,0.15
120,47,41,1,45.79,0.15
121,47,89,3,55.64,0.0
122,47,2,2,1276.88,0.1
123,47,87,3,104.67,0.1
124,48,79,2,243.88,0.15
125,48,44,1,59.87,0.15
126,48,47,3,31.94,0.1
127,48,24,2,1445.96,0.15
128,49,105,3,321.26,0.1
129,49,13,1,1416.4,0.15
130,50,61,1,73.16,0.05
131,50,104,2,175.21,0.15
132,51,101,2,403.43,0.0
133,51,63,2,82.03,0.0
134,51,39,3,57.67,0.05
135,52,58,3,44.05,0.1
136,53,45,1,58.26,0.1
137,53,3,3,1143.05,0.05
138,53,53,3,55.82,0.05
139,54,100,1,240.04,0.15
140,54,95,3,67.35,0.1
141,54,58,2,44.05,0.05
142,54,114,1,46.87,0.1
143,55,11,1,863.36,0.1
144,56,78,2,198.38,0.15
145,56,83,2,77.52,0.15
146,56,51,2,53.62,0.05
147,57,85,3,122.17,0.0
148,57,33,1,96.96,0.05
149,58,71,2,69.64,0.0
150,58,7,1,1081.5,0.1
151,58,4,3,1016.95,0.05
152,58,99,1,181.09,0.15
153,59,81,1,111.58,0.0
154,59,17,1,1005.58,0.1
155,59,68,2,86.11,0.15
156,59,108,2,285.82,0.1
157,60,81,3,111.58,0.15
158,60,96,3,124.74,0.1
159,60,82,2,113.87,0.15
160,60,113,3,45.91,0.05
161,61,20,1,1272.89,0.05
162,61,39,2,57.67,0.1
163,61,2,2,1276.88,0.0
164,62,99,2,181.09,0.1
165,63,53,3,55.82,0.15
166,63,113,2,45.91,0.05
167,64,29,3,144.47,0.05
168,64,34,3,125.09,0.1
169,64,11,2,863.36,0.1
170,64,55,2,32.53,0.05
171,65,80,3,81.78,0.15
172,65,58,1,44.05,0.1
173,65,35,1,109.54,0.05
174,65,90,1,100.08,0.0
175,66,92,3,59.67,0.0
176,66,57,1,62.07,0.0
177,67,40,2,52.28,0.15
178,67,101,3,403.43,0.0
179,67,103,2,299.32,0.0
180,67,64,1,93.19,0.0
181,68,24,2,1445.96,0.15
182,68,25,1,101.45,0.0
183,68,115,3,74.95,0.05
184,68,108,2,285.82,0.15
185,69,67,3,48.23,0.05
186,70,21,1,1122.92,0.0
187,70,81,2,111.58,0.15
188,70,94,3,121.02,0.1
189,71,15,3,1466.49,0.15
190,71,31,2,69.02,0.0
191,72,102,3,188.19,0.15
192,72,32,3,58.98,0.05
193,72,2,2,1276.88,0.0
194,72,6,1,1247.26,0.05
195,73,8,2,1131.13,0.05
196,74,104,3,175.21,0.05
197,74,115,1,74.95,0.15
198,74,57,2,62.07,0.05
199,75,72,2,111.1,0.05
200,75,38,3,53.59,0.05
201,75,70,3,54.65,0.1
202,75,90,2,100.08,0.15
203,76,9,1,1017.39,0.15
204,76,68,2,86.11,0.1
205,77,94,3,121.02,0.1
206,77,24,3,1445.96,0.05
207,77,114,2,46.87,0.0
208,77,3,3,1143.05,0.15
209,78,79,2,243.88,0.15
210,78,37,3,36.6,0.1
211,79,107,1,315.32,0.05
212,80,5,3,856.49,0.15
213,81,78,1,198.38,0.0
214,81,92,1,59.67,0.15
215,82,106,1,342.73,0.1
216,82,48,3,56.46,0.0
217,82,102,3,188.19,0.0
218,82,91,2,94.87,0.0
219,83,69,1,114.57,0.05
220,83,50,3,52.38,0.05
221,84,99,3,181.09,0.1
222,85,102,3,188.19,0.15
223,85,24,3,1445.96,0.1
224,86,116,2,92.44,0.1
225,86,41,2,45.79,0.15
226,86,71,3,69.64,0.1
227,87,47,1,31.94,0.0
228,87,58,2,44.05,0.0
229,87,51,3,53.62,0.05
230,88,110,1,31.39,0.1
231,88,41,3,45.79,0.05
232,89,34,3,125.09,0.05
233,89,47,1,31.94,0.1
234,90,94,3,121.02,0.1
235,90,10,2,783.62,0.05
236,91,77,3,105.72,0.1
237,92,118,2,70.37,0.1
238,93,96,3,124.74,0.0
239,93,84,3,189.75,0.15
240,94,42,3,58.5,0.05
241,94,65,1,94.35,0.0
242,95,29,2,144.47,0.1
243,96,74,2,179.47,0.1
244,96,96,1,124.74,0.15
245,96,7,3,1081.5,0.15
246,96,71,3,69.64,0.05
247,97,84,3,189.75,0.05
248,97,74,1,179.47,0.0
249,97,26,2,114.37,0.15
250,97,72,2,111.1,0.0
251,98,25,3,101.45,0.0
252,98,42,2,58.5,0.05
253,98,45,2,58.26,0.15
254,99,26,2,114.37,0.05
255,99,88,3,109.47,0.0
256,100,112,2,66.68,0.0
257,100,107,2,315.32,0.0
258,101,95,1,67.35,0.05
259,101,69,3,114.57,0.1
260,102,49,3,53.79,0.0
261,103,7,1,1081.5,0.0
262,103,60,2,31.57,0.1
263,103,84,3,189.75,0.1
264,104,30,1,139.26,0.1
265,104,49,2,53.79,0.0
266,104,66,1,106.71,0.05
267,104,91,3,94.87,0.15
268,105,43,3,30.23,0.05
269,105,63,1,82.03,0.1
270,105,51,3,53.62,0.1
271,106,104,2,175.21,0.15
272,106,8,1,1131.13,0.1
273,106,81,1,111.58,0.05
274,107,94,2,121.02,0.05
275,108,117,2,75.36,0.05
276,108,78,1,198.38,0.05
277,108,43,3,30.23,0.05
278,109,56,1,23.54,0.05
279,109,117,2,75.36,0.0
280,110,94,2,121.02,0.15
281,110,4,2,1016.95,0.1
282,111,20,1,1272.89,0.05
283,111,100,1,240.04,0.0
284,111,25,3,101.45,0.1
285,112,46,1,64.91,0.15
286,113,24,2,1445.96,0.15
287,113,110,1,31.39,0.05
288,113,50,1,52.38,0.05
289,114,29,1,144.47,0.0
290,114,96,1,124.74,0.15
291,114,86,3,110.76,0.15
292,114,26,3,114.37,0.1
293,115,78,3,198.38,0.15
294,116,59,1,28.01,0.15
295,116,106,3,342.73,0.0
296,116,113,3,45.91,0.15
297,116,6,3,1247.26,0.0
298,117,100,2,240.04,0.05
299,117,106,2,342.73,0.1
300,117,37,3,36.6,0.0
301,118,24,3,1445.96,0.05
302,119,59,3,28.01,0.05
303,119,76,2,115.79,0.0
304,120,12,1,876.42,0.15
305,121,49,2,53.79,0.0
306,121,71,1,69.64,0.1
307,122,54,2,20.73,0.1
308,123,26,3,114.37,0.1
309,123,1,1,1061.42,0.15
310,124,78,2,198.38,0.05
311,125,57,1,62.07,0.1
312,125,11,3,863.36,0.05
313,125,77,1,105.72,0.05
314,125,1,1,1061.42,0.0
315,126,43,1,30.23,0.0
316,126,118,2,70.37,0.05
317,126,12,1,876.42,0.1
318,127,120,2,64.19,0.1
319,127,5,2,856.49,0.15
320,127,12,1,876.42,0.15
321,128,43,3,30.23,0.05
322,128,68,3,86.11,0.05
323,128,53,3,55.82,0.0
324,129,93,3,73.99,0.1
325,129,89,2,55.64,0.1
326,129,78,2,198.38,0.1
327,129,120,1,64.19,0.15
328,130,91,1,94.87,0.0
329,130,38,1,53.59,0.0
330,131,103,2,299.32,0.15
331,131,79,1,243.88,0.1
332,132,89,2,55.64,0.0
333,132,37,2,36.6,0.1
334,133,44,3,59.87,0.0
335,133,51,1,53.62,0.05
336,133,93,2,73.99,0.1
337,134,62,3,99.59,0.15
338,134,20,3,1272.89,0.1
339,135,107,3,315.32,0.1
340,136,103,2,299.32,0.0
341,136,118,1,70.37,0.1
342,136,114,1,46.87,0.1
343,137,24,2,1445.96,0.1
344,137,77,3,105.72,0.0
345,137,15,2,1466.49,0.15
346,137,111,1,99.29,0.15
347,138,28,1,89.14,0.0
348,138,68,2,86.11,0.0
349,138,39,1,57.67,0.0
350,139,25,2,101.45,0.1
351,139,44,2,59.87,0.05
352,140,27,1,116.94,0.15
353,140,93,2,73.99,0.0
354,141,43,2,30.23,0.0
355,142,82,2,113.87,0.05
356,142,115,1,74.95,0.1
357,142,27,2,116.94,0.1
358,143,36,1,67.29,0.0
359,143,15,1,1466.49,0.1
360,144,74,1,179.47,0.1
361,144,32,3,58.98,0.1
362,144,22,3,845.9,0.15
363,145,14,2,929.55,0.0
364,146,79,1,243.88,0.0
365,146,46,2,64.91,0.05
366,146,40,1,52.28,0.15
367,146,43,1,30.23,0.15
368,147,61,3,73.16,0.1
369,147,30,2,139.26,0.15
370,147,29,1,144.47,0.1
371,147,19,2,1303.76,0.15
372,148,62,1,99.59,0.1
373,148,60,2,31.57,0.05
374,148,109,3,67.25,0.0
375,149,72,2,111.1,0.15
376,149,84,2,189.75,0.15
377,149,10,1,783.62,0.05
378,150,27,3,116.94,0.15
379,150,105,2,321.26,0.1
380,150,89,3,55.64,0.05
381,151,15,2,1466.49,0.0
382,151,76,2,115.79,0.05
383,151,77,2,105.72,0.15
384,151,60,1,31.57,0.0
385,152,12,1,876.42,0.05
386,153,69,3,114.57,0.15
387,153,38,1,53.59,0.05
388,153,50,3,52.38,0.1
389,153,79,2,243.88,0.1
390,154,79,3,243.88,0.15
391,155,1,3,1061.42,0.1
392,156,56,3,23.54,0.15
393,156,90,3,100.08,0.1
394,157,85,2,122.17,0.05
395,157,23,1,1138.4,0.15
396,158,18,1,813.45,0.0
397,158,2,1,1276.88,0.15
398,159,111,3,99.29,0.15
399,159,59,3,28.01,0.05
400,159,115,2,74.95,0.15
401,159,101,3,403.43,0.15
402,160,74,2,179.47,0.05
403,161,73,2,117.31,0.1
404,162,19,3,1303.76,0.1
405,163,32,2,58.98,0.0
406,164,61,2,73.16,0.15
407,165,38,3,53.59,0.1
408,165,22,3,845.9,0.1
409,165,5,1,856.49,0.15
410,166,104,1,175.21,0.1
411,166,95,2,67.35,0.0
412,166,80,1,81.78,0.0
413,167,110,3,31.39,0.0
414,167,33,3,96.96,0.05
415,167,2,3,1276.88,0.05
416,168,63,3,82.03,0.0
417,168,24,2,1445.96,0.0
418,169,99,2,181.09,0.05
419,169,50,1,52.38,0.1
420,169,31,1,69.02,0.1
421,169,85,1,122.17,0.0
422,170,96,1,124.74,0.15
423,170,97,3,308.18,0.15
424,170,119,2,62.24,0.1
425,170,69,1,114.57,0.15
426,171,87,1,104.67,0.0
427,171,41,3,45.79,0.1
428,171,68,2,86.11,0.1
429,171,88,2,109.47,0.1
430,172,60,1,31.57,0.05
431,172,99,3,181.09,0.1
432,172,87,3,104.67,0.05
433,172,96,2,124.74,0.0
434,173,68,1,86.11,0.15
435,174,5,3,856.49,0.0
436,174,4,1,1016.95,0.05
437,175,49,3,53.79,0.05
438,175,85,1,122.17,0.05
439,176,82,2,113.87,0.1
440,177,33,1,96.96,0.1
441,177,21,1,1122.92,0.15
442,177,100,2,240.04,0.1
443,178,63,1,82.03,0.15
444,179,28,2,89.14,0.1
445,179,79,1,243.88,0.0
446,179,83,1,77.52,0.0
447,179,14,3,929.55,0.1
448,180,120,1,64.19,0.15
449,181,66,3,106.71,0.15
450,182,70,1,54.65,0.0
451,183,43,2,30.23,0.0
452,183,88,3,109.47,0.0
453,183,39,2,57.67,0.1
454,184,83,3,77.52,0.0
455,184,26,2,114.37,0.05
456,184,23,2,1138.4,0.15
457,185,95,1,67.35,0.0
458,185,25,3,101.45,0.05
459,185,18,2,813.45,0.15
460,185,5,1,856.49,0.1
461,186,5,2,856.49,0.0
462,187,28,3,89.14,0.15
463,188,5,3,856.49,0.05
464,189,32,3,58.98,0.05
465,190,106,2,342.73,0.05
466,190,102,3,188.19,0.0
467,190,13,1,1416.4,0.0
468,191,55,3,32.53,0.15
469,191,44,2,59.87,0.0
470,192,43,1,30.23,0.1
471,192,9,1,1017.39,0.15
472,193,32,1,58.98,0.0
473,193,119,3,62.24,0.15
474,193,75,1,181.68,0.0
475,193,6,2,1247.26,0.0
476,194,54,2,20.73,0.05
477,194,89,1,55.64,0.05
478,194,104,3,175.21,0.1
479,195,77,1,105.72,0.15
480,196,72,1,111.1,0.05
481,197,60,3,31.57,0.05
482,197,99,2,181.09,0.0
483,198,64,1,93.19,0.0
484,198,23,3,1138.4,0.1
485,198,21,2,1122.92,0.05
486,198,86,2,110.76,0.1
487,199,6,3,1247.26,0.05
488,199,14,1,929.55,0.0
489,199,95,2,67.35,0.0
490,199,7,1,1081.5,0.05
491,200,96,2,124.74,0.05
492,200,87,1,104.67,0.1
493,201,49,1,53.79,0.0
494,201,115,2,74.95,0.15
495,202,23,2,1138.4,0.05
496,202,50,3,52.38,0.1
497,202,48,2,56.46,0.05
498,202,18,2,813.45,0.05
499,203,15,2,1466.49,0.15
500,203,110,2,31.39,0.05
501,204,74,1,179.47,0.0
502,204,71,2,69.64,0.15
503,205,2,3,1276.88,0.05
504,205,94,1,121.02,0.1
505,205,55,2,32.53,0.05
506,206,6,3,1247.26,0.0
507,206,61,2,73.16,0.15
508,206,94,2,121.02,0.0
509,206,99,2,181.09,0.15
510,207,28,1,89.14,0.0
511,207,17,1,1005.58,0.15
512,207,46,3,64.91,0.1
513,207,38,1,53.59,0.15
514,208,112,2,66.68,0.05
515,208,91,2,94.87,0.15
516,209,68,2,86.11,0.1
517,209,5,3,856.49,0.05
518,209,38,3,53.59,0.0
519,210,114,2,46.87,0.1
520,210,7,2,1081.5,0.0
521,210,15,2,1466.49,0.1
522,211,18,1,813.45,0.0
523,211,43,3,30.23,0.15
524,212,46,3,64.91,0.15
525,212,115,2,74.95,0.0
526,212,35,1,109.54,0.1
527,213,61,3,73.16,0.1
528,214,25,2,101.45,0.0
529,215,14,1,929.55,0.1
530,216,67,1,48.23,0.1
531,216,81,2,111.58,0.05
532,217,38,1,53.59,0.0
533,218,53,3,55.82,0.1
534,218,75,2,181.68,0.15
535,218,44,2,59.87,0.1
536,219,30,2,139.26,0.0
537,219,62,1,99.59,0.1
538,219,48,2,56.46,0.15
539,220,24,3,1445.96,0.05
540,220,23,1,1138.4,0.05
541,220,108,1,285.82,0.0
542,221,24,3,1445.96,0.0
543,221,27,3,116.94,0.1
544,221,72,2,111.1,0.05
545,222,16,2,1522.38,0.15
546,222,118,1,70.37,0.15
547,222,4,2,1016.95,0.05
548,223,83,2,77.52,0.1
549,223,91,3,94.87,0.05
550,223,38,3,53.59,0.15
551,224,18,3,813.45,0.0
552,225,58,1,44.05,0.1
553,225,46,1,64.91,0.05
554,226,69,2,114.57,0.0
555,227,117,3,75.36,0.1
556,228,2,2,1276.88,0.1
557,228,37,2,36.6,0.0
558,228,45,1,58.26,0.15
559,229,94,3,121.02,0.0
560,229,115,1,74.95,0.05
561,229,54,2,20.73,0.15
562,229,18,3,813.45,0.1
563,230,1,2,1061.42,0.1
564,231,26,2,114.37,0.1
565,231,24,3,1445.96,0.15
566,232,64,2,93.19,0.05
567,232,72,1,111.1,0.0
568,232,95,1,67.35,0.1
569,233,54,3,20.73,0.05
570,233,23,1,1138.4,0.0
571,233,63,2,82.03,0.15
572,234,73,3,117.31,0.15
573,234,56,3,23.54,0.0
574,234,112,2,66.68,0.0
575,234,34,2,125.09,0.05
576,235,46,1,64.91,0.1
577,235,21,2,1122.92,0.15
578,236,66,1,106.71,0.05
579,237,112,3,66.68,0.1
580,237,41,2,45.79,0.1
581,237,106,1,342.73,0.1
582,238,100,2,240.04,0.05
583,238,63,1,82.03,0.05
584,238,53,1,55.82,0.05
585,239,54,2,20.73,0.0
586,240,45,1,58.26,0.15
587,240,40,3,52.28,0.1
588,240,89,1,55.64,0.1
589,240,47,1,31.94,0.0
590,241,17,2,1005.58,0.0
591,241,27,1,116.94,0.0
592,241,11,2,863.36,0.15
593,242,61,1,73.16,0.1
594,243,101,1,403.43,0.05
595,244,19,3,1303.76,0.1
596,245,65,1,94.35,0.0
597,245,73,3,117.31,0.0
598,246,116,3,92.44,0.0
599,246,97,3,308.18,0.0
600,247,47,2,31.94,0.0
601,247,90,1,100.08,0.1
602,247,76,2,115.79,0.15
603,247,24,1,1445.96,0.05
604,248,67,1,48.23,0.15
605,249,11,2,863.36,0.15
606,250,88,1,109.47,0.15
607,250,108,2,285.82,0.15
608,250,57,1,62.07,0.0
609,251,87,2,104.67,0.0
610,252,16,1,1522.38,0.15
611,253,9,1,1017.39,0.1
612,253,47,1,31.94,0.15
613,254,36,3,67.29,0.1
614,254,98,3,406.86,0.15
615,254,92,2,59.67,0.15
616,254,99,3,181.09,0.15
617,255,14,2,929.55,0.05
618,255,16,3,1522.38,0.05
619,255,33,1,96.96,0.0
620,255,63,3,82.03,0.0
621,256,49,3,53.79,0.1
622,256,78,1,198.38,0.1
623,257,102,3,188.19,0.15
624,257,60,2,31.57,0.1
625,257,26,3,114.37,0.1
626,257,38,3,53.59,0.0
627,258,110,2,31.39,0.0
628,258,49,1,53.79,0.05
629,258,57,3,62.07,0.1
630,259,63,3,82.03,0.15
631,259,98,3,406.86,0.15
632,259,15,2,1466.49,0.05
633,259,73,3,117.31,0.0
634,260,79,2,243.88,0.1
635,260,87,1,104.67,0.0
636,260,46,3,64.91,0.0
637,260,99,1,181.09,0.1
638,261,49,2,53.79,0.1
639,261,13,2,1416.4,0.1
640,261,55,1,32.53,0.05
641,262,117,3,75.36,0.0
642,263,5,2,856.49,0.15
643,263,59,2,28.01,0.0
644,263,85,3,122.17,0.15
645,264,74,2,179.47,0.0
646,264,13,3,1416.4,0.05
647,264,104,2,175.21,0.15
648,265,26,1,114.37,0.05
649,265,64,2,93.19,0.1
650,265,82,1,113.87,0.1
651,265,109,3,67.25,0.15
652,266,76,2,115.79,0.1
653,267,27,3,116.94,0.1
654,267,45,3,58.26,0.1
655,267,102,2,188.19,0.1
656,267,10,1,783.62,0.15
657,268,113,3,45.91,0.05
658,268,3,3,1143.05,0.15
659,269,120,1,64.19,0.05
660,269,73,2,117.31,0.15
661,269,94,1,121.02,0.05
662,269,81,1,111.58,0.1
663,270,82,1,113.87,0.15
664,271,88,2,109.47,0.05
665,271,77,1,105.72,0.05
666,271,31,1,69.02,0.0
667,272,55,1,32.53,0.05
668,272,83,2,77.52,0.05
669,272,116,1,92.44,0.1
670,272,5,2,856.49,0.05
671,273,8,1,1131.13,0.1
672,274,115,1,74.95,0.15
673,274,47,3,31.94,0.05
674,274,86,1,110.76,0.0
675,274,85,3,122.17,0.0
676,275,99,2,181.09,0.1
677,276,28,1,89.14,0.1
678,276,19,2,1303.76,0.15
679,276,14,2,929.55,0.0
680,276,23,2,1138.4,0.1
681,277,36,1,67.29,0.1
682,277,113,2,45.91,0.1
683,278,108,3,285.82,0.0
684,279,116,1,92.44,0.05
685,279,104,2,175.21,0.15
686,279,88,1,109.47,0.15
687,280,39,1,57.67,0.15
688,280,27,3,116.94,0.1
689,281,106,2,342.73,0.15
690,282,106,1,342.73,0.1
691,283,59,1,28.01,0.05
692,283,89,3,55.64,0.15
693,283,4,3,1016.95,0.05
694,284,74,1,179.47,0.05
695,284,11,3,863.36,0.05
696,284,15,3,1466.49,0.15
697,285,34,3,125.09,0.1
698,285,23,2,1138.4,0.05
699,286,107,1,315.32,0.0
700,286,114,3,46.87,0.05
701,286,74,1,179.47,0.15
702,286,29,1,144.47,0.1
703,287,20,1,1272.89,0.0
704,287,12,1,876.42,0.15
705,287,48,2,56.46,0.15
706,288,37,2,36.6,0.05
707,288,96,2,124.74,0.05
708,288,64,3,93.19,0.05
709,289,53,1,55.82,0.0
710,289,102,2,188.19,0.1
711,290,75,2,181.68,0.0
712,290,88,1,109.47,0.15
713,290,83,1,77.52,0.1
714,291,95,1,67.35,0.0
715,291,77,1,105.72,0.1
716,291,33,1,96.96,0.15
717,291,10,2,783.62,0.0
718,292,86,3,110.76,0.0
719,292,48,3,56.46,0.05
720,292,17,2,1005.58,0.05
721,292,115,3,74.95,0.15
722,293,91,1,94.87,0.1
723,293,68,1,86.11,0.1
724,293,56,1,23.54,0.05
725,294,37,3,36.6,0.1
726,294,116,3,92.44,0.1
727,294,113,2,45.91,0.05
728,294,34,2,125.09,0.15
729,295,7,1,1081.5,0.0
730,295,25,2,101.45,0.1
731,295,20,1,1272.89,0.15
732,295,30,2,139.26,0.0
733,296,59,3,28.01,0.05
734,296,64,1,93.19,0.1
735,296,15,1,1466.49,0.05
736,296,109,2,67.25,0.05
737,297,75,3,181.68,0.05
738,297,1,2,1061.42,0.0
739,298,4,3,1016.95,0.0
740,298,37,2,36.6,0.1
741,298,88,3,109.47,0.0
742,299,59,3,28.01,0.0
743,299,81,2,111.58,0.0
744,299,35,3,109.54,0.15
745,299,77,2,105.72,0.05
746,300,42,3,58.5,0.0
747,300,103,3,299.32,0.15
748,300,8,1,1131.13,0.15
749,301,12,1,876.42,0.15
750,301,3,2,1143.05,0.1
751,301,110,3,31.39,0.05
752,301,27,1,116.94,0.1
753,302,116,1,92.44,0.1
754,302,88,3,109.47,0.0
755,302,78,2,198.38,0.05
756,303,12,2,876.42,0.05
757,303,97,2,308.18,0.15
758,303,55,1,32.53,0.0
759,303,104,3,175.21,0.1
760,304,120,3,64.19,0.0
761,304,64,2,93.19,0.15
762,305,88,2,109.47,0.05
763,305,116,3,92.44,0.15
764,306,66,1,106.71,0.15
765,307,46,1,64.91,0.0
766,307,33,1,96.96,0.15
767,307,75,1,181.68,0.05
768,308,41,2,45.79,0.15
769,308,76,3,115.79,0.1
770,308,93,2,73.99,0.05
771,309,112,2,66.68,0.0
772,309,87,1,104.67,0.15
773,309,14,1,929.55,0.0
774,310,112,3,66.68,0.15
775,310,85,2,122.17,0.1
776,310,96,3,124.74,0.15
777,310,78,2,198.38,0.0
778,311,90,1,100.08,0.0
779,312,56,3,23.54,0.05
780,312,108,1,285.82,0.1
781,313,22,1,845.9,0.15
782,314,26,3,114.37,0.15
783,314,38,1,53.59,0.1
784,315,54,3,20.73,0.1
785,315,109,1,67.25,0.15
786,315,64,2,93.19,0.15
787,315,95,3,67.35,0.15
788,316,74,2,179.47,0.15
789,316,41,2,45.79,0.0
790,316,71,2,69.64,0.1
791,316,9,2,1017.39,0.15
792,317,45,1,58.26,0.1
793,317,57,3,62.07,0.15
794,317,30,1,139.26,0.1
795,317,65,3,94.35,0.15
796,318,102,1,188.19,0.05
797,318,61,2,73.16,0.0
798,318,103,3,299.32,0.15
799,319,13,2,1416.4,0.05
800,319,102,1,188.19,0.0
801,319,54,1,20.73,0.1
802,319,64,2,93.19,0.1
803,320,104,1,175.21,0.1
804,321,63,2,82.03,0.1
805,321,34,1,125.09,0.1
806,322,91,1,94.87,0.15
807,323,106,3,342.73,0.0
808,324,117,1,75.36,0.1
809,324,47,3,31.94,0.15
810,325,43,1,30.23,0.05
811,325,105,2,321.26,0.15
812,325,18,1,813.45,0.05
813,326,35,2,109.54,0.15
814,327,101,2,403.43,0.15
815,327,30,2,139.26,0.15
816,327,18,3,813.45,0.1
817,327,103,1,299.32,0.15
818,328,11,2,863.36,0.1
819,329,98,3,406.86,0.05
820,329,5,3,856.49,0.0
821,329,85,3,122.17,0.1
822,329,119,2,62.24,0.15
823,330,2,3,1276.88,0.05
824,330,106,3,342.73,0.15
825,330,36,2,67.29,0.05
826,331,100,1,240.04,0.0
827,331,26,3,114.37,0.1
828,331,113,2,45.91,0.05
829,331,39,3,57.67,0.1
830,332,3,3,1143.05,0.1
831,332,4,1,1016.95,0.1
832,333,34,2,125.09,0.0
833,333,81,1,111.58,0.0
834,333,65,2,94.35,0.1
835,334,45,2,58.26,0.05
836,334,39,3,57.67,0.15
837,335,106,2,342.73,0.15
838,335,100,1,240.04,0.05
839,336,55,1,32.53,0.15
840,337,76,2,115.79,0.1
841,337,72,3,111.1,0.15
842,337,67,3,48.23,0.15
843,337,100,2,240.04,0.15
844,338,63,2,82.03,0.05
845,338,92,3,59.67,0.0
846,339,72,1,111.1,0.15
847,339,48,1,56.46,0.0
848,340,16,2,1522.38,0.1
849,340,48,2,56.46,0.1
850,341,7,2,1081.5,0.05
851,341,120,1,64.19,0.15
852,341,115,1,74.95,0.0
853,341,40,3,52.28,0.1
854,342,73,2,117.31,0.15
855,342,58,2,44.05,0.05
856,342,116,1,92.44,0.15
857,343,12,3,876.42,0.15
858,343,103,2,299.32,0.05
859,343,80,2,81.78,0.1
860,344,111,1,99.29,0.0
861,345,25,3,101.45,0.0
862,346,16,3,1522.38,0.05
863,347,11,2,863.36,0.15
864,347,104,3,175.21,0.0
865,347,69,2,114.57,0.0
866,347,78,2,198.38,0.15
867,348,49,1,53.79,0.0
868,348,33,3,96.96,0.05
869,348,12,2,876.42,0.05
870,349,87,2,104.67,0.05
871,349,22,1,845.9,0.0
872,349,8,2,1131.13,0.15
873,349,79,1,243.88,0.1
874,350,7,1,1081.5,0.05
875,351,15,2,1466.49,0.15
876,351,35,1,109.54,0.15
877,351,8,1,1131.13,0.15
878,351,41,3,45.79,0.05
879,352,32,3,58.98,0.05
880,353,101,2,403.43,0.05
881,353,19,1,1303.76,0.15
882,354,84,1,189.75,0.15
883,354,22,2,845.9,0.1
884,354,1,3,1061.42,0.15
885,355,6,3,1247.26,0.0
886,355,21,2,1122.92,0.0
887,355,95,2,67.35,0.0
888,356,27,2,116.94,0.1
889,356,79,3,243.88,0.1
890,356,65,3,94.35,0.15
891,356,103,2,299.32,0.05
892,357,3,1,1143.05,0.0
893,357,117,3,75.36,0.15
894,357,89,1,55.64,0.0
895,358,98,3,406.86,0.0
896,358,51,3,53.62,0.0
897,358,69,3,114.57,0.15
898,358,11,3,863.36,0.0
899,359,50,3,52.38,0.0
900,359,23,1,1138.4,0.15
901,359,108,2,285.82,0.05
902,360,88,2,109.47,0.05
903,360,118,1,70.37,0.1
904,360,91,3,94.87,0.05
905,361,116,1,92.44,0.05
906,361,91,3,94.87,0.15
907,361,78,1,198.38,0.1
908,361,27,3,116.94,0.15
909,362,9,1,1017.39,0.0
910,362,76,1,115.79,0.1
911,363,25,1,101.45,0.1
912,363,109,3,67.25,0.15
913,363,87,1,104.67,0.15
914,364,36,2,67.29,0.15
915,364,16,2,1522.38,0.0
916,364,88,3,109.47,0.05
917,364,67,1,48.23,0.1
918,365,25,3,101.45,0.0
919,365,43,3,30.23,0.05
920,365,11,3,863.36,0.15
921,365,113,1,45.91,0.05
922,366,4,2,1016.95,0.15
923,367,32,1,58.98,0.1
924,367,14,1,929.55,0.1
925,367,61,3,73.16,0.05
926,368,81,2,111.58,0.0
927,369,41,1,45.79,0.05
928,369,114,1,46.87,0.15
929,369,109,1,67.25,0.1
930,369,89,3,55.64,0.15
931,370,109,1,67.25,0.15
932,370,49,1,53.79,0.0
933,370,52,2,58.53,0.15
934,371,44,3,59.87,0.0
935,372,14,1,929.55,0.0
936,373,46,3,64.91,0.15
937,373,54,1,20.73,0.05
938,373,62,1,99.59,0.0
939,374,40,3,52.28,0.05
940,374,75,1,181.68,0.15
941,374,114,2,46.87,0.1
942,375,8,3,1131.13,0.0
943,375,31,2,69.02,0.1
944,376,101,2,403.43,0.05
945,376,9,3,1017.39,0.15
946,377,79,2,243.88,0.05
947,377,39,1,57.67,0.15
948,377,54,1,20.73,0.15
949,378,60,1,31.57,0.05
950,378,80,2,81.78,0.1
951,379,47,1,31.94,0.0
952,380,57,3,62.07,0.1
953,380,25,1,101.45,0.0
954,380,81,1,111.58,0.05
955,381,44,3,59.87,0.05
956,381,109,1,67.25,0.05
957,382,3,3,1143.05,0.05
958,383,120,2,64.19,0.05
959,383,27,2,116.94,0.1
960,383,40,3,52.28,0.05
961,384,113,1,45.91,0.05
962,384,119,1,62.24,0.15
963,385,118,3,70.37,0.05
964,385,6,3,1247.26,0.1
965,386,112,3,66.68,0.15
966,386,17,1,1005.58,0.0
967,386,109,2,67.25,0.0
968,387,64,1,93.19,0.1
969,387,67,3,48.23,0.1
970,387,60,3,31.57,0.15
971,388,27,1,116.94,0.05
972,389,55,3,32.53,0.05
973,389,114,2,46.87,0.1
974,389,49,3,53.79,0.0
975,390,30,2,139.26,0.1
976,390,75,2,181.68,0.15
977,390,6,2,1247.26,0.15
978,391,4,2,1016.95,0.0
979,391,23,2,1138.4,0.0
980,391,57,2,62.07,0.0
981,391,30,2,139.26,0.05
982,392,43,3,30.23,0.1
983,392,26,2,114.37,0.1
984,393,110,3,31.39,0.1
985,393,97,1,308.18,0.1
986,394,52,3,58.53,0.0
987,394,106,2,342.73,0.05
988,394,75,2,181.68,0.05
989,394,97,1,308.18,0.05
990,395,93,1,73.99,0.1
991,395,105,1,321.26,0.15
992,395,60,3,31.57,0.15
993,395,44,1,59.87,0.15
994,396,74,1,179.47,0.1
995,396,112,3,66.68,0.0
996,397,29,3,144.47,0.15
997,397,54,3,20.73,0.1
998,397,55,2,32.53,0.0
999,398,73,3,117.31,0.15
1000,398,81,2,111.58,0.05
1001,398,103,2,299.32,0.0
1002,399,82,1,113.87,0.0
1003,399,115,3,74.95,0.05
1004,399,39,1,57.67,0.15
1005,399,12,1,876.42,0.05
1006,400,38,3,53.59,0.0
1007,400,85,2,122.17,0.0
1008,401,51,3,53.62,0.15
1009,401,21,2,1122.92,0.0
1010,401,15,2,1466.49,0.05
1011,401,17,1,1005.58,0.05
1012,402,21,3,1122.92,0.05
1013,402,78,3,198.38,0.15
1014,402,74,2,179.47,0.05
1015,402,40,1,52.28,0.05
1016,403,68,3,86.11,0.15
1017,403,43,2,30.23,0.15
1018,404,45,2,58.26,0.15
1019,404,90,3,100.08,0.05
1020,404,108,2,285.82,0.05
1021,404,92,1,59.67,0.15
1022,405,51,3,53.62,0.0
1023,406,86,3,110.76,0.05
1024,406,118,2,70.37,0.15
1025,406,9,3,1017.39,0.0
1026,407,53,2,55.82,0.05
1027,407,58,3,44.05,0.0
1028,407,22,2,845.9,0.0
1029,408,110,1,31.39,0.1
1030,408,25,1,101.45,0.05
1031,408,51,2,53.62,0.15
1032,408,5,2,856.49,0.15
1033,409,18,1,813.45,0.05
1034,409,61,1,73.16,0.0
1035,409,106,1,342.73,0.1
1036,409,36,1,67.29,0.15
1037,410,57,1,62.07,0.05
1038,410,46,3,64.91,0.0
1039,411,50,3,52.38,0.1
1040,412,99,2,181.09,0.05
1041,412,26,1,114.37,0.0
1042,412,119,1,62.24,0.15
1043,412,32,1,58.98,0.0
1044,413,29,1,144.47,0.05
1045,414,42,1,58.5,0.05
1046,414,72,3,111.1,0.15
1047,414,81,2,111.58,0.0
1048,415,2,3,1276.88,0.1
1049,415,52,1,58.53,0.15
1050,416,84,1,189.75,0.0
1051,416,80,1,81.78,0.15
1052,416,48,2,56.46,0.15
1053,417,33,3,96.96,0.1
1054,417,13,3,1416.4,0.15
1055,418,109,1,67.25,0.1
1056,418,86,1,110.76,0.15
1057,418,62,2,99.59,0.05
1058,419,40,1,52.28,0.15
1059,420,64,1,93.19,0.15
1060,420,38,1,53.59,0.0
1061,420,26,1,114.37,0.15
1062,421,67,2,48.23,0.1
1063,422,27,1,116.94,0.05
1064,422,70,3,54.65,0.05
1065,423,9,2,1017.39,0.0
1066,424,12,3,876.42,0.05
1067,424,23,1,1138.4,0.0
1068,425,32,1,58.98,0.05
1069,425,55,2,32.53,0.1
1070,426,11,1,863.36,0.15
1071,426,47,2,31.94,0.15
1072,426,51,3,53.62,0.15
1073,426,49,1,53.79,0.15
1074,427,98,2,406.86,0.05
1075,428,37,2,36.6,0.0
1076,428,49,2,53.79,0.05
1077,428,72,3,111.1,0.15
1078,428,78,1,198.38,0.05
1079,429,63,2,82.03,0.15
1080,429,52,3,58.53,0.1
1081,429,119,2,62.24,0.15
1082,430,118,1,70.37,0.15
1083,431,99,3,181.09,0.1
1084,431,117,3,75.36,0.15
1085,431,97,3,308.18,0.1
1086,432,32,1,58.98,0.1
1087,432,62,3,99.59,0.0
1088,433,33,3,96.96,0.05
1089,433,32,1,58.98,0.0
1090,434,91,3,94.87,0.05
1091,434,76,2,115.79,0.05
1092,434,116,2,92.44,0.1
1093,434,11,3,863.36,0.1
1094,435,14,3,929.55,0.1
1095,436,90,2,100.08,0.0
1096,436,40,1,52.28,0.0
1097,436,1,3,1061.42,0.15
1098,436,22,3,845.9,0.15
1099,437,24,1,1445.96,0.15
1100,437,91,1,94.87,0.0
1101,437,18,2,813.45,0.05
1102,438,34,2,125.09,0.15
1103,438,116,3,92.44,0.0
1104,439,36,1,67.29,0.1
1105,440,2,1,1276.88,0.1
1106,441,13,1,1416.4,0.0
1107,442,120,2,64.19,0.15
1108,442,63,2,82.03,0.1
1109,442,61,3,73.16,0.1
1110,443,49,2,53.79,0.0
1111,443,79,1,243.88,0.15
1112,443,8,3,1131.13,0.15
1113,443,46,3,64.91,0.05
1114,444,90,1,100.08,0.1
1115,444,97,2,308.18,0.15
1116,444,105,3,321.26,0.15
1117,445,3,1,1143.05,0.1
1118,445,82,3,113.87,0.15
1119,445,47,1,31.94,0.15
1120,446,55,3,32.53,0.0
1121,446,120,3,64.19,0.15
1122,446,61,2,73.16,0.05
1123,447,17,2,1005.58,0.0
1124,448,22,2,845.9,0.05
1125,448,115,1,74.95,0.05
1126,448,58,1,44.05,0.0
1127,448,15,1,1466.49,0.15
1128,449,29,3,144.47,0.15
1129,449,93,3,73.99,0.0
1130,449,33,3,96.96,0.05
1131,450,120,3,64.19,0.0
1132,450,74,3,179.47,0.1
1133,451,104,1,175.21,0.1
1134,451,30,1,139.26,0.0
1135,451,29,1,144.47,0.1
1136,451,34,3,125.09,0.05
1137,452,49,1,53.79,0.1
1138,452,74,1,179.47,0.05
1139,452,95,2,67.35,0.15
1140,453,67,3,48.23,0.05
1141,453,85,1,122.17,0.15
1142,454,108,3,285.82,0.15
1143,454,29,1,144.47,0.1
1144,454,64,1,93.19,0.0
1145,455,36,3,67.29,0.15
1146,456,8,3,1131.13,0.05
1147,456,104,3,175.21,0.05
1148,456,43,3,30.23,0.0
1149,456,20,1,1272.89,0.15
1150,457,3,2,1143.05,0.1
1151,457,71,2,69.64,0.15
1152,458,37,1,36.6,0.15
1153,458,90,1,100.08,0.05
1154,458,119,2,62.24,0.0
1155,459,90,1,100.08,0.05
1156,459,62,1,99.59,0.05
1157,459,38,3,53.59,0.0
1158,459,115,2,74.95,0.0
1159,460,119,1,62.24,0.1
1160,460,8,2,1131.13,0.05
1161,461,76,3,115.79,0.15
1162,461,56,1,23.54,0.0
1163,461,20,1,1272.89,0.05
1164,462,84,2,189.75,0.0
1165,462,96,2,124.74,0.15
1166,463,16,1,1522.38,0.0
1167,464,36,3,67.29,0.05
1168,464,89,2,55.64,0.15
1169,464,96,3,124.74,0.15
1170,464,13,2,1416.4,0.05
1171,465,52,3,58.53,0.0
1172,465,105,2,321.26,0.15
1173,466,97,1,308.18,0.0
1174,467,72,2,111.1,0.1
1175,468,12,2,876.42,0.0
1176,468,72,1,111.1,0.0
1177,469,32,2,58.98,0.0
1178,470,89,2,55.64,0.05
1179,470,41,3,45.79,0.0
1180,470,67,3,48.23,0.0
1181,470,117,1,75.36,0.0
1182,471,18,3,813.45,0.05
1183,471,78,3,198.38,0.1
1184,472,34,1,125.09,0.15
1185,472,49,2,53.79,0.0
1186,472,84,2,189.75,0.15
1187,473,82,1,113.87,0.1
1188,473,90,3,100.08,0.05
1189,473,83,2,77.52,0.05
1190,474,10,1,783.62,0.0
1191,474,35,3,109.54,0.15
1192,475,100,1,240.04,0.1
1193,475,35,1,109.54,0.0
1194,475,19,2,1303.76,0.05
1195,476,23,3,1138.4,0.1
1196,477,71,1,69.64,0.0
1197,477,35,1,109.54,0.1
1198,477,78,2,198.38,0.05
1199,478,62,1,99.59,0.05
1200,478,76,3,115.79,0.05
1201,478,17,1,1005.58,0.15
1202,478,34,3,125.09,0.1
1203,479,87,2,104.67,0.15
1204,479,78,1,198.38,0.15
1205,480,55,1,32.53,0.1
1206,480,67,3,48.23,0.0
1207,480,92,2,59.67,0.15
1208,481,94,1,121.02,0.0
1209,482,71,1,69.64,0.15
1210,482,119,3,62.24,0.05
1211,482,64,2,93.19,0.15
1212,483,92,2,59.67,0.1
1213,484,78,2,198.38,0.05
1214,485,66,1,106.71,0.15
1215,485,46,2,64.91,0.15
1216,486,107,1,315.32,0.1
1217,486,70,2,54.65,0.15
1218,487,28,3,89.14,0.0
1219,487,119,2,62.24,0.15
1220,487,40,1,52.28,0.1
1221,487,120,1,64.19,0.15
1222,488,114,2,46.87,0.1
1223,488,93,1,73.99,0.0
1224,488,24,2,1445.96,0.15
1225,489,53,2,55.82,0.0
1226,489,16,1,1522.38,0.1
1227,490,55,3,32.53,0.1
1228,490,115,1,74.95,0.15
1229,490,24,3,1445.96,0.15
1230,491,46,3,64.91,0.05
1231,492,54,1,20.73,0.05
1232,492,96,3,124.74,0.05
1233,492,43,2,30.23,0.1
1234,492,116,1,92.44,0.15
1235,493,42,2,58.5,0.15
1236,493,97,1,308.18,0.0
1237,494,65,3,94.35,0.05
1238,494,2,1,1276.88,0.1
1239,494,99,2,181.09,0.0
1240,495,98,2,406.86,0.05
1241,496,99,2,181.09,0.05
1242,496,15,3,1466.49,0.15
1243,496,111,1,99.29,0.15
1244,497,110,3,31.39,0.05
1245,497,76,1,115.79,0.0
1246,498,119,2,62.24,0.0
1247,498,19,3,1303.76,0.05
1248,499,90,1,100.08,0.1
1249,499,82,2,113.87,0.15
1250,499,30,1,139.26,0.15
1251,500,45,1,58.26,0.1
1252,500,92,1,59.67,0.05
1253,500,54,1,20.73,0.0
1254,501,36,2,67.29,0.05
1255,501,117,2,75.36,0.15
1256,501,78,2,198.38,0.1
1257,501,13,2,1416.4,0.0
1258,502,43,3,30.23,0.1
1259,502,47,3,31.94,0.1
1260,503,12,3,876.42,0.0
1261,503,114,1,46.87,0.05
1262,503,14,1,929.55,0.15
1263,503,17,1,1005.58,0.0
1264,504,69,1,114.57,0.0
1265,504,93,1,73.99,0.05
1266,505,115,3,74.95,0.0
1267,505,47,2,31.94,0.0
1268,505,58,2,44.05,0.15
1269,506,38,3,53.59,0.0
1270,506,6,3,1247.26,0.05
1271,507,22,2,845.9,0.15
1272,508,21,3,1122.92,0.05
1273,509,65,2,94.35,0.1
1274,509,91,1,94.87,0.1
1275,509,93,3,73.99,0.1
1276,509,68,3,86.11,0.0
1277,510,6,2,1247.26,0.05
1278,510,82,2,113.87,0.0
1279,510,19,3,1303.76,0.05
1280,511,81,2,111.58,0.0
1281,511,78,3,198.38,0.1
1282,511,48,3,56.46,0.05
1283,512,81,1,111.58,0.1
1284,513,69,3,114.57,0.0
1285,514,105,1,321.26,0.1
1286,514,57,2,62.07,0.05
1287,515,48,1,56.46,0.15
1288,515,19,1,1303.76,0.15
1289,515,116,1,92.44,0.05
1290,515,62,1,99.59,0.15
1291,516,114,2,46.87,0.05
1292,516,23,1,1138.4,0.05
1293,517,13,3,1416.4,0.0
1294,517,93,3,73.99,0.0
1295,517,68,2,86.11,0.15
1296,517,18,1,813.45,0.0
1297,518,32,1,58.98,0.1
1298,518,99,1,181.09,0.0
1299,519,110,1,31.39,0.05
1300,519,91,2,94.87,0.15
1301,519,11,1,863.36,0.1
1302,520,81,1,111.58,0.0
1303,520,70,1,54.65,0.1
1304,520,16,1,1522.38,0.15
1305,521,50,2,52.38,0.05
1306,521,19,3,1303.76,0.15
1307,521,46,3,64.91,0.0
1308,521,84,2,189.75,0.05
1309,522,46,2,64.91,0.0
1310,522,10,2,783.62,0.0
1311,522,79,1,243.88,0.05
1312,523,87,1,104.67,0.1
1313,523,55,3,32.53,0.1
1314,524,85,3,122.17,0.0
1315,524,48,1,56.46,0.05
1316,524,120,3,64.19,0.05
1317,524,34,2,125.09,0.05
1318,525,105,2,321.26,0.1
1319,525,9,1,1017.39,0.0
1320,525,15,2,1466.49,0.05
1321,525,74,1,179.47,0.15
1322,526,78,1,198.38,0.05
1323,526,102,2,188.19,0.15
1324,526,82,3,113.87,0.15
1325,526,43,3,30.23,0.15
1326,527,68,3,86.11,0.05
1327,527,74,3,179.47,0.0
1328,527,100,1,240.04,0.1
1329,527,89,1,55.64,0.05
1330,528,118,1,70.37,0.1
1331,528,15,2,1466.49,0.05
1332,529,32,1,58.98,0.05
1333,529,27,1,116.94,0.05
1334,529,106,2,342.73,0.0
1335,529,29,3,144.47,0.15
1336,530,62,3,99.59,0.05
1337,531,10,3,783.62,0.15
1338,531,2,1,1276.88,0.05
1339,532,61,2,73.16,0.15
1340,532,53,3,55.82,0.0
1341,532,93,2,73.99,0.0
1342,533,65,1,94.35,0.15
1343,533,21,2,1122.92,0.15
1344,534,55,1,32.53,0.1
1345,534,120,1,64.19,0.15
1346,535,29,2,144.47,0.05
1347,536,84,2,189.75,0.05
1348,536,83,1,77.52,0.1
1349,536,52,3,58.53,0.15
1350,537,78,2,198.38,0.0
1351,537,100,1,240.04,0.1
1352,537,109,1,67.25,0.0
1353,538,25,3,101.45,0.0
1354,538,71,1,69.64,0.1
1355,538,26,1,114.37,0.0
1356,539,2,2,1276.88,0.15
1357,539,46,3,64.91,0.05
1358,539,97,2,308.18,0.15
1359,540,43,2,30.23,0.0
1360,541,76,2,115.79,0.05
1361,541,112,1,66.68,0.15
1362,541,110,1,31.39,0.0
1363,541,5,3,856.49,0.05
1364,542,65,3,94.35,0.1
1365,542,67,2,48.23,0.05
1366,543,6,3,1247.26,0.15
1367,543,115,1,74.95,0.05
1368,543,92,3,59.67,0.0
1369,543,100,1,240.04,0.15
1370,544,71,1,69.64,0.15
1371,544,112,1,66.68,0.15
1372,544,103,2,299.32,0.05
1373,545,46,1,64.91,0.15
1374,545,12,2,876.42,0.15
1375,545,10,2,783.62,0.15
1376,546,6,2,1247.26,0.15
1377,546,47,3,31.94,0.05
1378,546,110,2,31.39,0.1
1379,546,37,3,36.6,0.1
1380,547,34,3,125.09,0.0
1381,547,113,3,45.91,0.05
1382,547,88,3,109.47,0.0
1383,547,6,1,1247.26,0.0
1384,548,29,2,144.47,0.15
1385,549,14,1,929.55,0.15
1386,549,11,2,863.36,0.05
1387,549,24,2,1445.96,0.1
1388,549,94,1,121.02,0.1
1389,550,15,3,1466.49,0.05
1390,550,36,2,67.29,0.05
1391,550,59,3,28.01,0.05
1392,550,5,2,856.49,0.0
1393,551,61,1,73.16,0.15
1394,551,28,2,89.14,0.1
1395,551,7,3,1081.5,0.05
1396,551,112,1,66.68,0.05
1397,552,112,3,66.68,0.1
1398,552,54,1,20.73,0.0
1399,552,68,1,86.11,0.15
1400,552,28,2,89.14,0.1
1401,553,61,1,73.16,0.15
1402,553,69,2,114.57,0.15
1403,553,89,1,55.64,0.05
1404,553,101,1,403.43,0.05
1405,554,2,2,1276.88,0.05
1406,554,20,2,1272.89,0.1
1407,554,115,1,74.95,0.15
1408,555,82,3,113.87,0.0
1409,555,58,1,44.05,0.05
1410,556,77,1,105.72,0.1
1411,556,49,1,53.79,0.05
1412,557,65,1,94.35,0.15
1413,557,105,3,321.26,0.15
1414,557,112,2,66.68,0.15
1415,558,15,2,1466.49,0.15
1416,558,119,2,62.24,0.05
1417,558,23,3,1138.4,0.05
1418,559,82,1,113.87,0.0
1419,559,37,1,36.6,0.0
1420,559,90,3,100.08,0.0
1421,559,80,3,81.78,0.15
1422,560,65,3,94.35,0.1
1423,560,75,2,181.68,0.05
1424,560,104,1,175.21,0.15
1425,560,5,3,856.49,0.15
1426,561,102,2,188.19,0.15
1427,561,117,1,75.36,0.1
1428,561,60,1,31.57,0.1
1429,562,87,2,104.67,0.0
1430,562,31,1,69.02,0.0
1431,562,1,1,1061.42,0.1
1432,562,116,3,92.44,0.1
1433,563,72,1,111.1,0.15
1434,563,51,1,53.62,0.15
1435,564,52,2,58.53,0.05
1436,564,116,2,92.44,0.05
1437,565,108,2,285.82,0.05
1438,565,98,2,406.86,0.05
1439,565,81,1,111.58,0.0
1440,565,118,1,70.37,0.15
1441,566,80,3,81.78,0.0
1442,567,82,1,113.87,0.05
1443,567,81,3,111.58,0.05
1444,567,100,2,240.04,0.05
1445,567,46,3,64.91,0.05
1446,568,11,3,863.36,0.0
1447,568,120,3,64.19,0.0
1448,568,19,1,1303.76,0.15
1449,569,12,2,876.42,0.1
1450,569,10,1,783.62,0.15
1451,570,81,2,111.58,0.15
1452,570,10,2,783.62,0.15
1453,570,27,1,116.94,0.05
1454,570,88,2,109.47,0.0
1455,571,45,3,58.26,0.0
1456,571,62,1,99.59,0.1
1457,571,79,1,243.88,0.05
1458,572,28,2,89.14,0.0
1459,572,111,1,99.29,0.0
1460,573,35,2,109.54,0.05
1461,573,36,1,67.29,0.1
1462,574,66,2,106.71,0.05
1463,574,52,1,58.53,0.1
1464,574,119,2,62.24,0.0
1465,574,25,3,101.45,0.1
1466,575,56,3,23.54,0.1
1467,575,114,2,46.87,0.0
1468,575,58,3,44.05,0.15
1469,575,55,2,32.53,0.05
1470,576,22,2,845.9,0.15
1471,576,114,2,46.87,0.1
1472,576,5,2,856.49,0.0
1473,576,66,1,106.71,0.05
1474,577,10,3,783.62,0.1
1475,577,28,2,89.14,0.05
1476,578,92,2,59.67,0.05
1477,579,72,2,111.1,0.1
1478,579,9,3,1017.39,0.05
1479,580,74,3,179.47,0.15
1480,581,103,2,299.32,0.15
1481,582,22,2,845.9,0.05
1482,582,77,3,105.72,0.0
1483,582,42,2,58.5,0.0
1484,582,76,3,115.79,0.0
1485,583,5,3,856.49,0.0
1486,583,115,2,74.95,0.0
1487,583,69,1,114.57,0.15
1488,583,118,1,70.37,0.15
1489,584,11,2,863.36,0.0
1490,584,72,2,111.1,0.1
1491,584,100,3,240.04,0.15
1492,584,41,2,45.79,0.0
1493,585,106,1,342.73,0.05
1494,586,25,3,101.45,0.1
1495,587,114,1,46.87,0.0
1496,587,101,2,403.43,0.0
1497,587,6,2,1247.26,0.1
1498,588,75,1,181.68,0.05
1499,588,59,2,28.01,0.05
1500,589,74,3,179.47,0.15
1501,589,62,2,99.59,0.1
1502,590,92,3,59.67,0.05
1503,590,11,3,863.36,0.05
1504,590,46,3,64.91,0.0
1505,591,86,1,110.76,0.15
1506,592,105,3,321.26,0.1
1507,592,76,2,115.79,0.15
1508,593,29,2,144.47,0.15
1509,593,118,2,70.37,0.05
1510,594,88,3,109.47,0.0
1511,594,40,1,52.28,0.15
1512,595,24,3,1445.96,0.15
1513,595,35,2,109.54,0.1
1514,595,4,1,1016.95,0.0
1515,595,61,2,73.16,0.15
1516,596,7,2,1081.5,0.0
1517,596,57,1,62.07,0.15
1518,596,35,3,109.54,0.15
1519,597,68,3,86.11,0.15
1520,597,78,1,198.38,0.0
1521,597,64,3,93.19,0.05
1522,598,74,2,179.47,0.05
1523,599,51,3,53.62,0.1
1524,599,13,2,1416.4,0.05
1525,599,29,1,144.47,0.05
1526,599,94,2,121.02,0.1
1527,600,95,3,67.35,0.05
1528,600,40,1,52.28,0.1
1529,600,110,3,31.39,0.0
1530,600,117,1,75.36,0.05
1531,601,86,2,110.76,0.15
1532,602,22,3,845.9,0.0
1533,603,112,1,66.68,0.0
1534,603,32,3,58.98,0.1
1535,603,61,1,73.16,0.05
1536,603,15,1,1466.49,0.0
1537,604,95,3,67.35,0.15
1538,604,45,2,58.26,0.1
1539,604,70,2,54.65,0.0
1540,604,33,2,96.96,0.1
1541,605,15,3,1466.49,0.0
1542,605,35,1,109.54,0.15
1543,605,88,1,109.47,0.05
1544,605,67,2,48.23,0.15
1545,606,47,1,31.94,0.15
1546,606,27,3,116.94,0.0
1547,606,96,2,124.74,0.15
1548,606,12,3,876.42,0.05
1549,607,76,1,115.79,0.0
1550,607,54,3,20.73,0.1
1551,607,36,3,67.29,0.0
1552,607,40,2,52.28,0.15
1553,608,119,3,62.24,0.05
1554,608,88,3,109.47,0.1
1555,608,19,3,1303.76,0.05
1556,608,60,2,31.57,0.15
1557,609,6,3,1247.26,0.0
1558,609,28,1,89.14,0.15
1559,609,37,2,36.6,0.0
1560,609,106,2,342.73,0.1
1561,610,101,3,403.43,0.05
1562,610,110,1,31.39,0.1
1563,610,65,1,94.35,0.05
1564,611,61,2,73.16,0.05
1565,612,115,2,74.95,0.1
1566,613,103,3,299.32,0.05
1567,613,75,2,181.68,0.05
1568,613,18,2,813.45,0.05
1569,614,70,2,54.65,0.0
1570,614,24,1,1445.96,0.15
1571,614,49,3,53.79,0.1
1572,614,101,3,403.43,0.1
1573,615,60,1,31.57,0.15
1574,615,4,1,1016.95,0.05
1575,615,117,3,75.36,0.1
1576,615,72,1,111.1,0.1
1577,616,7,2,1081.5,0.05
1578,616,97,2,308.18,0.0
1579,616,109,2,67.25,0.15
1580,617,43,3,30.23,0.0
1581,618,16,3,1522.38,0.0
1582,619,18,3,813.45,0.05
1583,619,29,2,144.47,0.1
1584,619,115,3,74.95,0.0
1585,619,87,2,104.67,0.05
1586,620,67,1,48.23,0.05
1587,621,51,2,53.62,0.15
1588,621,8,2,1131.13,0.05
1589,621,119,1,62.24,0.1
1590,621,16,3,1522.38,0.15
1591,622,19,3,1303.76,0.05
1592,622,105,1,321.26,0.05
1593,623,76,2,115.79,0.1
1594,624,60,2,31.57,0.15
1595,625,2,3,1276.88,0.15
1596,625,75,1,181.68,0.1
1597,625,39,1,57.67,0.15
1598,625,5,3,856.49,0.15
1599,626,45,3,58.26,0.15
1600,626,116,3,92.44,0.0
1601,627,59,1,28.01,0.1
1602,627,92,3,59.67,0.1
1603,627,110,2,31.39,0.0
1604,628,74,3,179.47,0.1
1605,628,91,1,94.87,0.1
1606,629,6,1,1247.26,0.05
1607,630,42,3,58.5,0.05
1608,630,98,1,406.86,0.05
1609,630,30,3,139.26,0.15
1610,630,99,2,181.09,0.0
1611,631,57,2,62.07,0.0
1612,632,18,1,813.45,0.05
1613,632,82,2,113.87,0.15
1614,632,74,2,179.47,0.1
1615,632,72,1,111.1,0.05
1616,633,12,1,876.42,0.0
1617,633,75,1,181.68,0.0
1618,634,73,2,117.31,0.05
1619,634,70,3,54.65,0.15
1620,634,111,1,99.29,0.05
1621,634,10,3,783.62,0.15
1622,635,55,1,32.53,0.0
1623,635,81,1,111.58,0.1
1624,635,49,1,53.79,0.0
1625,635,112,2,66.68,0.05
1626,636,106,2,342.73,0.15
1627,636,38,3,53.59,0.1
1628,637,69,3,114.57,0.05
1629,638,75,2,181.68,0.1
1630,639,43,1,30.23,0.05
1631,639,114,1,46.87,0.1
1632,640,45,1,58.26,0.15
1633,641,35,1,109.54,0.0
1634,641,93,1,73.99,0.15
1635,642,101,1,403.43,0.0
1636,642,109,1,67.25,0.0
1637,642,113,1,45.91,0.15
1638,643,90,3,100.08,0.05
1639,643,17,1,1005.58,0.15
1640,643,56,1,23.54,0.1
1641,643,55,2,32.53,0.05
1642,644,76,1,115.79,0.05
1643,645,112,3,66.68,0.05
1644,646,37,2,36.6,0.1
1645,646,6,3,1247.26,0.05
1646,647,85,1,122.17,0.0
1647,648,115,1,74.95,0.15
1648,648,118,3,70.37,0.1
1649,648,110,2,31.39,0.1
1650,649,7,2,1081.5,0.15
1651,650,108,1,285.82,0.1
1652,650,67,3,48.23,0.05
1653,651,90,3,100.08,0.15
1654,651,57,1,62.07,0.0
1655,652,39,2,57.67,0.15
1656,652,106,2,342.73,0.0
1657,652,11,2,863.36,0.15
1658,652,8,2,1131.13,0.0
1659,653,69,1,114.57,0.1
1660,653,7,1,1081.5,0.1
1661,653,85,2,122.17,0.05
1662,653,40,1,52.28,0.1
1663,654,104,1,175.21,0.15
1664,655,21,3,1122.92,0.05
1665,655,49,1,53.79,0.0
1666,655,60,2,31.57,0.1
1667,656,5,2,856.49,0.1
1668,656,79,3,243.88,0.0
1669,656,36,1,67.29,0.1
1670,656,47,3,31.94,0.1
1671,657,57,1,62.07,0.15
1672,658,53,3,55.82,0.0
1673,658,8,2,1131.13,0.1
1674,659,34,1,125.09,0.05
1675,659,112,3,66.68,0.05
1676,659,64,1,93.19,0.0
1677,660,75,3,181.68,0.05
1678,660,41,1,45.79,0.1
1679,660,6,2,1247.26,0.0
1680,660,71,3,69.64,0.1
1681,661,65,2,94.35,0.0
1682,662,107,2,315.32,0.0
1683,662,106,3,342.73,0.15
1684,662,88,2,109.47,0.05
1685,663,53,2,55.82,0.15
1686,663,115,2,74.95,0.0
1687,663,84,1,189.75,0.1
1688,664,14,3,929.55,0.05
1689,665,28,3,89.14,0.0
1690,665,49,3,53.79,0.05
1691,665,107,2,315.32,0.0
1692,666,69,3,114.57,0.0
1693,666,94,3,121.02,0.15
1694,666,16,3,1522.38,0.15
1695,666,109,2,67.25,0.1
1696,667,43,2,30.23,0.05
1697,667,32,2,58.98,0.1
1698,668,47,3,31.94,0.0
1699,668,11,2,863.36,0.15
1700,668,46,3,64.91,0.05
1701,668,72,2,111.1,0.15
1702,669,119,1,62.24,0.15
1703,669,69,3,114.57,0.05
1704,670,11,2,863.36,0.15
1705,671,116,2,92.44,0.0
1706,671,24,1,1445.96,0.0
1707,672,96,1,124.74,0.15
1708,672,13,1,1416.4,0.05
1709,672,17,1,1005.58,0.05
1710,672,112,3,66.68,0.15
1711,673,92,1,59.67,0.1
1712,673,38,2,53.59,0.0
1713,674,117,3,75.36,0.15
1714,674,53,2,55.82,0.15
1715,674,81,3,111.58,0.05
1716,674,58,3,44.05,0.05
1717,675,87,2,104.67,0.1
1718,675,84,2,189.75,0.05
1719,675,59,3,28.01,0.1
1720,676,73,3,117.31,0.15
1721,677,19,3,1303.76,0.05
1722,677,6,2,1247.26,0.1
1723,678,37,2,36.6,0.15
1724,679,78,1,198.38,0.1
1725,679,97,1,308.18,0.0
1726,679,14,1,929.55,0.05
1727,680,1,1,1061.42,0.1
1728,680,63,1,82.03,0.1
1729,681,38,3,53.59,0.0
1730,681,118,2,70.37,0.15
1731,681,15,2,1466.49,0.1
1732,681,92,1,59.67,0.05
1733,682,96,1,124.74,0.0
1734,683,81,1,111.58,0.1
1735,683,95,1,67.35,0.15
1736,683,66,1,106.71,0.1
1737,683,87,1,104.67,0.0
1738,684,87,2,104.67,0.15
1739,684,26,1,114.37,0.15
1740,685,82,1,113.87,0.05
1741,685,113,1,45.91,0.15
1742,686,5,3,856.49,0.1
1743,686,54,3,20.73,0.15
1744,687,113,1,45.91,0.1
1745,687,39,3,57.67,0.15
1746,688,38,2,53.59,0.15
1747,688,13,2,1416.4,0.1
1748,688,29,1,144.47,0.15
1749,688,15,1,1466.49,0.05
1750,689,90,1,100.08,0.15
1751,689,51,2,53.62,0.15
1752,689,91,3,94.87,0.05
1753,690,8,2,1131.13,0.1
1754,690,72,2,111.1,0.15
1755,690,99,2,181.09,0.15
1756,690,42,2,58.5,0.1
1757,691,82,2,113.87,0.15
1758,691,105,2,321.26,0.05
1759,691,6,3,1247.26,0.05
1760,692,17,1,1005.58,0.0
1761,692,78,2,198.38,0.0
1762,692,70,3,54.65,0.1
1763,693,67,1,48.23,0.1
1764,694,38,1,53.59,0.1
1765,694,103,2,299.32,0.15
1766,695,109,1,67.25,0.0
1767,696,39,3,57.67,0.05
1768,696,4,1,1016.95,0.1
1769,696,30,3,139.26,0.0
1770,697,111,1,99.29,0.15
1771,697,11,1,863.36,0.0
1772,697,10,3,783.62,0.05
1773,698,107,2,315.32,0.1
1774,698,78,2,198.38,0.0
1775,699,84,2,189.75,0.1
1776,699,74,2,179.47,0.0
1777,699,61,1,73.16,0.15
1778,700,49,2,53.79,0.15
1779,700,3,2,1143.05,0.0
1780,701,99,2,181.09,0.0
1781,701,30,3,139.26,0.1
1782,701,58,2,44.05,0.05
1783,701,48,3,56.46,0.0
1784,702,76,2,115.79,0.15
1785,702,32,3,58.98,0.05
1786,702,11,1,863.36,0.15
1787,702,19,2,1303.76,0.15
1788,703,42,3,58.5,0.15
1789,704,70,1,54.65,0.1
1790,704,64,2,93.19,0.15
1791,704,41,3,45.79,0.0
1792,704,84,1,189.75,0.15
1793,705,67,1,48.23,0.05
1794,705,96,1,124.74,0.15
1795,706,81,3,111.58,0.15
1796,706,103,1,299.32,0.15
1797,707,93,3,73.99,0.1
1798,707,119,3,62.24,0.1
1799,707,113,3,45.91,0.1
1800,708,103,3,299.32,0.1
1801,708,79,3,243.88,0.1
1802,709,22,3,845.9,0.15
1803,709,68,1,86.11,0.1
1804,710,40,3,52.28,0.05
1805,711,13,2,1416.4,0.05
1806,711,8,1,1131.13,0.1
1807,711,80,3,81.78,0.05
1808,712,37,2,36.6,0.1
1809,712,106,2,342.73,0.15
1810,712,117,2,75.36,0.05
1811,713,36,2,67.29,0.0
1812,713,23,1,1138.4,0.15
1813,714,27,1,116.94,0.05
1814,714,22,1,845.9,0.05
1815,714,1,1,1061.42,0.05
1816,714,101,2,403.43,0.0
1817,715,55,2,32.53,0.0
1818,715,86,1,110.76,0.15
1819,715,61,2,73.16,0.15
1820,715,42,3,58.5,0.15
1821,716,114,3,46.87,0.05
1822,717,108,3,285.82,0.15
1823,717,56,2,23.54,0.1
1824,718,4,2,1016.95,0.15
1825,718,111,3,99.29,0.1
1826,719,120,1,64.19,0.05
1827,719,96,2,124.74,0.1
1828,720,117,2,75.36,0.1
1829,721,83,1,77.52,0.1
1830,721,62,2,99.59,0.0
1831,721,51,3,53.62,0.0
1832,722,61,3,73.16,0.0
1833,722,96,1,124.74,0.1
1834,723,112,1,66.68,0.0
1835,723,109,2,67.25,0.0
1836,724,13,2,1416.4,0.05
1837,724,110,3,31.39,0.0
1838,724,70,2,54.65,0.1
1839,725,54,1,20.73,0.05
1840,725,108,3,285.82,0.05
1841,725,86,3,110.76,0.1
1842,725,8,1,1131.13,0.05
1843,726,23,1,1138.4,0.1
1844,726,82,2,113.87,0.1
1845,726,96,1,124.74,0.1
1846,726,108,2,285.82,0.0
1847,727,94,1,121.02,0.1
1848,727,12,3,876.42,0.0
1849,728,59,3,28.01,0.05
1850,728,11,2,863.36,0.05
1851,728,113,3,45.91,0.05
1852,729,36,3,67.29,0.1
1853,729,18,2,813.45,0.05
1854,730,34,2,125.09,0.0
1855,730,90,2,100.08,0.1
1856,730,57,3,62.07,0.1
1857,731,5,3,856.49,0.15
1858,731,107,1,315.32,0.05
1859,732,12,1,876.42,0.1
1860,732,66,1,106.71,0.15
1861,732,99,2,181.09,0.0
1862,733,18,2,813.45,0.15
1863,733,60,3,31.57,0.0
1864,733,76,2,115.79,0.0
1865,733,42,3,58.5,0.1
1866,734,83,1,77.52,0.1
1867,734,116,2,92.44,0.05
1868,734,13,2,1416.4,0.05
1869,735,94,1,121.02,0.1
1870,735,52,3,58.53,0.1
1871,735,61,3,73.16,0.1
1872,735,107,2,315.32,0.15
1873,736,54,2,20.73,0.1
1874,737,119,3,62.24,0.05
1875,737,39,3,57.67,0.05
1876,738,12,2,876.42,0.05
1877,739,85,1,122.17,0.05
1878,740,110,2,31.39,0.0
1879,740,27,3,116.94,0.05
1880,741,1,2,1061.42,0.0
1881,741,62,2,99.59,0.15
1882,741,21,3,1122.92,0.05
1883,742,98,1,406.86,0.15
1884,742,118,1,70.37,0.1
1885,743,77,2,105.72,0.15
1886,743,51,3,53.62,0.0
1887,743,69,1,114.57,0.05
1888,743,10,1,783.62,0.1
1889,744,118,1,70.37,0.15
1890,744,10,1,783.62,0.0
1891,744,83,1,77.52,0.1
1892,744,30,2,139.26,0.0
1893,745,37,2,36.6,0.15
1894,745,40,1,52.28,0.1
1895,746,60,1,31.57,0.1
1896,747,21,2,1122.92,0.05
1897,748,55,2,32.53,0.1
1898,748,99,3,181.09,0.0
1899,748,7,3,1081.5,0.15
1900,748,39,3,57.67,0.1
1901,749,15,2,1466.49,0.15
1902,749,101,3,403.43,0.0
1903,749,23,1,1138.4,0.0
1904,750,66,3,106.71,0.15
1905,750,105,2,321.26,0.0
1906,751,59,3,28.01,0.1
1907,751,47,2,31.94,0.15
1908,751,7,2,1081.5,0.1
1909,751,114,1,46.87,0.1
1910,752,42,3,58.5,0.0
1911,752,39,2,57.67,0.0
1912,752,82,3,113.87,0.15
1913,752,5,1,856.49,0.05
1914,753,82,2,113.87,0.1
1915,753,64,2,93.19,0.15
1916,754,10,2,783.62,0.1
1917,755,49,3,53.79,0.0
1918,756,52,2,58.53,0.0
1919,756,3,2,1143.05,0.0
1920,756,24,1,1445.96,0.1
1921,756,96,2,124.74,0.05
1922,757,36,1,67.29,0.1
1923,757,96,3,124.74,0.0
1924,757,89,3,55.64,0.15
1925,757,100,1,240.04,0.1
1926,758,85,2,122.17,0.1
1927,758,17,1,1005.58,0.05
1928,758,36,1,67.29,0.0
1929,758,35,3,109.54,0.1
1930,759,76,2,115.79,0.15
1931,759,54,2,20.73,0.0
1932,759,82,2,113.87,0.1
1933,759,77,2,105.72,0.1
1934,760,27,3,116.94,0.15
1935,760,69,2,114.57,0.15
1936,760,90,1,100.08,0.0
1937,760,22,3,845.9,0.15
1938,761,39,2,57.67,0.15
1939,761,38,3,53.59,0.15
1940,761,97,1,308.18,0.05
1941,762,98,3,406.86,0.15
1942,762,3,1,1143.05,0.15
1943,762,97,3,308.18,0.05
1944,762,37,2,36.6,0.0
1945,763,74,2,179.47,0.05
1946,764,46,3,64.91,0.1
1947,764,97,2,308.18,0.1
1948,764,28,3,89.14,0.0
1949,764,54,3,20.73,0.1
1950,765,37,1,36.6,0.05
1951,765,106,2,342.73,0.1
1952,765,119,1,62.24,0.1
1953,765,58,2,44.05,0.05
1954,766,53,3,55.82,0.05
1955,766,25,1,101.45,0.0
1956,766,82,3,113.87,0.15
1957,766,4,1,1016.95,0.1
1958,767,48,1,56.46,0.15
1959,768,23,3,1138.4,0.05
1960,768,61,2,73.16,0.05
1961,769,59,2,28.01,0.05
1962,769,32,1,58.98,0.15
1963,769,88,3,109.47,0.0
1964,769,78,3,198.38,0.1
1965,770,1,3,1061.42,0.0
1966,771,10,3,783.62,0.0
1967,771,101,3,403.43,0.0
1968,771,54,2,20.73,0.15
1969,771,34,3,125.09,0.0
1970,772,47,2,31.94,0.15
1971,773,98,1,406.86,0.05
1972,773,106,2,342.73,0.15
1973,773,75,3,181.68,0.1
1974,774,34,2,125.09,0.0
1975,774,13,2,1416.4,0.15
1976,775,43,2,30.23,0.1
1977,775,101,3,403.43,0.0
1978,775,58,1,44.05,0.05
1979,775,90,3,100.08,0.1
1980,776,92,3,59.67,0.05
1981,776,38,3,53.59,0.1
1982,776,40,2,52.28,0.15
1983,777,110,3,31.39,0.05
1984,777,50,1,52.38,0.05
1985,777,33,3,96.96,0.1
1986,778,62,2,99.59,0.05
1987,778,80,3,81.78,0.1
1988,778,116,3,92.44,0.1
1989,778,22,2,845.9,0.15
1990,779,115,1,74.95,0.1
1991,779,49,1,53.79,0.1
1992,779,2,1,1276.88,0.05
1993,779,86,1,110.76,0.1
1994,780,73,3,117.31,0.05
1995,780,117,3,75.36,0.05
1996,780,82,2,113.87,0.0
1997,780,2,2,1276.88,0.0
1998,781,103,1,299.32,0.15
1999,782,89,3,55.64,0.05
2000,782,120,1,64.19,0.15
2001,783,12,3,876.42,0.0
2002,783,96,1,124.74,0.1
2003,783,25,1,101.45,0.05
2004,784,60,1,31.57,0.1
2005,784,13,3,1416.4,0.0
2006,784,69,1,114.57,0.15
2007,784,113,1,45.91,0.15
2008,785,77,2,105.72,0.0
2009,785,63,3,82.03,0.15
2010,786,76,3,115.79,0.15
2011,786,104,1,175.21,0.1
2012,787,43,2,30.23,0.1
2013,787,65,3,94.35,0.1
2014,788,87,2,104.67,0.15
2015,788,72,1,111.1,0.05
2016,788,65,2,94.35,0.0
2017,789,23,2,1138.4,0.1
2018,789,9,1,1017.39,0.15
2019,790,25,1,101.45,0.05
2020,790,100,1,240.04,0.1
2021,791,88,2,109.47,0.05
2022,792,101,3,403.43,0.05
2023,792,22,2,845.9,0.15
2024,792,110,3,31.39,0.15
2025,792,21,3,1122.92,0.1
2026,793,48,2,56.46,0.1
2027,793,19,3,1303.76,0.1
2028,793,40,2,52.28,0.1
2029,794,98,2,406.86,0.0
2030,795,99,3,181.09,0.05
2031,795,36,1,67.29,0.1
2032,795,3,2,1143.05,0.1
2033,795,105,1,321.26,0.1
2034,796,103,3,299.32,0.15
2035,796,28,2,89.14,0.0
2036,797,93,3,73.99,0.15
2037,797,76,3,115.79,0.15
2038,797,61,1,73.16,0.1
2039,797,6,3,1247.26,0.15
2040,798,69,2,114.57,0.0
2041,798,48,2,56.46,0.05
2042,798,57,3,62.07,0.0
2043,799,76,3,115.79,0.05
2044,799,39,3,57.67,0.0
2045,800,72,2,111.1,0.0
2046,800,68,1,86.11,0.0
2047,800,105,3,321.26,0.1
2048,801,24,2,1445.96,0.05
2049,801,42,2,58.5,0.1
2050,802,33,1,96.96,0.05
2051,802,78,1,198.38,0.15
2052,802,96,2,124.74,0.15
2053,803,117,3,75.36,0.1
2054,804,102,2,188.19,0.1
2055,804,69,3,114.57,0.0
2056,804,63,3,82.03,0.0
2057,805,74,2,179.47,0.05
2058,806,60,3,31.57,0.05
2059,806,58,3,44.05,0.1
2060,806,114,1,46.87,0.05
2061,807,114,2,46.87,0.0
2062,807,3,3,1143.05,0.15
2063,807,52,1,58.53,0.0
2064,807,74,1,179.47,0.1
2065,808,69,3,114.57,0.05
2066,808,59,3,28.01,0.1
2067,808,84,3,189.75,0.05
2068,809,13,3,1416.4,0.0
2069,809,4,1,1016.95,0.1
2070,810,26,1,114.37,0.15
2071,810,39,2,57.67,0.05
2072,811,16,2,1522.38,0.05
2073,811,107,2,315.32,0.0
2074,811,49,2,53.79,0.15
2075,811,4,2,1016.95,0.05
2076,812,12,1,876.42,0.0
2077,813,95,2,67.35,0.15
2078,813,78,1,198.38,0.05
2079,813,46,1,64.91,0.1
2080,813,96,2,124.74,0.1
2081,814,103,1,299.32,0.1
2082,814,54,2,20.73,0.1
2083,814,52,1,58.53,0.15
2084,814,110,3,31.39,0.1
2085,815,113,3,45.91,0.1
2086,815,61,1,73.16,0.05
2087,815,3,1,1143.05,0.05
2088,815,36,3,67.29,0.0
2089,816,98,1,406.86,0.1
2090,816,5,2,856.49,0.15
2091,816,8,1,1131.13,0.15
2092,816,77,1,105.72,0.05
2093,817,101,1,403.43,0.0
2094,818,117,3,75.36,0.1
2095,818,108,1,285.82,0.0
2096,818,34,2,125.09,0.0
2097,819,70,2,54.65,0.05
2098,820,12,1,876.42,0.0
2099,820,54,2,20.73,0.15
2100,821,40,2,52.28,0.15
2101,822,79,1,243.88,0.15
2102,822,86,2,110.76,0.05
2103,822,92,1,59.67,0.05
2104,823,96,1,124.74,0.15
2105,824,33,3,96.96,0.1
2106,824,24,2,1445.96,0.15
2107,825,85,3,122.17,0.0
2108,825,19,3,1303.76,0.15
2109,825,75,3,181.68,0.0
2110,826,107,1,315.32,0.05
2111,827,110,3,31.39,0.15
2112,827,45,2,58.26,0.05
2113,827,25,2,101.45,0.1
2114,827,81,3,111.58,0.15
2115,828,44,2,59.87,0.1
2116,828,115,2,74.95,0.15
2117,828,24,3,1445.96,0.0
2118,829,55,3,32.53,0.05
2119,829,83,1,77.52,0.05
2120,829,4,2,1016.95,0.0
2121,830,40,3,52.28,0.0
2122,830,58,3,44.05,0.05
2123,830,56,2,23.54,0.05
2124,831,26,3,114.37,0.1
2125,832,103,3,299.32,0.1
2126,833,13,1,1416.4,0.05
2127,833,88,3,109.47,0.05
2128,834,38,2,53.59,0.15
2129,834,50,2,52.38,0.1
2130,834,116,1,92.44,0.1
2131,834,67,1,48.23,0.0
2132,835,119,3,62.24,0.0
2133,835,94,1,121.02,0.15
2134,836,51,1,53.62,0.15
2135,836,101,2,403.43,0.05
2136,837,18,1,813.45,0.05
2137,837,115,1,74.95,0.15
2138,837,52,1,58.53,0.1
2139,838,99,3,181.09,0.15
2140,839,70,3,54.65,0.15
2141,840,49,2,53.79,0.0
2142,841,98,1,406.86,0.0
2143,841,38,3,53.59,0.1
2144,841,29,1,144.47,0.15
2145,841,67,3,48.23,0.15
2146,842,108,2,285.82,0.1
2147,842,93,3,73.99,0.1
2148,842,94,2,121.02,0.1
2149,843,32,3,58.98,0.15
2150,843,75,3,181.68,0.1
2151,843,64,1,93.19,0.15
2152,843,29,3,144.47,0.15
2153,844,74,1,179.47,0.0
2154,845,105,1,321.26,0.1
2155,845,51,3,53.62,0.15
2156,845,92,2,59.67,0.0
2157,845,96,2,124.74,0.15
2158,846,13,2,1416.4,0.0
2159,846,38,3,53.59,0.15
2160,846,118,2,70.37,0.1
2161,847,42,2,58.5,0.1
2162,848,100,2,240.04,0.0
2163,848,105,2,321.26,0.1
2164,848,23,3,1138.4,0.05
2165,849,82,2,113.87,0.1
2166,850,34,3,125.09,0.15
2167,850,110,2,31.39,0.1
2168,851,42,1,58.5,0.05
2169,851,3,3,1143.05,0.1
2170,852,80,1,81.78,0.0
2171,852,90,3,100.08,0.15
2172,852,10,2,783.62,0.05
2173,852,26,3,114.37,0.1
2174,853,109,3,67.25,0.1
2175,854,32,3,58.98,0.05
2176,855,32,1,58.98,0.15
2177,855,113,3,45.91,0.05
2178,856,110,3,31.39,0.15
2179,857,53,3,55.82,0.15
2180,857,24,3,1445.96,0.15
2181,858,56,1,23.54,0.1
2182,858,48,3,56.46,0.1
2183,858,47,1,31.94,0.05
2184,859,13,3,1416.4,0.15
2185,859,118,3,70.37,0.1
2186,860,92,3,59.67,0.05
2187,860,90,2,100.08,0.1
2188,860,83,3,77.52,0.0
2189,861,9,2,1017.39,0.0
2190,861,22,2,845.9,0.15
2191,861,3,3,1143.05,0.05
2192,861,72,1,111.1,0.1
2193,862,92,3,59.67,0.15
2194,863,85,2,122.17,0.1
2195,863,58,2,44.05,0.05
2196,864,111,1,99.29,0.1
2197,864,1,3,1061.42,0.0
2198,864,79,1,243.88,0.0
2199,865,77,1,105.72,0.05
2200,865,100,1,240.04,0.15
2201,866,74,2,179.47,0.15
2202,866,90,3,100.08,0.15
2203,866,88,1,109.47,0.1
2204,866,50,1,52.38,0.0
2205,867,64,2,93.19,0.15
2206,867,12,1,876.42,0.05
2207,867,24,2,1445.96,0.0
2208,868,113,3,45.91,0.0
2209,869,68,1,86.11,0.0
2210,870,110,1,31.39,0.15
2211,870,9,1,1017.39,0.05
2212,870,23,2,1138.4,0.0
2213,871,91,1,94.87,0.05
2214,871,109,2,67.25,0.0
2215,871,113,3,45.91,0.0
2216,871,99,3,181.09,0.0
2217,872,76,1,115.79,0.0
2218,872,67,2,48.23,0.05
2219,873,101,3,403.43,0.0
2220,873,58,2,44.05,0.05
2221,873,15,2,1466.49,0.05
2222,873,86,1,110.76,0.15
2223,874,118,2,70.37,0.0
2224,875,97,2,308.18,0.1
2225,875,70,1,54.65,0.15
2226,875,83,1,77.52,0.1
2227,875,26,3,114.37,0.15
2228,876,63,1,82.03,0.1
2229,877,99,1,181.09,0.0
2230,877,88,1,109.47,0.0
2231,877,90,2,100.08,0.05
2232,878,39,2,57.67,0.05
2233,879,95,1,67.35,0.1
2234,879,66,3,106.71,0.0
2235,879,68,1,86.11,0.0
2236,879,109,2,67.25,0.05
2237,880,64,3,93.19,0.0
2238,880,27,1,116.94,0.15
2239,881,116,1,92.44,0.1
2240,882,6,1,1247.26,0.1
2241,882,20,2,1272.89,0.1
2242,882,19,1,1303.76,0.1
2243,882,77,2,105.72,0.0
2244,883,105,2,321.26,0.1
2245,883,100,3,240.04,0.0
2246,884,10,1,783.62,0.0
2247,884,82,1,113.87,0.15
2248,885,88,3,109.47,0.15
2249,885,92,2,59.67,0.1
2250,885,120,2,64.19,0.1
2251,886,12,2,876.42,0.05
2252,886,72,1,111.1,0.0
2253,887,107,2,315.32,0.05
2254,888,57,2,62.07,0.0
2255,888,95,3,67.35,0.05
2256,888,19,1,1303.76,0.1
2257,889,111,1,99.29,0.1
2258,889,33,2,96.96,0.05
2259,889,118,3,70.37,0.0
2260,890,29,1,144.47,0.05
2261,891,9,3,1017.39,0.1
2262,891,108,3,285.82,0.05
2263,891,32,1,58.98,0.1
2264,891,78,1,198.38,0.0
2265,892,93,2,73.99,0.1
2266,892,120,1,64.19,0.05
2267,893,73,1,117.31,0.15
2268,894,73,3,117.31,0.0
2269,895,37,2,36.6,0.05
2270,895,88,3,109.47,0.15
2271,895,79,3,243.88,0.1
2272,895,50,2,52.38,0.15
2273,896,29,3,144.47,0.05
2274,896,19,2,1303.76,0.1
2275,896,37,1,36.6,0.1
2276,897,59,2,28.01,0.05
2277,898,54,2,20.73,0.15
2278,898,114,2,46.87,0.15
2279,898,59,2,28.01,0.1
2280,898,94,2,121.02,0.15
2281,899,92,3,59.67,0.05
2282,899,25,3,101.45,0.1
2283,900,83,2,77.52,0.05
2284,900,40,2,52.28,0.0
2285,900,28,3,89.14,0.15
2286,901,28,3,89.14,0.05
2287,901,44,3,59.87,0.15
2288,902,50,3,52.38,0.05
2289,902,73,2,117.31,0.05
2290,903,53,2,55.82,0.05
2291,903,41,3,45.79,0.05
2292,904,87,1,104.67,0.0
2293,905,43,1,30.23,0.1
2294,906,108,3,285.82,0.1
2295,906,9,3,1017.39,0.15
2296,906,47,2,31.94,0.1
2297,907,116,1,92.44,0.05
2298,907,113,2,45.91,0.0
2299,908,90,1,100.08,0.0
2300,908,36,3,67.29,0.05
2301,908,89,2,55.64,0.0
2302,908,109,1,67.25,0.05
2303,909,76,3,115.79,0.1
2304,910,63,3,82.03,0.1
2305,911,80,3,81.78,0.15
2306,911,39,1,57.67,0.0
2307,912,46,3,64.91,0.15
2308,913,109,3,67.25,0.1
2309,913,33,3,96.96,0.0
2310,913,25,2,101.45,0.1
2311,914,58,1,44.05,0.1
2312,914,56,3,23.54,0.15
2313,914,44,3,59.87,0.0
2314,915,95,3,67.35,0.0
2315,916,50,2,52.38,0.15
2316,916,5,2,856.49,0.1
2317,916,89,3,55.64,0.15
2318,916,87,2,104.67,0.1
2319,917,63,2,82.03,0.0
2320,917,37,2,36.6,0.0
2321,918,104,1,175.21,0.0
2322,919,74,1,179.47,0.0
2323,919,103,1,299.32,0.0
2324,920,20,3,1272.89,0.15
2325,921,8,3,1131.13,0.05
2326,922,1,2,1061.42,0.05
2327,923,61,1,73.16,0.15
2328,923,105,3,321.26,0.05
2329,924,57,1,62.07,0.0
2330,925,90,3,100.08,0.0
2331,925,16,1,1522.38,0.05
2332,926,77,3,105.72,0.1
2333,926,53,1,55.82,0.15
2334,926,65,2,94.35,0.1
2335,927,37,1,36.6,0.0
2336,927,97,1,308.18,0.15
2337,927,21,2,1122.92,0.0
2338,928,2,2,1276.88,0.1
2339,928,96,3,124.74,0.0
2340,928,87,3,104.67,0.1
2341,928,12,3,876.42,0.1
2342,929,98,3,406.86,0.05
2343,929,63,1,82.03,0.05
2344,929,41,1,45.79,0.1
2345,930,60,1,31.57,0.05
2346,930,112,3,66.68,0.15
2347,930,116,2,92.44,0.0
2348,930,58,1,44.05,0.1
2349,931,2,3,1276.88,0.05
2350,931,56,1,23.54,0.05
2351,931,102,1,188.19,0.0
2352,932,26,2,114.37,0.05
2353,932,3,2,1143.05,0.1
2354,932,64,1,93.19,0.05
2355,933,110,1,31.39,0.1
2356,933,21,1,1122.92,0.0
2357,933,63,2,82.03,0.15
2358,933,86,3,110.76,0.1
2359,934,54,1,20.73,0.1
2360,934,63,3,82.03,0.05
2361,935,79,3,243.88,0.1
2362,935,16,2,1522.38,0.1
2363,935,77,3,105.72,0.05
2364,935,17,2,1005.58,0.15
2365,936,27,3,116.94,0.05
2366,936,42,2,58.5,0.15
2367,937,90,1,100.08,0.1
2368,937,25,3,101.45,0.05
2369,937,116,3,92.44,0.05
2370,938,66,2,106.71,0.05
2371,938,113,3,45.91,0.1
2372,938,13,1,1416.4,0.15
2373,939,50,2,52.38,0.05
2374,939,100,2,240.04,0.0
2375,939,25,2,101.45,0.05
2376,939,102,1,188.19,0.0
2377,940,41,3,45.79,0.05
2378,940,63,3,82.03,0.05
2379,940,78,3,198.38,0.0
2380,941,68,3,86.11,0.1
2381,941,103,1,299.32,0.15
2382,942,19,1,1303.76,0.0
2383,942,38,3,53.59,0.15
2384,943,58,2,44.05,0.05
2385,943,81,3,111.58,0.15
2386,944,91,2,94.87,0.1
2387,944,78,1,198.38,0.05
2388,945,71,1,69.64,0.1
2389,945,62,3,99.59,0.15
2390,945,48,3,56.46,0.0
2391,946,79,1,243.88,0.1
2392,946,108,2,285.82,0.0
2393,946,98,3,406.86,0.0
2394,947,20,3,1272.89,0.05
2395,947,14,3,929.55,0.05
2396,948,11,1,863.36,0.15
2397,948,53,2,55.82,0.0
2398,948,44,3,59.87,0.15
2399,949,105,1,321.26,0.15
2400,950,83,3,77.52,0.0
2401,951,6,1,1247.26,0.05
2402,952,50,3,52.38,0.15
2403,952,97,1,308.18,0.1
2404,952,82,2,113.87,0.0
2405,953,27,1,116.94,0.15
2406,954,66,1,106.71,0.15
2407,954,116,1,92.44,0.05
2408,954,107,3,315.32,0.0
2409,955,21,3,1122.92,0.1
2410,955,107,2,315.32,0.05
2411,955,26,2,114.37,0.1
2412,955,97,2,308.18,0.0
2413,956,27,2,116.94,0.0
2414,956,24,3,1445.96,0.05
2415,956,15,1,1466.49,0.1
2416,956,6,3,1247.26,0.05
2417,957,73,2,117.31,0.05
2418,957,114,3,46.87,0.0
2419,958,27,2,116.94,0.1
2420,958,64,2,93.19,0.15
2421,958,93,3,73.99,0.05
2422,959,10,1,783.62,0.0
2423,959,79,1,243.88,0.0
2424,960,57,3,62.07,0.05
2425,960,49,1,53.79,0.0
2426,960,94,2,121.02,0.05
2427,961,10,3,783.62,0.0
2428,961,36,2,67.29,0.0
2429,961,54,1,20.73,0.1
2430,962,16,3,1522.38,0.0
2431,962,118,2,70.37,0.05
2432,963,112,3,66.68,0.1
2433,963,114,2,46.87,0.0
2434,963,75,3,181.68,0.15
2435,963,89,1,55.64,0.05
2436,964,5,2,856.49,0.15
2437,965,85,1,122.17,0.1
2438,966,4,1,1016.95,0.05
2439,966,86,3,110.76,0.15
2440,966,35,1,109.54,0.0
2441,967,92,3,59.67,0.0
2442,967,109,2,67.25,0.1
2443,968,70,2,54.65,0.05
2444,968,21,2,1122.92,0.1
2445,968,48,2,56.46,0.05
2446,968,85,3,122.17,0.15
2447,969,105,2,321.26,0.15
2448,969,87,2,104.67,0.15
2449,970,119,2,62.24,0.15
2450,970,46,3,64.91,0.05
2451,970,83,1,77.52,0.1
2452,971,109,3,67.25,0.05
2453,971,103,1,299.32,0.15
2454,972,67,1,48.23,0.0
2455,973,95,3,67.35,0.1
2456,973,30,2,139.26,0.0
2457,974,67,1,48.23,0.1
2458,974,85,3,122.17,0.15
2459,974,105,3,321.26,0.0
2460,974,51,1,53.62,0.15
2461,975,92,3,59.67,0.0
2462,975,1,2,1061.42,0.05
2463,976,39,3,57.67,0.0
2464,976,106,1,342.73,0.0
2465,976,27,1,116.94,0.0
2466,976,70,2,54.65,0.0
2467,977,9,2,1017.39,0.15
2468,978,90,3,100.08,0.1
2469,979,80,3,81.78,0.0
2470,979,76,3,115.79,0.15
2471,979,118,1,70.37,0.15
2472,979,62,2,99.59,0.1
2473,980,97,2,308.18,0.1
2474,980,69,3,114.57,0.15
2475,980,99,1,181.09,0.15
2476,980,13,1,1416.4,0.15
2477,981,32,3,58.98,0.0
2478,982,5,3,856.49,0.15
2479,982,42,1,58.5,0.15
2480,982,40,1,52.28,0.0
2481,982,71,3,69.64,0.05
2482,983,60,3,31.57,0.15
2483,983,36,3,67.29,0.0
2484,984,23,1,1138.4,0.0
2485,984,116,2,92.44,0.1
2486,984,58,2,44.05,0.0
2487,984,38,3,53.59,0.05
2488,985,50,3,52.38,0.05
2489,986,111,2,99.29,0.05
2490,986,88,3,109.47,0.15
2491,986,75,3,181.68,0.0
2492,987,57,2,62.07,0.1
2493,988,82,2,113.87,0.15
2494,988,70,1,54.65,0.1
2495,988,14,2,929.55,0.15
2496,989,61,1,73.16,0.05
2497,989,52,1,58.53,0.0
2498,989,65,1,94.35,0.0
2499,990,72,1,111.1,0.05
2500,990,34,3,125.09,0.15
2501,990,62,1,99.59,0.0
2502,991,2,1,1276.88,0.0
2503,991,48,3,56.46,0.1
2504,991,8,3,1131.13,0.0
2505,991,66,2,106.71,0.05
2506,992,25,2,101.45,0.15
2507,992,85,2,122.17,0.05
2508,993,19,3,1303.76,0.05
2509,994,73,1,117.31,0.05
2510,995,53,2,55.82,0.0
2511,995,8,2,1131.13,0.15
2512,995,97,1,308.18,0.05
2513,996,96,1,124.74,0.15
2514,996,117,3,75.36,0.15
2515,997,99,1,181.09,0.15
2516,997,10,1,783.62,0.0
2517,997,56,3,23.54,0.05
2518,997,77,3,105.72,0.0
2519,998,39,3,57.67,0.1
2520,998,108,2,285.82,0.15
2521,998,69,3,114.57,0.15
2522,999,61,1,73.16,0.15
2523,999,44,2,59.87,0.0
2524,1000,77,2,105.72,0.1
2525,1000,66,1,106.71,0.05
2526,1000,30,2,139.26,0.1
2527,1001,36,3,67.29,0.05
2528,1001,34,3,125.09,0.05
2529,1001,77,3,105.72,0.1
2530,1001,55,1,32.53,0.1
2531,1002,16,3,1522.38,0.1
2532,1002,93,3,73.99,0.05
2533,1003,24,2,1445.96,0.1
2534,1003,114,1,46.87,0.15
2535,1003,83,2,77.52,0.1
2536,1004,33,1,96.96,0.15
2537,1005,119,3,62.24,0.1
2538,1005,64,3,93.19,0.15
2539,1005,59,1,28.01,0.1
2540,1006,61,2,73.16,0.15
2541,1007,98,1,406.86,0.0
2542,1007,103,2,299.32,0.0
2543,1007,7,3,1081.5,0.1
2544,1008,27,3,116.94,0.0
2545,1008,6,1,1247.26,0.0
2546,1008,115,2,74.95,0.1
2547,1008,85,2,122.17,0.15
2548,1009,119,1,62.24,0.05
2549,1009,71,1,69.64,0.1
2550,1009,46,1,64.91,0.05
2551,1010,12,3,876.42,0.1
2552,1010,74,2,179.47,0.0
2553,1011,79,1,243.88,0.1
2554,1011,22,1,845.9,0.0
2555,1011,115,1,74.95,0.1
2556,1011,23,2,1138.4,0.15
2557,1012,53,3,55.82,0.15
2558,1013,3,1,1143.05,0.15
2559,1013,70,2,54.65,0.1
2560,1013,98,2,406.86,0.0
2561,1013,35,2,109.54,0.15
2562,1014,77,3,105.72,0.15
2563,1015,46,1,64.91,0.1
2564,1015,52,1,58.53,0.15
2565,1015,36,3,67.29,0.15
2566,1016,58,3,44.05,0.0
2567,1017,63,2,82.03,0.15
2568,1018,35,2,109.54,0.15
2569,1018,47,1,31.94,0.05
2570,1019,109,2,67.25,0.1
2571,1019,5,1,856.49,0.05
2572,1020,33,1,96.96,0.1
2573,1021,36,1,67.29,0.15
2574,1021,112,2,66.68,0.05
2575,1021,118,3,70.37,0.0
2576,1021,24,1,1445.96,0.0
2577,1022,37,2,36.6,0.15
2578,1022,71,1,69.64,0.05
2579,1023,9,1,1017.39,0.1
2580,1024,93,3,73.99,0.05
2581,1024,23,1,1138.4,0.0
2582,1024,20,2,1272.89,0.05
2583,1025,51,1,53.62,0.05
2584,1026,111,2,99.29,0.1
2585,1026,78,2,198.38,0.05
2586,1027,21,3,1122.92,0.0
2587,1027,82,1,113.87,0.15
2588,1028,87,3,104.67,0.15
2589,1028,97,3,308.18,0.15
2590,1028,51,3,53.62,0.1
2591,1028,71,3,69.64,0.15
2592,1029,17,1,1005.58,0.1
2593,1029,104,2,175.21,0.0
2594,1029,5,3,856.49,0.15
2595,1029,27,2,116.94,0.15
2596,1030,97,1,308.18,0.15
2597,1030,3,3,1143.05,0.05
2598,1031,84,2,189.75,0.15
2599,1031,102,1,188.19,0.05
2600,1032,63,3,82.03,0.15
2601,1032,52,2,58.53,0.05
2602,1032,60,2,31.57,0.05
2603,1033,115,1,74.95,0.1
2604,1033,82,2,113.87,0.0
2605,1034,10,3,783.62,0.15
2606,1034,77,1,105.72,0.15
2607,1034,38,1,53.59,0.1
2608,1034,46,2,64.91,0.05
2609,1035,19,3,1303.76,0.1
2610,1036,4,2,1016.95,0.15
2611,1036,58,2,44.05,0.1
2612,1036,52,2,58.53,0.1
2613,1037,98,1,406.86,0.0
2614,1037,63,1,82.03,0.15
2615,1037,56,2,23.54,0.15
2616,1037,66,3,106.71,0.1
2617,1038,36,1,67.29,0.1
2618,1038,51,1,53.62,0.05
2619,1038,29,1,144.47,0.15
2620,1038,6,3,1247.26,0.05
2621,1039,118,1,70.37,0.05
2622,1039,27,1,116.94,0.1
2623,1039,1,3,1061.42,0.15
2624,1040,119,2,62.24,0.0
2625,1040,87,1,104.67,0.15
2626,1041,34,3,125.09,0.1
2627,1041,74,3,179.47,0.1
2628,1041,72,3,111.1,0.05
2629,1041,71,3,69.64,0.1
2630,1042,43,2,30.23,0.15
2631,1042,66,1,106.71,0.1
2632,1042,39,2,57.67,0.0
2633,1043,113,2,45.91,0.05
2634,1043,32,1,58.98,0.1
2635,1044,39,1,57.67,0.15
2636,1044,11,3,863.36,0.0
2637,1044,32,2,58.98,0.0
2638,1045,61,1,73.16,0.1
2639,1045,4,1,1016.95,0.15
2640,1045,43,2,30.23,0.15
2641,1045,48,3,56.46,0.05
2642,1046,44,3,59.87,0.1
2643,1046,21,3,1122.92,0.15
2644,1047,20,3,1272.89,0.15
2645,1048,7,2,1081.5,0.05
2646,1048,1,1,1061.42,0.05
2647,1049,86,1,110.76,0.05
2648,1049,74,2,179.47,0.1
2649,1049,12,1,876.42,0.0
2650,1050,102,2,188.19,0.15
2651,1050,22,1,845.9,0.1
2652,1051,18,3,813.45,0.1
2653,1051,9,1,1017.39,0.0
2654,1051,60,2,31.57,0.05
2655,1052,89,2,55.64,0.1
2656,1052,61,3,73.16,0.1
2657,1053,104,2,175.21,0.1
2658,1053,120,1,64.19,0.05
2659,1053,31,2,69.02,0.05
2660,1053,102,3,188.19,0.05
2661,1054,19,1,1303.76,0.15
2662,1055,89,1,55.64,0.15
2663,1055,41,2,45.79,0.15
2664,1055,75,1,181.68,0.1
2665,1056,21,2,1122.92,0.0
2666,1056,51,1,53.62,0.0
2667,1056,25,2,101.45,0.15
2668,1057,101,2,403.43,0.05
2669,1057,91,2,94.87,0.15
2670,1057,111,3,99.29,0.1
2671,1057,42,3,58.5,0.05
2672,1058,54,2,20.73,0.05
2673,1058,12,1,876.42,0.05
2674,1058,63,1,82.03,0.15
2675,1059,5,2,856.49,0.1
2676,1059,99,3,181.09,0.1
2677,1059,2,2,1276.88,0.0
2678,1059,81,1,111.58,0.15
2679,1060,68,3,86.11,0.05
2680,1060,51,2,53.62,0.0
2681,1060,114,2,46.87,0.1
2682,1061,76,2,115.79,0.15
2683,1061,81,2,111.58,0.05
2684,1061,102,2,188.19,0.05
2685,1061,9,2,1017.39,0.1
2686,1062,86,3,110.76,0.1
2687,1062,116,2,92.44,0.1
2688,1063,31,1,69.02,0.0
2689,1063,51,2,53.62,0.15
2690,1063,1,1,1061.42,0.1
2691,1063,56,3,23.54,0.0
2692,1064,100,1,240.04,0.15
2693,1064,15,3,1466.49,0.1
2694,1064,110,1,31.39,0.05
2695,1065,62,1,99.59,0.05
2696,1065,3,3,1143.05,0.1
2697,1066,21,3,1122.92,0.05
2698,1066,116,2,92.44,0.0
2699,1066,55,2,32.53,0.1
2700,1066,27,3,116.94,0.0
2701,1067,31,1,69.02,0.1
2702,1068,65,3,94.35,0.15
2703,1069,46,1,64.91,0.1
2704,1070,93,3,73.99,0.0
2705,1070,3,1,1143.05,0.05
2706,1070,117,1,75.36,0.1
2707,1071,119,1,62.24,0.1
2708,1071,97,2,308.18,0.15
2709,1071,81,1,111.58,0.15
2710,1071,45,1,58.26,0.05
2711,1072,96,1,124.74,0.15
2712,1073,116,1,92.44,0.15
2713,1073,6,1,1247.26,0.0
2714,1074,96,2,124.74,0.0
2715,1074,108,1,285.82,0.0
2716,1074,1,3,1061.42,0.0
2717,1074,41,3,45.79,0.05
2718,1075,16,1,1522.38,0.1
2719,1075,80,1,81.78,0.1
2720,1075,104,3,175.21,0.15
2721,1076,86,2,110.76,0.15
2722,1076,18,1,813.45,0.1
2723,1076,90,2,100.08,0.15
2724,1077,40,1,52.28,0.0
2725,1077,95,2,67.35,0.1
2726,1077,39,1,57.67,0.0
2727,1077,53,1,55.82,0.0
2728,1078,41,1,45.79,0.05
2729,1078,114,3,46.87,0.0
2730,1078,16,1,1522.38,0.0
2731,1079,104,3,175.21,0.1
2732,1080,40,2,52.28,0.0
2733,1081,76,1,115.79,0.0
2734,1082,70,3,54.65,0.05
2735,1082,14,1,929.55,0.1
2736,1082,34,1,125.09,0.05
2737,1082,21,3,1122.92,0.0
2738,1083,22,3,845.9,0.05
2739,1083,95,2,67.35,0.0
2740,1084,64,1,93.19,0.0
2741,1084,71,2,69.64,0.05
2742,1085,52,2,58.53,0.1
2743,1085,76,2,115.79,0.05
2744,1086,1,1,1061.42,0.1
2745,1086,15,3,1466.49,0.05
2746,1086,52,3,58.53,0.05
2747,1086,76,3,115.79,0.0
2748,1087,96,3,124.74,0.0
2749,1087,6,3,1247.26,0.15
2750,1088,74,1,179.47,0.05
2751,1089,27,1,116.94,0.0
2752,1089,58,2,44.05,0.1
2753,1089,19,2,1303.76,0.15
2754,1090,27,2,116.94,0.05
2755,1090,50,3,52.38,0.05
2756,1091,1,1,1061.42,0.0
2757,1091,56,1,23.54,0.15
2758,1091,60,3,31.57,0.1
2759,1092,37,1,36.6,0.15
2760,1092,36,1,67.29,0.15
2761,1093,58,3,44.05,0.1
2762,1093,26,2,114.37,0.15
2763,1094,3,1,1143.05,0.15
2764,1094,100,2,240.04,0.05
2765,1095,89,3,55.64,0.1
2766,1095,13,3,1416.4,0.15
2767,1095,35,1,109.54,0.0
2768,1096,97,3,308.18,0.05
2769,1096,86,3,110.76,0.15
2770,1097,73,1,117.31,0.05
2771,1097,44,1,59.87,0.1
2772,1097,1,3,1061.42,0.15
2773,1097,62,2,99.59,0.1
2774,1098,13,3,1416.4,0.05
2775,1098,49,1,53.79,0.1
2776,1098,61,1,73.16,0.1
2777,1099,30,3,139.26,0.0
2778,1099,56,1,23.54,0.05
2779,1099,72,1,111.1,0.15
2780,1099,3,1,1143.05,0.05
2781,1100,14,3,929.55,0.15
2782,1101,13,1,1416.4,0.15
2783,1101,5,1,856.49,0.1
2784,1101,33,3,96.96,0.15
2785,1102,12,2,876.42,0.05
2786,1103,85,3,122.17,0.0
2787,1103,97,2,308.18,0.05
2788,1104,119,2,62.24,0.0
2789,1104,74,2,179.47,0.1
2790,1105,4,1,1016.95,0.0
2791,1105,95,3,67.35,0.1
2792,1106,94,1,121.02,0.05
2793,1107,85,2,122.17,0.05
2794,1108,47,2,31.94,0.15
2795,1108,81,1,111.58,0.0
2796,1109,5,3,856.49,0.15
2797,1109,69,1,114.57,0.0
2798,1109,23,1,1138.4,0.05
2799,1110,90,1,100.08,0.1
2800,1110,105,3,321.26,0.1
2801,1111,58,1,44.05,0.15
2802,1111,55,2,32.53,0.1
2803,1112,26,2,114.37,0.1
2804,1113,102,3,188.19,0.05
2805,1114,72,2,111.1,0.15
2806,1115,103,1,299.32,0.0
2807,1115,17,3,1005.58,0.0
2808,1116,34,2,125.09,0.1
2809,1117,109,1,67.25,0.0
2810,1117,108,3,285.82,0.05
2811,1117,27,3,116.94,0.15
2812,1117,18,1,813.45,0.15
2813,1118,88,2,109.47,0.0
2814,1118,36,1,67.29,0.0
2815,1119,11,2,863.36,0.05
2816,1120,57,3,62.07,0.1
2817,1121,93,1,73.99,0.1
2818,1122,97,1,308.18,0.0
2819,1122,38,3,53.59,0.05
2820,1122,34,3,125.09,0.15
2821,1123,20,1,1272.89,0.1
2822,1124,60,1,31.57,0.0
2823,1124,4,3,1016.95,0.1
2824,1124,6,1,1247.26,0.15
2825,1124,77,2,105.72,0.1
2826,1125,52,3,58.53,0.0
2827,1125,49,1,53.79,0.15
2828,1126,48,2,56.46,0.1
2829,1126,85,1,122.17,0.15
2830,1126,7,3,1081.5,0.0
2831,1127,31,3,69.02,0.15
2832,1127,53,3,55.82,0.1
2833,1128,17,1,1005.58,0.1
2834,1128,9,1,1017.39,0.0
2835,1129,34,3,125.09,0.1
2836,1130,67,2,48.23,0.05
2837,1130,25,3,101.45,0.0
2838,1131,19,3,1303.76,0.15
2839,1132,53,1,55.82,0.05
2840,1132,39,2,57.67,0.05
2841,1132,21,2,1122.92,0.15
2842,1133,11,1,863.36,0.15
2843,1133,60,2,31.57,0.15
2844,1133,112,1,66.68,0.1
2845,1134,24,2,1445.96,0.05
2846,1135,25,3,101.45,0.0
2847,1135,111,3,99.29,0.0
2848,1135,117,2,75.36,0.15
2849,1136,66,3,106.71,0.0
2850,1136,74,1,179.47,0.0
2851,1136,105,2,321.26,0.05
2852,1137,60,3,31.57,0.0
2853,1137,79,3,243.88,0.1
2854,1138,31,1,69.02,0.05
2855,1138,27,2,116.94,0.05
2856,1138,118,3,70.37,0.1
2857,1139,104,1,175.21,0.0
2858,1139,19,1,1303.76,0.15
2859,1140,78,1,198.38,0.05
2860,1141,52,2,58.53,0.05
2861,1141,83,1,77.52,0.15
2862,1142,98,2,406.86,0.15
2863,1142,42,3,58.5,0.0
2864,1142,50,1,52.38,0.05
2865,1142,13,1,1416.4,0.0
2866,1143,15,3,1466.49,0.0
2867,1143,71,1,69.64,0.15
2868,1143,17,2,1005.58,0.15
2869,1143,108,3,285.82,0.15
2870,1144,93,2,73.99,0.0
2871,1145,18,1,813.45,0.1
2872,1145,114,3,46.87,0.0
2873,1145,8,1,1131.13,0.1
2874,1146,68,1,86.11,0.05
2875,1146,62,2,99.59,0.05
2876,1146,44,1,59.87,0.05
2877,1146,108,1,285.82,0.05
2878,1147,54,2,20.73,0.0
2879,1147,10,3,783.62,0.1
2880,1147,12,1,876.42,0.15
2881,1148,31,2,69.02,0.15
2882,1148,64,2,93.19,0.0
2883,1148,120,3,64.19,0.0
2884,1149,6,1,1247.26,0.0
2885,1150,105,1,321.26,0.15
2886,1151,13,1,1416.4,0.1
2887,1151,23,2,1138.4,0.1
2888,1152,56,1,23.54,0.15
2889,1152,74,3,179.47,0.15
2890,1153,80,3,81.78,0.1
2891,1153,27,2,116.94,0.0
2892,1154,102,3,188.19,0.15
2893,1155,53,1,55.82,0.05
2894,1155,6,3,1247.26,0.1
2895,1156,89,1,55.64,0.1
2896,1156,3,3,1143.05,0.0
2897,1156,78,2,198.38,0.1
2898,1156,106,3,342.73,0.05
2899,1157,52,3,58.53,0.15
2900,1157,97,3,308.18,0.15
2901,1158,12,1,876.42,0.1
2902,1158,114,3,46.87,0.15
2903,1158,67,3,48.23,0.05
2904,1158,38,1,53.59,0.1
2905,1159,73,1,117.31,0.05
2906,1159,80,1,81.78,0.0
2907,1159,102,1,188.19,0.05
2908,1160,52,2,58.53,0.0
2909,1160,73,3,117.31,0.15
2910,1160,72,1,111.1,0.15
2911,1160,8,3,1131.13,0.0
2912,1161,83,2,77.52,0.05
2913,1162,67,1,48.23,0.1
2914,1162,78,3,198.38,0.1
2915,1163,108,2,285.82,0.0
2916,1164,19,3,1303.76,0.15
2917,1165,52,2,58.53,0.05
2918,1165,76,2,115.79,0.1
2919,1166,45,1,58.26,0.0
2920,1166,53,3,55.82,0.15
2921,1166,81,2,111.58,0.0
2922,1166,10,3,783.62,0.05
2923,1167,119,2,62.24,0.05
2924,1167,97,2,308.18,0.15
2925,1167,16,3,1522.38,0.05
2926,1168,81,1,111.58,0.05
2927,1168,116,2,92.44,0.05
2928,1168,6,1,1247.26,0.0
2929,1169,9,2,1017.39,0.05
2930,1169,8,1,1131.13,0.0
2931,1169,15,3,1466.49,0.05
2932,1169,107,3,315.32,0.1
2933,1170,79,3,243.88,0.1
2934,1171,7,1,1081.5,0.05
2935,1171,59,3,28.01,0.15
2936,1171,53,3,55.82,0.15
2937,1172,35,2,109.54,0.15
2938,1172,3,2,1143.05,0.1
2939,1172,115,2,74.95,0.05
2940,1173,98,1,406.86,0.05
2941,1173,111,2,99.29,0.0
2942,1173,53,3,55.82,0.0
2943,1173,86,3,110.76,0.15
2944,1174,73,3,117.31,0.0
2945,1174,90,2,100.08,0.0
2946,1175,26,1,114.37,0.0
2947,1175,59,1,28.01,0.1
2948,1176,14,1,929.55,0.15
2949,1176,60,1,31.57,0.05
2950,1176,70,1,54.65,0.0
2951,1176,119,1,62.24,0.05
2952,1177,31,2,69.02,0.05
2953,1177,106,2,342.73,0.15
2954,1177,66,3,106.71,0.1
2955,1177,86,2,110.76,0.0
2956,1178,40,1,52.28,0.05
2957,1178,34,3,125.09,0.1
2958,1178,76,1,115.79,0.05
2959,1179,56,2,23.54,0.1
2960,1180,107,2,315.32,0.0
2961,1180,14,1,929.55,0.15
2962,1180,51,3,53.62,0.15
2963,1181,82,2,113.87,0.05
2964,1181,12,1,876.42,0.05
2965,1182,95,3,67.35,0.15
2966,1182,107,1,315.32,0.15
2967,1182,63,1,82.03,0.05
2968,1183,53,1,55.82,0.15
2969,1183,4,3,1016.95,0.0
2970,1183,44,2,59.87,0.15
2971,1184,52,2,58.53,0.05
2972,1185,47,1,31.94,0.15
2973,1186,29,2,144.47,0.1
2974,1186,81,3,111.58,0.05
2975,1187,70,1,54.65,0.1
2976,1187,58,2,44.05,0.05
2977,1187,120,3,64.19,0.0
2978,1188,73,3,117.31,0.0
2979,1188,51,3,53.62,0.1
2980,1188,59,1,28.01,0.15
2981,1189,17,1,1005.58,0.1
2982,1189,115,1,74.95,0.05
2983,1190,83,3,77.52,0.1
2984,1190,17,3,1005.58,0.0
2985,1190,39,3,57.67,0.0
2986,1191,104,3,175.21,0.15
2987,1191,97,1,308.18,0.1
2988,1191,117,1,75.36,0.05
2989,1191,5,3,856.49,0.15
2990,1192,4,3,1016.95,0.15
2991,1192,120,2,64.19,0.15
2992,1193,64,3,93.19,0.05
2993,1193,79,3,243.88,0.15
2994,1193,69,3,114.57,0.15
2995,1193,50,3,52.38,0.05
2996,1194,96,3,124.74,0.1
2997,1194,5,3,856.49,0.0
2998,1194,102,2,188.19,0.05
2999,1194,83,3,77.52,0.05
3000,1195,97,3,308.18,0.1
3001,1195,50,3,52.38,0.15
3002,1195,49,3,53.79,0.0
3003,1196,100,2,240.04,0.1
3004,1196,96,2,124.74,0.1
3005,1197,26,3,114.37,0.1
3006,1197,18,1,813.45,0.05
3007,1197,46,3,64.91,0.05
3008,1197,106,3,342.73,0.1
3009,1198,70,3,54.65,0.0
3010,1198,116,2,92.44,0.15
3011,1199,24,2,1445.96,0.15
3012,1199,69,1,114.57,0.1
3013,1199,98,2,406.86,0.05
3014,1200,44,3,59.87,0.1
3015,1200,68,1,86.11,0.05
3016,1201,83,2,77.52,0.1
3017,1202,97,3,308.18,0.1
3018,1202,63,2,82.03,0.05
3019,1202,99,1,181.09,0.05
3020,1203,119,1,62.24,0.15
3021,1204,75,1,181.68,0.0
3022,1204,31,2,69.02,0.05
3023,1204,35,2,109.54,0.1
3024,1205,106,1,342.73,0.05
3025,1205,42,3,58.5,0.05
3026,1205,26,2,114.37,0.05
3027,1206,31,2,69.02,0.15
3028,1207,109,3,67.25,0.0
3029,1207,20,2,1272.89,0.0
3030,1207,90,1,100.08,0.1
3031,1208,90,3,100.08,0.15
3032,1209,1,1,1061.42,0.1
3033,1209,35,2,109.54,0.05
3034,1209,47,1,31.94,0.1
3035,1209,17,3,1005.58,0.15
3036,1210,102,2,188.19,0.1
3037,1210,97,2,308.18,0.05
3038,1210,58,1,44.05,0.15
3039,1210,69,3,114.57,0.1
3040,1211,94,2,121.02,0.1
3041,1211,76,3,115.79,0.1
3042,1211,55,1,32.53,0.05
3043,1212,43,1,30.23,0.0
3044,1212,4,1,1016.95,0.05
3045,1212,18,2,813.45,0.1
3046,1212,120,3,64.19,0.05
3047,1213,103,2,299.32,0.1
3048,1214,5,3,856.49,0.15
3049,1214,67,3,48.23,0.05
3050,1214,27,3,116.94,0.0
3051,1214,82,2,113.87,0.1
3052,1215,50,2,52.38,0.05
3053,1215,76,2,115.79,0.05
3054,1215,80,2,81.78,0.15
3055,1215,92,3,59.67,0.15
3056,1216,17,2,1005.58,0.05
3057,1217,68,1,86.11,0.05
3058,1218,17,1,1005.58,0.05
3059,1219,49,3,53.79,0.0
3060,1220,21,2,1122.92,0.1
3061,1220,27,1,116.94,0.05
3062,1220,92,2,59.67,0.15
3063,1220,71,3,69.64,0.0
3064,1221,60,2,31.57,0.1
3065,1221,42,2,58.5,0.05
3066,1221,34,2,125.09,0.05
3067,1221,96,3,124.74,0.0
3068,1222,49,1,53.79,0.0
3069,1222,116,2,92.44,0.0
3070,1222,85,3,122.17,0.05
3071,1222,71,3,69.64,0.15
3072,1223,88,3,109.47,0.05
3073,1223,28,3,89.14,0.05
3074,1223,26,1,114.37,0.1
3075,1223,57,1,62.07,0.05
3076,1224,95,1,67.35,0.0
3077,1224,53,3,55.82,0.15
3078,1225,31,1,69.02,0.05
3079,1225,71,2,69.64,0.1
3080,1225,19,3,1303.76,0.05
3081,1226,54,3,20.73,0.15
3082,1226,16,3,1522.38,0.15
3083,1226,63,1,82.03,0.05
3084,1227,34,3,125.09,0.15
3085,1227,111,3,99.29,0.0
3086,1227,33,1,96.96,0.15
3087,1228,9,1,1017.39,0.15
3088,1228,21,3,1122.92,0.15
3089,1228,8,3,1131.13,0.0
3090,1228,43,1,30.23,0.15
3091,1229,17,1,1005.58,0.0
3092,1229,20,1,1272.89,0.1
3093,1230,5,1,856.49,0.1
3094,1230,114,3,46.87,0.15
3095,1231,45,3,58.26,0.1
3096,1231,88,3,109.47,0.1
3097,1231,27,1,116.94,0.05
3098,1231,89,3,55.64,0.15
3099,1232,26,1,114.37,0.1
3100,1233,15,2,1466.49,0.05
3101,1233,59,1,28.01,0.0
3102,1233,9,1,1017.39,0.05
3103,1234,85,2,122.17,0.05
3104,1234,4,2,1016.95,0.1
3105,1234,12,3,876.42,0.05
3106,1235,74,2,179.47,0.15
3107,1236,78,1,198.38,0.05
3108,1237,15,1,1466.49,0.0
3109,1237,27,3,116.94,0.15
3110,1238,78,3,198.38,0.0
3111,1239,117,1,75.36,0.0
3112,1239,24,3,1445.96,0.0
3113,1240,120,3,64.19,0.05
3114,1240,32,1,58.98,0.1
3115,1240,26,3,114.37,0.05
3116,1240,119,2,62.24,0.15
3117,1241,59,3,28.01,0.1
3118,1241,84,3,189.75,0.0
3119,1242,12,2,876.42,0.0
3120,1243,74,3,179.47,0.1
3121,1244,108,3,285.82,0.05
3122,1245,104,3,175.21,0.0
3123,1246,17,3,1005.58,0.15
3124,1246,100,1,240.04,0.0
3125,1246,89,1,55.64,0.15
3126,1247,71,2,69.64,0.15
3127,1247,42,2,58.5,0.05
3128,1247,70,1,54.65,0.0
3129,1248,4,2,1016.95,0.0
3130,1248,19,2,1303.76,0.0
3131,1249,36,3,67.29,0.0
3132,1249,8,2,1131.13,0.0
3133,1249,22,2,845.9,0.15
3134,1249,77,3,105.72,0.0
3135,1250,68,1,86.11,0.1
3136,1250,84,2,189.75,0.1
3137,1250,116,1,92.44,0.0
3138,1251,16,1,1522.38,0.1
3139,1252,48,2,56.46,0.0
3140,1252,55,2,32.53,0.15
3141,1252,115,3,74.95,0.1
3142,1252,101,2,403.43,0.1
3143,1253,62,1,99.59,0.1
3144,1253,108,2,285.82,0.15
3145,1253,14,1,929.55,0.0
3146,1254,5,1,856.49,0.0
3147,1255,36,1,67.29,0.15
3148,1255,98,3,406.86,0.0
3149,1255,12,3,876.42,0.0
3150,1255,63,3,82.03,0.0
3151,1256,112,3,66.68,0.0
3152,1257,66,2,106.71,0.15
3153,1257,6,1,1247.26,0.05
3154,1258,105,2,321.26,0.1
3155,1259,23,1,1138.4,0.0
3156,1259,15,3,1466.49,0.15
3157,1259,91,1,94.87,0.1
3158,1259,26,3,114.37,0.1
3159,1260,4,1,1016.95,0.1
3160,1260,27,1,116.94,0.05
3161,1260,16,3,1522.38,0.15
3162,1260,72,1,111.1,0.15
3163,1261,106,3,342.73,0.0
3164,1261,20,3,1272.89,0.05
3165,1261,11,1,863.36,0.15
3166,1261,46,1,64.91,0.0
3167,1262,40,2,52.28,0.0
3168,1263,86,2,110.76,0.0
3169,1263,60,1,31.57,0.1
3170,1263,16,3,1522.38,0.05
3171,1263,117,3,75.36,0.0
3172,1264,41,1,45.79,0.0
3173,1265,83,2,77.52,0.15
3174,1265,107,3,315.32,0.15
3175,1265,77,3,105.72,0.05
3176,1266,105,2,321.26,0.15
3177,1267,20,1,1272.89,0.15
3178,1268,32,1,58.98,0.1
3179,1268,30,2,139.26,0.05
3180,1268,107,1,315.32,0.1
3181,1269,92,2,59.67,0.05
3182,1270,60,3,31.57,0.15
3183,1270,7,3,1081.5,0.05
3184,1271,85,3,122.17,0.0
3185,1271,86,3,110.76,0.1
3186,1272,31,2,69.02,0.15
3187,1273,3,3,1143.05,0.1
3188,1273,94,3,121.02,0.0
3189,1273,108,1,285.82,0.15
3190,1273,69,2,114.57,0.1
3191,1274,67,1,48.23,0.15
3192,1274,66,3,106.71,0.1
3193,1274,95,2,67.35,0.0
3194,1275,54,2,20.73,0.1
3195,1276,108,2,285.82,0.0
3196,1276,25,2,101.45,0.15
3197,1277,66,2,106.71,0.1
3198,1277,115,1,74.95,0.15
3199,1278,86,1,110.76,0.1
3200,1278,82,1,113.87,0.0
3201,1278,7,2,1081.5,0.0
3202,1278,35,3,109.54,0.15
3203,1279,23,2,1138.4,0.05
3204,1279,63,2,82.03,0.15
3205,1280,24,3,1445.96,0.15
3206,1280,38,3,53.59,0.1
3207,1280,82,3,113.87,0.15
3208,1280,6,2,1247.26,0.05
3209,1281,66,2,106.71,0.0
3210,1281,40,1,52.28,0.1
3211,1281,20,1,1272.89,0.15
3212,1281,9,1,1017.39,0.05
3213,1282,36,3,67.29,0.05
3214,1282,70,2,54.65,0.15
3215,1282,17,3,1005.58,0.05
3216,1282,1,3,1061.42,0.0
3217,1283,97,2,308.18,0.0
3218,1283,68,2,86.11,0.0
3219,1284,76,3,115.79,0.05
3220,1285,92,1,59.67,0.05
3221,1285,53,1,55.82,0.15
3222,1286,6,2,1247.26,0.1
3223,1286,118,3,70.37,0.0
3224,1287,117,1,75.36,0.1
3225,1288,16,2,1522.38,0.1
3226,1288,79,3,243.88,0.0
3227,1288,13,1,1416.4,0.1
3228,1289,109,3,67.25,0.15
3229,1289,9,3,1017.39,0.0
3230,1289,61,3,73.16,0.05
3231,1289,97,3,308.18,0.1
3232,1290,111,2,99.29,0.15
3233,1291,53,1,55.82,0.05
3234,1291,67,2,48.23,0.05
3235,1291,109,2,67.25,0.15
3236,1292,90,2,100.08,0.15
3237,1292,75,2,181.68,0.15
3238,1293,41,1,45.79,0.0
3239,1293,103,1,299.32,0.05
3240,1293,85,3,122.17,0.05
3241,1294,90,2,100.08,0.0
3242,1294,119,2,62.24,0.0
3243,1295,30,3,139.26,0.15
3244,1296,13,3,1416.4,0.1
3245,1296,66,2,106.71,0.1
3246,1297,77,3,105.72,0.1
3247,1298,23,2,1138.4,0.15
3248,1298,7,3,1081.5,0.1
3249,1298,38,3,53.59,0.15
3250,1299,34,2,125.09,0.1
3251,1299,21,2,1122.92,0.1
3252,1299,2,2,1276.88,0.15
3253,1299,105,2,321.26,0.0
3254,1300,29,3,144.47,0.0
3255,1300,25,2,101.45,0.05
3256,1300,101,1,403.43,0.1
3257,1301,110,1,31.39,0.15
3258,1301,82,2,113.87,0.1
3259,1302,30,1,139.26,0.15
3260,1302,119,1,62.24,0.05
3261,1302,7,1,1081.5,0.05
3262,1303,55,3,32.53,0.15
3263,1303,113,2,45.91,0.15
3264,1303,62,1,99.59,0.1
3265,1303,89,3,55.64,0.0
3266,1304,91,2,94.87,0.1
3267,1304,13,3,1416.4,0.15
3268,1304,12,1,876.42,0.0
3269,1305,62,1,99.59,0.05
3270,1305,92,1,59.67,0.05
3271,1305,64,3,93.19,0.1
3272,1305,72,2,111.1,0.0
3273,1306,102,3,188.19,0.15
3274,1306,34,1,125.09,0.05
3275,1306,110,3,31.39,0.0
3276,1306,22,1,845.9,0.0
3277,1307,44,3,59.87,0.15
3278,1307,30,3,139.26,0.0
3279,1307,56,2,23.54,0.1
3280,1307,45,3,58.26,0.05
3281,1308,16,3,1522.38,0.05
3282,1308,86,3,110.76,0.1
3283,1309,33,2,96.96,0.15
3284,1309,40,2,52.28,0.05
3285,1309,84,1,189.75,0.0
3286,1309,48,1,56.46,0.05
3287,1310,88,1,109.47,0.15
3288,1310,80,2,81.78,0.15
3289,1310,94,1,121.02,0.05
3290,1310,105,3,321.26,0.1
3291,1311,88,2,109.47,0.1
3292,1311,22,3,845.9,0.0
3293,1311,105,3,321.26,0.0
3294,1311,10,1,783.62,0.15
3295,1312,5,3,856.49,0.05
3296,1312,50,2,52.38,0.05
3297,1313,113,1,45.91,0.0
3298,1313,40,3,52.28,0.0
3299,1314,66,2,106.71,0.1
3300,1314,116,1,92.44,0.1
3301,1314,9,2,1017.39,0.1
3302,1315,105,2,321.26,0.0
3303,1315,69,2,114.57,0.05
3304,1316,31,1,69.02,0.05
3305,1316,83,3,77.52,0.15
3306,1316,77,3,105.72,0.1
3307,1317,76,1,115.79,0.0
3308,1317,68,2,86.11,0.1
3309,1317,66,2,106.71,0.05
3310,1317,100,2,240.04,0.0
3311,1318,49,1,53.79,0.15
3312,1318,30,3,139.26,0.1
3313,1318,5,1,856.49,0.1
3314,1319,76,1,115.79,0.05
3315,1319,58,1,44.05,0.0
3316,1320,4,1,1016.95,0.05
3317,1320,51,1,53.62,0.0
3318,1320,118,3,70.37,0.05
3319,1320,105,1,321.26,0.05
3320,1321,23,1,1138.4,0.0
3321,1321,114,1,46.87,0.15
3322,1322,66,3,106.71,0.15
3323,1323,25,1,101.45,0.1
3324,1323,48,1,56.46,0.05
3325,1323,50,3,52.38,0.1
3326,1324,76,3,115.79,0.0
3327,1325,25,2,101.45,0.15
3328,1325,41,3,45.79,0.1
3329,1326,59,2,28.01,0.05
3330,1327,57,1,62.07,0.0
3331,1327,107,2,315.32,0.15
3332,1327,10,3,783.62,0.15
3333,1327,43,2,30.23,0.1
3334,1328,118,1,70.37,0.0
3335,1328,48,3,56.46,0.05
3336,1328,39,2,57.67,0.0
3337,1328,112,2,66.68,0.1
3338,1329,99,1,181.09,0.0
3339,1329,80,2,81.78,0.05
3340,1329,61,2,73.16,0.15
3341,1330,21,1,1122.92,0.05
3342,1330,50,3,52.38,0.15
3343,1330,78,3,198.38,0.0
3344,1330,59,2,28.01,0.15
3345,1331,24,1,1445.96,0.15
3346,1331,47,2,31.94,0.0
3347,1331,59,3,28.01,0.05
3348,1331,109,1,67.25,0.0
3349,1332,59,3,28.01,0.05
3350,1332,109,2,67.25,0.0
3351,1332,81,2,111.58,0.0
3352,1333,10,2,783.62,0.1
3353,1333,101,2,403.43,0.1
3354,1334,86,3,110.76,0.05
3355,1335,13,3,1416.4,0.05
3356,1336,35,3,109.54,0.15
3357,1336,23,2,1138.4,0.0
3358,1336,21,2,1122.92,0.0
3359,1336,19,3,1303.76,0.1
3360,1337,88,2,109.47,0.0
3361,1337,38,2,53.59,0.15
3362,1337,48,3,56.46,0.05
3363,1338,64,3,93.19,0.0
3364,1338,107,3,315.32,0.0
3365,1338,1,1,1061.42,0.15
3366,1339,59,1,28.01,0.05
3367,1340,118,3,70.37,0.1
3368,1340,72,3,111.1,0.1
3369,1341,21,2,1122.92,0.15
3370,1341,89,1,55.64,0.0
3371,1342,1,1,1061.42,0.1
3372,1342,62,3,99.59,0.0
3373,1342,9,1,1017.39,0.0
3374,1343,114,3,46.87,0.0
3375,1343,104,2,175.21,0.05
3376,1343,14,2,929.55,0.0
3377,1343,105,3,321.26,0.0
3378,1344,7,1,1081.5,0.0
3379,1344,106,1,342.73,0.15
3380,1344,73,1,117.31,0.15
3381,1344,18,3,813.45,0.1
3382,1345,113,3,45.91,0.1
3383,1346,103,3,299.32,0.15
3384,1346,73,2,117.31,0.05
3385,1347,61,2,73.16,0.0
3386,1347,99,3,181.09,0.05
3387,1347,15,2,1466.49,0.05
3388,1348,5,2,856.49,0.1
3389,1349,29,2,144.47,0.1
3390,1349,88,1,109.47,0.1
3391,1349,24,2,1445.96,0.1
3392,1349,9,3,1017.39,0.05
3393,1350,52,2,58.53,0.15
3394,1351,92,2,59.67,0.05
3395,1351,33,3,96.96,0.1
3396,1352,52,3,58.53,0.0
3397,1352,118,2,70.37,0.1
3398,1352,18,1,813.45,0.15
3399,1353,47,2,31.94,0.0
3400,1353,58,2,44.05,0.15
3401,1353,80,1,81.78,0.05
3402,1353,43,3,30.23,0.05
3403,1354,116,1,92.44,0.0
3404,1354,99,2,181.09,0.1
3405,1354,42,3,58.5,0.0
3406,1355,13,2,1416.4,0.15
3407,1356,104,2,175.21,0.15
3408,1356,38,1,53.59,0.05
3409,1356,91,1,94.87,0.0
3410,1357,105,2,321.26,0.0
3411,1357,118,3,70.37,0.05
3412,1357,120,1,64.19,0.0
3413,1358,112,1,66.68,0.15
3414,1358,8,3,1131.13,0.0
3415,1358,2,1,1276.88,0.1
3416,1359,117,2,75.36,0.1
3417,1359,113,2,45.91,0.1
3418,1360,13,1,1416.4,0.05
3419,1360,98,2,406.86,0.0
3420,1360,57,2,62.07,0.1
3421,1360,91,3,94.87,0.0
3422,1361,37,2,36.6,0.0
3423,1361,87,1,104.67,0.0
3424,1361,80,1,81.78,0.1
3425,1361,28,2,89.14,0.05
3426,1362,9,2,1017.39,0.0
3427,1362,10,1,783.62,0.1
3428,1362,70,3,54.65,0.05
3429,1363,19,2,1303.76,0.0
3430,1363,6,1,1247.26,0.0
3431,1363,47,2,31.94,0.15
3432,1364,117,1,75.36,0.15
3433,1364,106,3,342.73,0.15
3434,1364,71,2,69.64,0.1
3435,1364,8,1,1131.13,0.05
3436,1365,92,1,59.67,0.05
3437,1365,114,3,46.87,0.1
3438,1366,1,2,1061.42,0.15
3439,1367,28,1,89.14,0.1
3440,1368,41,2,45.79,0.05
3441,1368,33,2,96.96,0.0
3442,1368,17,2,1005.58,0.1
3443,1368,116,1,92.44,0.0
3444,1369,40,1,52.28,0.0
3445,1369,43,1,30.23,0.0
3446,1370,46,1,64.91,0.0
3447,1371,114,1,46.87,0.0
3448,1371,116,2,92.44,0.15
3449,1372,37,3,36.6,0.1
3450,1373,42,1,58.5,0.0
3451,1373,110,1,31.39,0.15
3452,1373,73,2,117.31,0.05
3453,1373,111,2,99.29,0.0
3454,1374,103,3,299.32,0.05
3455,1374,2,2,1276.88,0.1
3456,1375,60,3,31.57,0.05
3457,1375,114,1,46.87,0.15
3458,1375,4,1,1016.95,0.0
3459,1375,89,2,55.64,0.05
3460,1376,90,3,100.08,0.05
3461,1376,22,1,845.9,0.1
3462,1376,13,3,1416.4,0.0
3463,1376,83,3,77.52,0.15
3464,1377,14,2,929.55,0.05
3465,1377,99,3,181.09,0.1
3466,1377,15,2,1466.49,0.0
3467,1377,65,3,94.35,0.1
3468,1378,49,3,53.79,0.0
3469,1379,69,3,114.57,0.05
3470,1379,98,1,406.86,0.15
3471,1379,104,3,175.21,0.05
3472,1379,90,3,100.08,0.15
3473,1380,111,1,99.29,0.05
3474,1380,7,1,1081.5,0.15
3475,1380,85,1,122.17,0.0
3476,1381,69,1,114.57,0.05
3477,1381,17,3,1005.58,0.05
3478,1381,81,1,111.58,0.1
3479,1382,84,1,189.75,0.0
3480,1382,28,1,89.14,0.15
3481,1382,94,2,121.02,0.05
3482,1383,17,1,1005.58,0.05
3483,1384,17,2,1005.58,0.15
3484,1384,92,2,59.67,0.05
3485,1385,116,1,92.44,0.0
3486,1386,26,1,114.37,0.1
3487,1386,1,3,1061.42,0.05
3488,1386,88,2,109.47,0.15
3489,1386,106,2,342.73,0.1
3490,1387,17,1,1005.58,0.0
3491,1387,99,3,181.09,0.05
3492,1388,61,2,73.16,0.15
3493,1389,16,1,1522.38,0.1
3494,1389,101,1,403.43,0.1
3495,1390,73,1,117.31,0.0
3496,1390,11,2,863.36,0.15
3497,1391,108,2,285.82,0.15
3498,1391,54,1,20.73,0.15
3499,1391,117,1,75.36,0.15
3500,1392,47,2,31.94,0.1
3501,1392,8,2,1131.13,0.0
3502,1392,39,2,57.67,0.15
3503,1392,75,2,181.68,0.05
3504,1393,45,3,58.26,0.15
3505,1393,2,1,1276.88,0.15
3506,1393,39,1,57.67,0.05
3507,1393,83,1,77.52,0.15
3508,1394,33,2,96.96,0.05
3509,1394,28,3,89.14,0.1
3510,1395,69,3,114.57,0.15
3511,1396,82,3,113.87,0.1
3512,1396,31,3,69.02,0.0
3513,1397,104,1,175.21,0.1
3514,1397,31,2,69.02,0.05
3515,1397,114,2,46.87,0.0
3516,1398,26,3,114.37,0.05
3517,1398,105,1,321.26,0.0
3518,1398,5,3,856.49,0.1
3519,1399,48,3,56.46,0.15
3520,1399,111,3,99.29,0.1
3521,1399,60,2,31.57,0.1
3522,1400,26,2,114.37,0.1
3523,1400,47,3,31.94,0.15
3524,1400,31,2,69.02,0.15
3525,1401,104,2,175.21,0.05
3526,1401,9,1,1017.39,0.05
3527,1401,56,2,23.54,0.1
3528,1401,27,2,116.94,0.0
3529,1402,66,2,106.71,0.05
3530,1402,12,2,876.42,0.05
3531,1402,105,2,321.26,0.1
3532,1403,15,1,1466.49,0.0
3533,1403,110,2,31.39,0.1
3534,1404,35,1,109.54,0.15
3535,1405,84,1,189.75,0.05
3536,1405,70,1,54.65,0.15
3537,1405,75,1,181.68,0.1
3538,1406,58,3,44.05,0.15
3539,1407,4,3,1016.95,0.0
3540,1408,19,1,1303.76,0.0
3541,1408,120,2,64.19,0.15
3542,1409,27,3,116.94,0.1
3543,1409,47,3,31.94,0.05
3544,1410,35,3,109.54,0.15
3545,1410,109,1,67.25,0.0
3546,1410,88,2,109.47,0.05
3547,1411,89,3,55.64,0.15
3548,1412,60,2,31.57,0.15
3549,1412,58,3,44.05,0.1
3550,1412,17,2,1005.58,0.05
3551,1412,74,1,179.47,0.15
3552,1413,119,3,62.24,0.1
3553,1414,4,2,1016.95,0.1
3554,1415,110,1,31.39,0.0
3555,1415,88,2,109.47,0.05
3556,1415,23,2,1138.4,0.15
3557,1415,94,3,121.02,0.05
3558,1416,74,1,179.47,0.05
3559,1416,89,2,55.64,0.0
3560,1417,49,2,53.79,0.1
3561,1417,80,3,81.78,0.05
3562,1418,74,3,179.47,0.15
3563,1418,93,1,73.99,0.1
3564,1419,106,3,342.73,0.05
3565,1419,115,1,74.95,0.05
3566,1419,111,1,99.29,0.05
3567,1420,1,2,1061.42,0.15
3568,1420,37,3,36.6,0.05
3569,1421,12,2,876.42,0.15
3570,1421,65,1,94.35,0.0
3571,1421,45,3,58.26,0.15
3572,1421,5,1,856.49,0.05
3573,1422,98,3,406.86,0.05
3574,1423,16,2,1522.38,0.05
3575,1423,20,3,1272.89,0.05
3576,1423,51,3,53.62,0.0
3577,1423,13,2,1416.4,0.15
3578,1424,62,2,99.59,0.05
3579,1424,26,1,114.37,0.05
3580,1424,42,1,58.5,0.05
3581,1424,57,1,62.07,0.05
3582,1425,33,3,96.96,0.05
3583,1425,20,3,1272.89,0.05
3584,1425,45,1,58.26,0.1
3585,1426,28,1,89.14,0.15
3586,1426,48,1,56.46,0.15
3587,1426,84,1,189.75,0.0
3588,1427,36,1,67.29,0.15
3589,1427,14,3,929.55,0.1
3590,1427,106,1,342.73,0.1
3591,1427,31,1,69.02,0.1
3592,1428,100,1,240.04,0.15
3593,1428,50,3,52.38,0.0
3594,1429,85,2,122.17,0.1
3595,1429,47,2,31.94,0.0
3596,1429,50,2,52.38,0.1
3597,1429,9,2,1017.39,0.0
3598,1430,93,3,73.99,0.1
3599,1430,35,2,109.54,0.15
3600,1430,10,2,783.62,0.0
3601,1430,73,3,117.31,0.0
3602,1431,71,1,69.64,0.0
3603,1431,64,2,93.19,0.0
3604,1431,46,1,64.91,0.0
3605,1431,104,2,175.21,0.05
3606,1432,80,3,81.78,0.15
3607,1433,40,1,52.28,0.05
3608,1433,10,3,783.62,0.15
3609,1434,52,2,58.53,0.05
3610,1434,5,1,856.49,0.05
3611,1434,73,2,117.31,0.15
3612,1434,67,2,48.23,0.05
3613,1435,17,3,1005.58,0.15
3614,1435,57,3,62.07,0.0
3615,1436,84,1,189.75,0.05
3616,1436,70,3,54.65,0.1
3617,1436,54,1,20.73,0.0
3618,1436,46,3,64.91,0.0
3619,1437,24,1,1445.96,0.0
3620,1437,30,1,139.26,0.0
3621,1437,16,3,1522.38,0.0
3622,1438,104,3,175.21,0.15
3623,1438,49,2,53.79,0.15
3624,1438,35,1,109.54,0.0
3625,1438,37,1,36.6,0.05
3626,1439,40,2,52.28,0.15
3627,1439,70,2,54.65,0.1
3628,1439,86,3,110.76,0.15
3629,1440,54,1,20.73,0.15
3630,1441,5,1,856.49,0.1
3631,1441,3,2,1143.05,0.05
3632,1441,53,2,55.82,0.05
3633,1442,73,1,117.31,0.15
3634,1442,55,2,32.53,0.0
3635,1442,79,1,243.88,0.1
3636,1443,27,2,116.94,0.15
3637,1443,7,3,1081.5,0.0
3638,1443,89,1,55.64,0.1
3639,1444,53,2,55.82,0.05
3640,1444,87,1,104.67,0.1
3641,1444,27,3,116.94,0.1
3642,1444,55,3,32.53,0.1
3643,1445,32,2,58.98,0.1
3644,1445,39,3,57.67,0.05
3645,1445,43,2,30.23,0.1
3646,1445,97,1,308.18,0.1
3647,1446,97,1,308.18,0.1
3648,1446,78,2,198.38,0.15
3649,1447,34,3,125.09,0.05
3650,1447,3,1,1143.05,0.05
3651,1447,68,1,86.11,0.1
3652,1447,98,3,406.86,0.15
3653,1448,74,3,179.47,0.1
3654,1448,86,1,110.76,0.05
3655,1449,17,1,1005.58,0.15
3656,1449,8,1,1131.13,0.15
3657,1449,89,2,55.64,0.1
3658,1449,23,3,1138.4,0.1
3659,1450,48,3,56.46,0.05
3660,1450,44,1,59.87,0.0
3661,1450,61,1,73.16,0.0
3662,1450,103,1,299.32,0.1
3663,1451,119,3,62.24,0.05
3664,1451,9,3,1017.39,0.0
3665,1451,19,1,1303.76,0.05
3666,1451,93,3,73.99,0.1
3667,1452,43,2,30.23,0.15
3668,1452,110,1,31.39,0.1
3669,1452,51,3,53.62,0.1
3670,1452,111,3,99.29,0.15
3671,1453,119,3,62.24,0.05
3672,1454,25,2,101.45,0.15
3673,1454,34,2,125.09,0.05
3674,1454,90,1,100.08,0.0
3675,1455,114,1,46.87,0.1
3676,1456,5,1,856.49,0.05
3677,1456,110,2,31.39,0.15
3678,1457,3,2,1143.05,0.05
3679,1458,101,1,403.43,0.0
3680,1458,106,3,342.73,0.1
3681,1458,70,3,54.65,0.05
3682,1458,107,3,315.32,0.1
3683,1459,114,3,46.87,0.0
3684,1459,104,3,175.21,0.15
3685,1460,25,1,101.45,0.1
3686,1460,5,1,856.49,0.05
3687,1460,39,1,57.67,0.1
3688,1461,55,1,32.53,0.15
3689,1461,51,2,53.62,0.05
3690,1461,44,1,59.87,0.05
3691,1462,2,1,1276.88,0.05
3692,1462,18,2,813.45,0.15
3693,1463,3,1,1143.05,0.1
3694,1463,29,2,144.47,0.15
3695,1464,101,1,403.43,0.15
3696,1464,59,2,28.01,0.05
3697,1464,47,2,31.94,0.1
3698,1464,120,2,64.19,0.05
3699,1465,8,1,1131.13,0.05
3700,1465,11,3,863.36,0.1
3701,1466,92,1,59.67,0.0
3702,1466,118,1,70.37,0.1
3703,1466,102,2,188.19,0.0
3704,1467,85,1,122.17,0.1
3705,1467,103,1,299.32,0.1
3706,1468,85,2,122.17,0.0
3707,1468,114,2,46.87,0.15
3708,1468,70,2,54.65,0.1
3709,1469,50,2,52.38,0.05
3710,1470,65,1,94.35,0.05
3711,1470,112,1,66.68,0.1
3712,1470,120,3,64.19,0.0
3713,1471,92,3,59.67,0.05
3714,1471,33,1,96.96,0.15
3715,1471,118,1,70.37,0.05
3716,1472,17,1,1005.58,0.0
3717,1473,31,3,69.02,0.1
3718,1474,59,1,28.01,0.15
3719,1475,77,2,105.72,0.0
3720,1475,20,3,1272.89,0.1
3721,1476,64,1,93.19,0.05
3722,1477,32,2,58.98,0.05
3723,1477,29,1,144.47,0.0
3724,1477,72,2,111.1,0.1
3725,1478,87,2,104.67,0.15
3726,1478,42,1,58.5,0.05
3727,1478,88,3,109.47,0.0
3728,1478,104,3,175.21,0.05
3729,1479,113,2,45.91,0.15
3730,1479,116,3,92.44,0.1
3731,1479,107,1,315.32,0.1
3732,1479,3,2,1143.05,0.0
3733,1480,99,1,181.09,0.1
3734,1480,65,1,94.35,0.15
3735,1480,88,2,109.47,0.1
3736,1480,45,3,58.26,0.05
3737,1481,113,3,45.91,0.1
3738,1481,77,2,105.72,0.05
3739,1482,41,2,45.79,0.05
3740,1482,102,1,188.19,0.15
3741,1482,22,1,845.9,0.15
3742,1482,21,2,1122.92,0.0
3743,1483,74,1,179.47,0.05
3744,1483,93,3,73.99,0.1
3745,1483,119,1,62.24,0.0
3746,1484,76,2,115.79,0.15
3747,1484,41,1,45.79,0.15
3748,1485,83,1,77.52,0.1
3749,1485,53,3,55.82,0.05
3750,1486,80,3,81.78,0.1
3751,1486,66,1,106.71,0.05
3752,1486,4,1,1016.95,0.0
3753,1487,6,2,1247.26,0.05
3754,1488,109,1,67.25,0.05
3755,1488,20,1,1272.89,0.1
3756,1489,92,2,59.67,0.05
3757,1490,39,3,57.67,0.0
3758,1490,115,3,74.95,0.1
3759,1490,2,2,1276.88,0.0
3760,1490,14,2,929.55,0.1
3761,1491,6,2,1247.26,0.05
3762,1492,67,3,48.23,0.15
3763,1492,42,3,58.5,0.15
3764,1492,100,2,240.04,0.15
3765,1493,28,3,89.14,0.05
3766,1493,38,1,53.59,0.05
3767,1494,24,2,1445.96,0.0
3768,1494,3,1,1143.05,0.1
3769,1495,37,3,36.6,0.15
3770,1496,20,3,1272.89,0.1
3771,1496,106,3,342.73,0.0
3772,1496,98,3,406.86,0.05
3773,1496,53,3,55.82,0.05
3774,1497,113,2,45.91,0.15
3775,1497,56,1,23.54,0.05
3776,1498,96,3,124.74,0.1
3777,1498,21,1,1122.92,0.15
3778,1499,42,1,58.5,0.1
3779,1500,120,2,64.19,0.05
3780,1501,8,2,1131.13,0.15
3781,1502,110,1,31.39,0.05
3782,1502,30,3,139.26,0.15
3783,1503,65,2,94.35,0.0
3784,1504,56,2,23.54,0.0
3785,1504,71,1,69.64,0.0
3786,1505,116,3,92.44,0.05
3787,1505,29,1,144.47,0.05
3788,1506,68,2,86.11,0.1
3789,1507,84,1,189.75,0.15
3790,1508,110,3,31.39,0.1
3791,1509,78,2,198.38,0.0
3792,1509,57,2,62.07,0.15
3793,1509,53,3,55.82,0.05
3794,1509,15,3,1466.49,0.1
3795,1510,92,3,59.67,0.05
3796,1511,69,3,114.57,0.1
3797,1511,50,3,52.38,0.0
3798,1511,98,1,406.86,0.1
3799,1511,22,2,845.9,0.05
3800,1512,44,1,59.87,0.1
3801,1512,42,3,58.5,0.15
3802,1513,75,3,181.68,0.0
3803,1513,111,2,99.29,0.1
3804,1514,9,3,1017.39,0.15
3805,1514,98,2,406.86,0.0
3806,1514,57,3,62.07,0.0
3807,1515,72,3,111.1,0.1
3808,1515,46,2,64.91,0.1
3809,1515,88,1,109.47,0.05
3810,1516,108,3,285.82,0.1
3811,1516,59,1,28.01,0.15
3812,1516,67,3,48.23,0.0
3813,1517,34,2,125.09,0.1
3814,1518,113,1,45.91,0.0
3815,1518,2,1,1276.88,0.15
3816,1518,42,1,58.5,0.15
3817,1518,22,1,845.9,0.15
3818,1519,3,3,1143.05,0.05
3819,1520,99,1,181.09,0.0
3820,1521,86,3,110.76,0.05
3821,1521,105,3,321.26,0.15
3822,1521,70,2,54.65,0.0
3823,1522,101,1,403.43,0.0
3824,1522,48,1,56.46,0.0
3825,1522,118,3,70.37,0.1
3826,1522,2,3,1276.88,0.15
3827,1523,117,2,75.36,0.15
3828,1524,106,3,342.73,0.1
3829,1524,57,2,62.07,0.15
3830,1525,84,1,189.75,0.15
3831,1526,55,3,32.53,0.0
3832,1526,48,1,56.46,0.05
3833,1527,17,2,1005.58,0.15
3834,1527,77,2,105.72,0.1
3835,1527,6,2,1247.26,0.15
3836,1528,19,1,1303.76,0.1
3837,1528,101,2,403.43,0.15
3838,1528,100,2,240.04,0.05
3839,1528,17,2,1005.58,0.15
3840,1529,43,1,30.23,0.05
3841,1530,62,2,99.59,0.1
3842,1530,116,3,92.44,0.1
3843,1530,50,2,52.38,0.05
3844,1531,69,2,114.57,0.0
3845,1531,29,2,144.47,0.0
3846,1532,14,3,929.55,0.0
3847,1532,22,1,845.9,0.05
3848,1533,120,1,64.19,0.15
3849,1534,64,2,93.19,0.05
3850,1534,21,3,1122.92,0.1
3851,1534,55,3,32.53,0.1
3852,1534,99,3,181.09,0.1
3853,1535,22,2,845.9,0.05
3854,1535,88,3,109.47,0.1
3855,1535,108,1,285.82,0.15
3856,1536,58,1,44.05,0.0
3857,1537,47,2,31.94,0.0
3858,1538,30,1,139.26,0.1
3859,1538,98,1,406.86,0.1
3860,1538,47,2,31.94,0.1
3861,1538,82,1,113.87,0.15
3862,1539,26,3,114.37,0.05
3863,1539,34,1,125.09,0.1
3864,1539,38,1,53.59,0.15
3865,1539,109,3,67.25,0.0
3866,1540,11,3,863.36,0.05
3867,1540,112,1,66.68,0.05
3868,1540,101,2,403.43,0.0
3869,1540,9,3,1017.39,0.15
3870,1541,62,2,99.59,0.05
3871,1541,70,1,54.65,0.1
3872,1542,24,3,1445.96,0.1
3873,1542,16,2,1522.38,0.1
3874,1542,57,3,62.07,0.05
3875,1543,13,3,1416.4,0.0
3876,1544,36,2,67.29,0.0
3877,1544,112,3,66.68,0.15
3878,1544,49,2,53.79,0.15
3879,1545,40,1,52.28,0.05
3880,1546,114,2,46.87,0.1
3881,1546,49,2,53.79,0.0
3882,1546,81,3,111.58,0.0
3883,1547,62,1,99.59,0.05
3884,1547,30,3,139.26,0.1
3885,1547,74,1,179.47,0.0
3886,1548,116,3,92.44,0.1
3887,1548,37,2,36.6,0.1
3888,1548,22,3,845.9,0.1
3889,1549,106,2,342.73,0.1
3890,1549,100,3,240.04,0.1
3891,1549,114,3,46.87,0.05
3892,1550,57,3,62.07,0.15
3893,1551,82,2,113.87,0.0
3894,1551,78,2,198.38,0.0
3895,1552,119,1,62.24,0.1
3896,1552,43,1,30.23,0.15
3897,1552,104,2,175.21,0.05
3898,1553,82,1,113.87,0.1
3899,1553,4,2,1016.95,0.0
3900,1554,107,2,315.32,0.0
3901,1554,69,1,114.57,0.05
3902,1554,11,1,863.36,0.15
3903,1554,36,2,67.29,0.0
3904,1555,119,1,62.24,0.1
3905,1555,55,1,32.53,0.1
3906,1555,75,3,181.68,0.0
3907,1555,27,3,116.94,0.15
3908,1556,17,2,1005.58,0.0
3909,1556,87,3,104.67,0.0
3910,1557,2,1,1276.88,0.05
3911,1558,45,3,58.26,0.15
3912,1558,16,1,1522.38,0.0
3913,1558,32,3,58.98,0.1
3914,1559,37,2,36.6,0.0
3915,1560,52,2,58.53,0.15
3916,1560,9,1,1017.39,0.15
3917,1561,66,2,106.71,0.05
3918,1561,93,1,73.99,0.1
3919,1561,77,1,105.72,0.0
3920,1562,12,2,876.42,0.05
3921,1562,47,1,31.94,0.1
3922,1562,82,2,113.87,0.15
3923,1562,38,1,53.59,0.15
3924,1563,13,2,1416.4,0.1
3925,1564,108,1,285.82,0.15
3926,1564,66,2,106.71,0.05
3927,1565,99,1,181.09,0.1
3928,1565,84,1,189.75,0.1
3929,1565,49,1,53.79,0.0
3930,1565,53,2,55.82,0.1
3931,1566,80,3,81.78,0.15
3932,1567,53,1,55.82,0.1
3933,1567,107,1,315.32,0.0
3934,1567,34,1,125.09,0.0
3935,1568,63,1,82.03,0.15
3936,1568,54,1,20.73,0.0
3937,1569,15,1,1466.49,0.1
3938,1569,68,1,86.11,0.0
3939,1569,97,3,308.18,0.15
3940,1569,75,3,181.68,0.0
3941,1570,73,1,117.31,0.05
3942,1571,112,2,66.68,0.0
3943,1571,41,3,45.79,0.05
3944,1571,97,2,308.18,0.15
3945,1572,114,3,46.87,0.15
3946,1572,26,3,114.37,0.0
3947,1572,3,1,1143.05,0.15
3948,1573,26,2,114.37,0.05
3949,1574,57,3,62.07,0.05
3950,1574,84,3,189.75,0.05
3951,1574,96,1,124.74,0.15
3952,1574,46,2,64.91,0.15
3953,1575,78,1,198.38,0.0
3954,1576,3,2,1143.05,0.05
3955,1576,24,2,1445.96,0.1
3956,1576,70,1,54.65,0.0
3957,1576,17,2,1005.58,0.0
3958,1577,93,3,73.99,0.1
3959,1578,9,3,1017.39,0.15
3960,1578,3,3,1143.05,0.1
3961,1578,8,1,1131.13,0.05
3962,1579,108,3,285.82,0.0
3963,1579,71,1,69.64,0.15
3964,1580,97,3,308.18,0.15
3965,1580,36,1,67.29,0.15
3966,1581,27,1,116.94,0.15
3967,1581,24,2,1445.96,0.05
3968,1581,23,1,1138.4,0.1
3969,1581,48,1,56.46,0.1
3970,1582,5,1,856.49,0.1
3971,1583,28,1,89.14,0.15
3972,1583,7,2,1081.5,0.05
3973,1583,61,1,73.16,0.05
3974,1583,2,1,1276.88,0.0
3975,1584,93,2,73.99,0.05
3976,1584,18,2,813.45,0.0
3977,1584,9,1,1017.39,0.1
3978,1584,74,2,179.47,0.15
3979,1585,18,3,813.45,0.0
3980,1585,43,1,30.23,0.15
3981,1586,84,2,189.75,0.05
3982,1587,73,2,117.31,0.0
3983,1587,6,3,1247.26,0.15
3984,1587,96,2,124.74,0.05
3985,1587,66,1,106.71,0.0
3986,1588,96,1,124.74,0.15
3987,1588,53,1,55.82,0.05
3988,1588,102,3,188.19,0.0
3989,1589,32,1,58.98,0.05
3990,1589,53,2,55.82,0.1
3991,1589,7,1,1081.5,0.05
3992,1590,19,2,1303.76,0.05
3993,1591,19,3,1303.76,0.0
3994,1592,114,1,46.87,0.05
3995,1592,24,3,1445.96,0.05
3996,1592,49,2,53.79,0.1
3997,1592,79,2,243.88,0.0
3998,1593,84,2,189.75,0.1
3999,1594,106,3,342.73,0.1
4000,1594,89,1,55.64,0.15
4001,1594,46,1,64.91,0.05
4002,1595,120,1,64.19,0.05
4003,1595,69,2,114.57,0.15
4004,1595,75,3,181.68,0.1
4005,1596,17,1,1005.58,0.0
4006,1596,28,3,89.14,0.1
4007,1596,60,2,31.57,0.15
4008,1596,49,2,53.79,0.0
4009,1597,73,1,117.31,0.0
4010,1598,11,2,863.36,0.0
4011,1598,56,1,23.54,0.15
4012,1599,107,2,315.32,0.05
4013,1599,26,2,114.37,0.1
4014,1600,65,1,94.35,0.0
4015,1601,56,3,23.54,0.0
4016,1601,24,1,1445.96,0.0
4017,1601,19,1,1303.76,0.05
4018,1602,116,1,92.44,0.05
4019,1602,43,1,30.23,0.0
4020,1602,1,1,1061.42,0.0
4021,1603,59,3,28.01,0.0
4022,1603,31,1,69.02,0.0
4023,1603,76,1,115.79,0.1
4024,1603,15,1,1466.49,0.15
4025,1604,50,3,52.38,0.05
4026,1605,95,3,67.35,0.15
4027,1605,107,3,315.32,0.0
4028,1605,75,2,181.68,0.0
4029,1605,87,3,104.67,0.1
4030,1606,62,1,99.59,0.0
4031,1606,34,1,125.09,0.1
4032,1606,50,3,52.38,0.05
4033,1606,32,1,58.98,0.15
4034,1607,58,1,44.05,0.0
4035,1607,11,2,863.36,0.0
4036,1608,98,2,406.86,0.05
4037,1608,74,1,179.47,0.05
4038,1609,27,1,116.94,0.1
4039,1609,42,2,58.5,0.15
4040,1609,98,1,406.86,0.15
4041,1610,37,3,36.6,0.1
4042,1610,75,2,181.68,0.15
4043,1610,114,2,46.87,0.05
4044,1611,113,1,45.91,0.05
4045,1611,83,3,77.52,0.0
4046,1611,93,3,73.99,0.05
4047,1612,1,2,1061.42,0.05
4048,1612,20,1,1272.89,0.1
4049,1612,115,3,74.95,0.0
4050,1613,60,2,31.57,0.05
4051,1613,30,2,139.26,0.1
4052,1614,3,1,1143.05,0.0
4053,1614,2,3,1276.88,0.05
4054,1614,38,3,53.59,0.1
4055,1614,12,1,876.42,0.0
4056,1615,45,2,58.26,0.15
4057,1615,73,1,117.31,0.0
4058,1615,3,1,1143.05,0.15
4059,1616,4,3,1016.95,0.05
4060,1616,7,3,1081.5,0.05
4061,1616,11,2,863.36,0.0
4062,1616,17,1,1005.58,0.0
4063,1617,9,1,1017.39,0.1
4064,1617,45,3,58.26,0.1
4065,1617,12,1,876.42,0.15
4066,1617,17,3,1005.58,0.15
4067,1618,40,1,52.28,0.1
4068,1618,49,3,53.79,0.05
4069,1618,93,1,73.99,0.15
4070,1619,106,1,342.73,0.1
4071,1619,4,1,1016.95,0.0
4072,1619,14,2,929.55,0.15
4073,1619,80,3,81.78,0.05
4074,1620,72,2,111.1,0.15
4075,1620,54,3,20.73,0.05
4076,1620,11,1,863.36,0.1
4077,1621,86,1,110.76,0.15
4078,1621,24,2,1445.96,0.15
4079,1621,51,2,53.62,0.15
4080,1621,58,1,44.05,0.05
4081,1622,110,2,31.39,0.1
4082,1622,70,2,54.65,0.15
4083,1622,57,1,62.07,0.05
4084,1622,66,3,106.71,0.0
4085,1623,104,3,175.21,0.1
4086,1624,111,1,99.29,0.1
4087,1624,35,1,109.54,0.1
4088,1624,104,3,175.21,0.15
4089,1625,12,3,876.42,0.15
4090,1625,44,2,59.87,0.1
4091,1626,3,3,1143.05,0.1
4092,1626,52,2,58.53,0.0
4093,1627,100,1,240.04,0.05
4094,1627,26,2,114.37,0.05
4095,1627,70,1,54.65,0.15
4096,1627,71,1,69.64,0.1
4097,1628,65,3,94.35,0.05
4098,1628,112,3,66.68,0.0
4099,1628,111,3,99.29,0.1
4100,1629,34,2,125.09,0.0
4101,1629,111,1,99.29,0.0
4102,1629,100,1,240.04,0.0
4103,1629,3,1,1143.05,0.1
4104,1630,32,1,58.98,0.0
4105,1630,111,3,99.29,0.15
4106,1631,1,1,1061.42,0.0
4107,1631,106,3,342.73,0.15
4108,1631,31,1,69.02,0.0
4109,1631,64,1,93.19,0.05
4110,1632,71,3,69.64,0.0
4111,1632,106,1,342.73,0.0
4112,1632,76,2,115.79,0.0
4113,1632,80,1,81.78,0.05
4114,1633,14,3,929.55,0.15
4115,1633,97,3,308.18,0.0
4116,1634,100,3,240.04,0.0
4117,1635,88,1,109.47,0.1
4118,1635,92,1,59.67,0.1
4119,1635,79,3,243.88,0.15
4120,1636,10,1,783.62,0.15
4121,1637,3,2,1143.05,0.05
4122,1638,77,1,105.72,0.15
4123,1638,98,1,406.86,0.15
4124,1638,8,1,1131.13,0.15
4125,1638,92,1,59.67,0.0
4126,1639,87,3,104.67,0.15
4127,1639,77,2,105.72,0.15
4128,1640,44,2,59.87,0.15
4129,1640,108,3,285.82,0.0
4130,1640,30,1,139.26,0.05
4131,1640,6,2,1247.26,0.0
4132,1641,2,1,1276.88,0.1
4133,1642,113,1,45.91,0.05
4134,1642,51,1,53.62,0.15
4135,1643,71,2,69.64,0.15
4136,1643,46,3,64.91,0.15
4137,1643,109,1,67.25,0.15
4138,1643,59,2,28.01,0.1
4139,1644,90,1,100.08,0.0
4140,1644,96,2,124.74,0.0
4141,1644,113,3,45.91,0.0
4142,1645,10,1,783.62,0.05
4143,1645,1,1,1061.42,0.1
4144,1645,62,1,99.59,0.1
4145,1645,119,1,62.24,0.1
4146,1646,74,2,179.47,0.1
4147,1646,18,3,813.45,0.0
4148,1647,95,2,67.35,0.0
4149,1648,48,1,56.46,0.15
4150,1649,90,1,100.08,0.05
4151,1649,38,3,53.59,0.1
4152,1649,52,1,58.53,0.1
4153,1649,92,3,59.67,0.0
4154,1650,113,2,45.91,0.15
4155,1651,65,2,94.35,0.0
4156,1651,105,2,321.26,0.15
4157,1651,104,1,175.21,0.1
4158,1651,75,2,181.68,0.0
4159,1652,117,1,75.36,0.05
4160,1652,64,1,93.19,0.1
4161,1652,43,3,30.23,0.15
4162,1652,104,3,175.21,0.0
4163,1653,98,3,406.86,0.15
4164,1654,38,2,53.59,0.15
4165,1654,101,3,403.43,0.1
4166,1655,46,1,64.91,0.15
4167,1656,16,2,1522.38,0.15
4168,1656,47,3,31.94,0.05
4169,1656,50,2,52.38,0.0
4170,1656,104,1,175.21,0.0
4171,1657,100,1,240.04,0.15
4172,1658,91,1,94.87,0.15
4173,1658,59,1,28.01,0.05
4174,1658,86,3,110.76,0.05
4175,1659,19,3,1303.76,0.1
4176,1659,115,1,74.95,0.15
4177,1659,58,2,44.05,0.15
4178,1659,24,2,1445.96,0.05
4179,1660,19,1,1303.76,0.05
4180,1660,62,2,99.59,0.05
4181,1661,78,3,198.38,0.15
4182,1661,17,3,1005.58,0.15
4183,1661,28,3,89.14,0.0
4184,1662,67,3,48.23,0.15
4185,1662,118,3,70.37,0.05
4186,1662,120,1,64.19,0.0
4187,1663,1,1,1061.42,0.05
4188,1663,45,2,58.26,0.05
4189,1663,101,3,403.43,0.15
4190,1664,55,2,32.53,0.05
4191,1664,33,3,96.96,0.1
4192,1664,100,2,240.04,0.15
4193,1664,2,1,1276.88,0.15
4194,1665,21,1,1122.92,0.0
4195,1665,56,1,23.54,0.1
4196,1665,109,1,67.25,0.05
4197,1666,59,1,28.01,0.05
4198,1666,94,1,121.02,0.05
4199,1667,14,1,929.55,0.15
4200,1668,63,1,82.03,0.15
4201,1669,15,3,1466.49,0.15
4202,1669,37,3,36.6,0.05
4203,1669,35,1,109.54,0.1
4204,1670,27,3,116.94,0.05
4205,1671,13,2,1416.4,0.05
4206,1672,55,3,32.53,0.0
4207,1673,118,1,70.37,0.0
4208,1674,114,2,46.87,0.0
4209,1675,53,2,55.82,0.05
4210,1675,107,2,315.32,0.1
4211,1676,21,2,1122.92,0.15
4212,1676,73,1,117.31,0.0
4213,1676,36,3,67.29,0.05
4214,1676,101,3,403.43,0.0
4215,1677,113,3,45.91,0.1
4216,1677,45,1,58.26,0.05
4217,1678,24,1,1445.96,0.0
4218,1678,70,2,54.65,0.05
4219,1678,111,2,99.29,0.0
4220,1678,12,2,876.42,0.15
4221,1679,51,1,53.62,0.15
4222,1679,83,1,77.52,0.1
4223,1679,43,2,30.23,0.05
4224,1679,106,3,342.73,0.15
4225,1680,3,1,1143.05,0.15
4226,1680,58,2,44.05,0.0
4227,1680,93,2,73.99,0.15
4228,1681,22,1,845.9,0.0
4229,1682,24,1,1445.96,0.1
4230,1682,99,2,181.09,0.05
4231,1683,75,1,181.68,0.05
4232,1684,1,1,1061.42,0.1
4233,1684,22,1,845.9,0.0
4234,1685,45,1,58.26,0.05
4235,1685,110,2,31.39,0.1
4236,1685,8,2,1131.13,0.0
4237,1686,89,3,55.64,0.05
4238,1686,101,1,403.43,0.05
4239,1686,27,1,116.94,0.1
4240,1687,1,3,1061.42,0.0
4241,1687,104,2,175.21,0.05
4242,1688,21,3,1122.92,0.0
4243,1689,41,3,45.79,0.05
4244,1689,117,1,75.36,0.0
4245,1689,112,1,66.68,0.05
4246,1689,79,2,243.88,0.15
4247,1690,36,1,67.29,0.15
4248,1690,21,1,1122.92,0.1
4249,1690,9,3,1017.39,0.0
4250,1691,76,1,115.79,0.05
4251,1692,62,2,99.59,0.05
4252,1693,61,3,73.16,0.15
4253,1693,41,2,45.79,0.15
4254,1693,20,1,1272.89,0.05
4255,1694,104,1,175.21,0.05
4256,1694,99,3,181.09,0.1
4257,1694,30,2,139.26,0.05
4258,1694,4,2,1016.95,0.0
4259,1695,89,2,55.64,0.1
4260,1695,30,1,139.26,0.1
4261,1695,111,1,99.29,0.1
4262,1696,39,1,57.67,0.0
4263,1697,34,3,125.09,0.05
4264,1697,60,2,31.57,0.1
4265,1698,91,2,94.87,0.1
4266,1698,105,3,321.26,0.0
4267,1699,64,2,93.19,0.05
4268,1699,6,1,1247.26,0.05
4269,1699,56,1,23.54,0.15
4270,1699,82,2,113.87,0.0
4271,1700,44,3,59.87,0.1
4272,1700,60,2,31.57,0.1
4273,1701,95,3,67.35,0.05
4274,1701,68,2,86.11,0.15
4275,1701,25,3,101.45,0.15
4276,1702,51,3,53.62,0.05
4277,1702,62,2,99.59,0.1
4278,1702,17,1,1005.58,0.1
4279,1703,23,2,1138.4,0.0
4280,1703,24,1,1445.96,0.05
4281,1704,58,2,44.05,0.05
4282,1704,23,3,1138.4,0.1
4283,1704,71,1,69.64,0.0
4284,1705,119,1,62.24,0.1
4285,1705,36,3,67.29,0.05
4286,1706,51,2,53.62,0.0
4287,1706,22,1,845.9,0.15
4288,1706,107,2,315.32,0.0
4289,1706,89,2,55.64,0.1
4290,1707,24,2,1445.96,0.1
4291,1707,9,3,1017.39,0.0
4292,1708,95,1,67.35,0.05
4293,1709,18,2,813.45,0.15
4294,1709,21,1,1122.92,0.0
4295,1710,3,2,1143.05,0.15
4296,1710,120,3,64.19,0.0
4297,1710,68,2,86.11,0.15
4298,1710,19,2,1303.76,0.15
4299,1711,61,2,73.16,0.05
4300,1712,2,1,1276.88,0.15
4301,1712,74,1,179.47,0.05
4302,1712,42,2,58.5,0.15
4303,1713,87,1,104.67,0.05
4304,1713,15,2,1466.49,0.0
4305,1714,56,2,23.54,0.05
4306,1715,116,1,92.44,0.05
4307,1715,105,2,321.26,0.05
4308,1715,37,2,36.6,0.15
4309,1716,115,2,74.95,0.05
4310,1716,118,2,70.37,0.1
4311,1716,97,1,308.18,0.0
4312,1716,5,2,856.49,0.15
4313,1717,66,3,106.71,0.15
4314,1718,23,3,1138.4,0.05
4315,1718,39,1,57.67,0.05
4316,1719,99,2,181.09,0.05
4317,1719,35,1,109.54,0.1
4318,1719,10,2,783.62,0.15
4319,1720,74,1,179.47,0.05
4320,1720,33,2,96.96,0.1
4321,1720,58,3,44.05,0.1
4322,1720,73,3,117.31,0.05
4323,1721,36,3,67.29,0.15
4324,1722,9,1,1017.39,0.1
4325,1722,84,1,189.75,0.1
4326,1722,2,3,1276.88,0.1
4327,1723,93,3,73.99,0.0
4328,1723,36,1,67.29,0.05
4329,1723,31,2,69.02,0.0
4330,1723,42,2,58.5,0.15
4331,1724,95,2,67.35,0.1
4332,1724,13,2,1416.4,0.05
4333,1724,38,2,53.59,0.0
4334,1724,29,2,144.47,0.15
4335,1725,113,2,45.91,0.15
4336,1725,54,1,20.73,0.15
4337,1725,33,1,96.96,0.15
4338,1726,67,2,48.23,0.0
4339,1727,74,1,179.47,0.0
4340,1727,108,3,285.82,0.1
4341,1728,3,2,1143.05,0.15
4342,1728,38,1,53.59,0.1
4343,1728,31,1,69.02,0.05
4344,1728,47,3,31.94,0.05
4345,1729,28,2,89.14,0.15
4346,1729,4,3,1016.95,0.15
4347,1730,71,1,69.64,0.05
4348,1731,117,1,75.36,0.0
4349,1731,74,3,179.47,0.15
4350,1731,83,3,77.52,0.15
4351,1731,36,2,67.29,0.05
4352,1732,50,2,52.38,0.05
4353,1733,90,3,100.08,0.15
4354,1733,66,2,106.71,0.0
4355,1734,109,3,67.25,0.1
4356,1735,34,3,125.09,0.15
4357,1736,4,1,1016.95,0.0
4358,1736,53,1,55.82,0.15
4359,1736,51,1,53.62,0.0
4360,1736,27,2,116.94,0.05
4361,1737,87,3,104.67,0.05
4362,1738,114,1,46.87,0.15
4363,1738,99,1,181.09,0.15
4364,1738,27,3,116.94,0.0
4365,1739,52,2,58.53,0.05
4366,1739,76,1,115.79,0.05
4367,1740,42,3,58.5,0.0
4368,1740,39,1,57.67,0.1
4369,1741,58,1,44.05,0.0
4370,1741,4,3,1016.95,0.1
4371,1741,49,3,53.79,0.15
4372,1741,77,1,105.72,0.0
4373,1742,30,3,139.26,0.1
4374,1742,72,3,111.1,0.05
4375,1742,117,1,75.36,0.05
4376,1743,65,2,94.35,0.15
4377,1743,111,3,99.29,0.1
4378,1743,119,3,62.24,0.05
4379,1743,1,3,1061.42,0.0
4380,1744,14,2,929.55,0.1
4381,1745,43,1,30.23,0.05
4382,1746,120,3,64.19,0.05
4383,1747,27,1,116.94,0.0
4384,1748,77,3,105.72,0.05
4385,1748,54,3,20.73,0.1
4386,1749,85,1,122.17,0.15
4387,1750,73,3,117.31,0.15
4388,1750,24,3,1445.96,0.1
4389,1750,83,1,77.52,0.0
4390,1751,93,3,73.99,0.15
4391,1752,2,1,1276.88,0.05
4392,1752,72,1,111.1,0.05
4393,1753,119,1,62.24,0.1
4394,1753,54,2,20.73,0.1
4395,1754,83,2,77.52,0.15
4396,1754,33,1,96.96,0.0
4397,1755,39,3,57.67,0.1
4398,1755,21,1,1122.92,0.15
4399,1756,29,2,144.47,0.05
4400,1756,59,1,28.01,0.05
4401,1757,32,3,58.98,0.15
4402,1758,32,1,58.98,0.1
4403,1758,49,1,53.79,0.1
4404,1758,41,2,45.79,0.05
4405,1759,102,3,188.19,0.0
4406,1759,48,1,56.46,0.15
4407,1759,100,3,240.04,0.1
4408,1759,36,3,67.29,0.05
4409,1760,32,3,58.98,0.15
4410,1760,67,2,48.23,0.05
4411,1760,48,1,56.46,0.05
4412,1760,36,1,67.29,0.15
4413,1761,37,2,36.6,0.1
4414,1761,75,3,181.68,0.15
4415,1761,10,3,783.62,0.05
4416,1761,17,1,1005.58,0.0
4417,1762,22,3,845.9,0.05
4418,1762,53,1,55.82,0.15
4419,1763,23,2,1138.4,0.05
4420,1763,25,3,101.45,0.05
4421,1763,115,1,74.95,0.1
4422,1763,45,3,58.26,0.15
4423,1764,58,2,44.05,0.0
4424,1764,79,2,243.88,0.0
4425,1764,24,1,1445.96,0.1
4426,1764,48,3,56.46,0.05
4427,1765,13,1,1416.4,0.05
4428,1765,42,3,58.5,0.0
4429,1766,115,1,74.95,0.1
4430,1767,120,3,64.19,0.0
4431,1767,52,2,58.53,0.05
4432,1767,19,1,1303.76,0.1
4433,1767,108,3,285.82,0.0
4434,1768,42,3,58.5,0.15
4435,1768,20,1,1272.89,0.0
4436,1768,116,3,92.44,0.15
4437,1768,82,3,113.87,0.1
4438,1769,38,1,53.59,0.1
4439,1769,117,3,75.36,0.05
4440,1770,4,2,1016.95,0.15
4441,1770,73,2,117.31,0.0
4442,1771,84,2,189.75,0.15
4443,1772,32,1,58.98,0.15
4444,1772,81,3,111.58,0.15
4445,1772,120,2,64.19,0.0
4446,1773,97,3,308.18,0.1
4447,1773,98,1,406.86,0.1
4448,1774,91,1,94.87,0.1
4449,1775,85,2,122.17,0.0
4450,1775,80,1,81.78,0.0
4451,1775,41,2,45.79,0.15
4452,1775,109,2,67.25,0.05
4453,1776,8,1,1131.13,0.05
4454,1776,29,1,144.47,0.05
4455,1776,54,3,20.73,0.1
4456,1777,27,1,116.94,0.05
4457,1777,59,2,28.01,0.05
4458,1778,37,2,36.6,0.15
4459,1778,71,2,69.64,0.0
4460,1778,78,2,198.38,0.15
4461,1778,1,1,1061.42,0.05
4462,1779,53,3,55.82,0.0
4463,1779,42,2,58.5,0.0
4464,1779,10,3,783.62,0.1
4465,1779,100,1,240.04,0.15
4466,1780,11,2,863.36,0.05
4467,1780,35,2,109.54,0.0
4468,1780,46,3,64.91,0.0
4469,1781,94,3,121.02,0.0
4470,1782,92,2,59.67,0.1
4471,1782,103,1,299.32,0.0
4472,1782,80,2,81.78,0.0
4473,1783,2,1,1276.88,0.1
4474,1783,76,2,115.79,0.1
4475,1783,32,1,58.98,0.1
4476,1784,23,3,1138.4,0.0
4477,1784,11,3,863.36,0.05
4478,1785,31,3,69.02,0.1
4479,1786,85,2,122.17,0.0
4480,1787,12,2,876.42,0.15
4481,1787,116,3,92.44,0.05
4482,1787,49,1,53.79,0.05
4483,1788,120,1,64.19,0.15
4484,1789,98,2,406.86,0.15
4485,1790,6,3,1247.26,0.0
4486,1790,77,3,105.72,0.0
4487,1790,22,3,845.9,0.1
4488,1790,87,1,104.67,0.0
4489,1791,104,2,175.21,0.0
4490,1791,50,1,52.38,0.1
4491,1792,21,1,1122.92,0.05
4492,1792,103,3,299.32,0.0
4493,1792,52,1,58.53,0.15
4494,1793,19,2,1303.76,0.05
4495,1793,3,3,1143.05,0.15
4496,1794,92,2,59.67,0.0
4497,1794,36,3,67.29,0.05
4498,1794,38,3,53.59,0.05
4499,1795,96,3,124.74,0.1
4500,1795,10,3,783.62,0.05
4501,1795,106,3,342.73,0.1
4502,1795,80,2,81.78,0.15
4503,1796,32,3,58.98,0.15
4504,1796,42,1,58.5,0.1
4505,1797,10,1,783.62,0.05
4506,1797,95,2,67.35,0.15
4507,1797,69,3,114.57,0.15
4508,1797,39,1,57.67,0.05
4509,1798,51,1,53.62,0.0
4510,1799,48,1,56.46,0.05
4511,1800,80,3,81.78,0.0
4512,1801,22,1,845.9,0.05
4513,1802,44,1,59.87,0.15
4514,1802,21,2,1122.92,0.15
4515,1802,89,3,55.64,0.1
4516,1803,51,1,53.62,0.15
4517,1803,6,1,1247.26,0.05
4518,1804,33,3,96.96,0.05
4519,1804,104,1,175.21,0.1
4520,1804,35,2,109.54,0.1
4521,1805,16,3,1522.38,0.0
4522,1806,81,1,111.58,0.1
4523,1806,45,2,58.26,0.1
4524,1806,68,2,86.11,0.15
4525,1807,20,3,1272.89,0.15
4526,1807,16,1,1522.38,0.1
4527,1807,64,3,93.19,0.15
4528,1808,14,1,929.55,0.1
4529,1808,104,3,175.21,0.15
4530,1808,54,1,20.73,0.15
4531,1808,108,1,285.82,0.1
4532,1809,116,1,92.44,0.05
4533,1809,118,2,70.37,0.0
4534,1809,52,2,58.53,0.1
4535,1809,3,1,1143.05,0.0
4536,1810,57,1,62.07,0.0
4537,1811,45,3,58.26,0.15
4538,1812,10,3,783.62,0.1
4539,1812,27,2,116.94,0.15
4540,1812,32,3,58.98,0.1
4541,1813,28,2,89.14,0.15
4542,1813,13,3,1416.4,0.0
4543,1813,88,2,109.47,0.15
4544,1814,56,3,23.54,0.15
4545,1814,96,3,124.74,0.05
4546,1814,120,2,64.19,0.1
4547,1814,39,2,57.67,0.0
4548,1815,34,2,125.09,0.15
4549,1815,81,3,111.58,0.0
4550,1815,86,2,110.76,0.15
4551,1815,72,1,111.1,0.05
4552,1816,103,2,299.32,0.05
4553,1816,94,1,121.02,0.0
4554,1816,12,3,876.42,0.05
4555,1816,70,1,54.65,0.0
4556,1817,109,1,67.25,0.15
4557,1817,105,1,321.26,0.05
4558,1818,24,3,1445.96,0.05
4559,1819,49,3,53.79,0.05
4560,1819,80,2,81.78,0.05
4561,1819,111,2,99.29,0.15
4562,1819,76,1,115.79,0.05
4563,1820,6,1,1247.26,0.05
4564,1820,18,1,813.45,0.0
4565,1821,30,1,139.26,0.1
4566,1821,98,2,406.86,0.05
4567,1822,78,3,198.38,0.05
4568,1823,111,2,99.29,0.1
4569,1823,11,1,863.36,0.15
4570,1823,43,1,30.23,0.15
4571,1824,26,3,114.37,0.05
4572,1825,101,3,403.43,0.05
4573,1825,37,1,36.6,0.15
4574,1825,32,3,58.98,0.05
4575,1825,28,1,89.14,0.15
4576,1826,54,3,20.73,0.0
4577,1827,119,2,62.24,0.0
4578,1828,103,2,299.32,0.05
4579,1828,5,3,856.49,0.1
4580,1828,43,1,30.23,0.1
4581,1828,79,1,243.88,0.0
4582,1829,115,2,74.95,0.0
4583,1829,64,3,93.19,0.15
4584,1830,59,3,28.01,0.0
4585,1830,54,2,20.73,0.05
4586,1830,18,1,813.45,0.0
4587,1830,48,1,56.46,0.15
4588,1831,82,2,113.87,0.1
4589,1831,109,2,67.25,0.0
4590,1831,102,2,188.19,0.15
4591,1832,14,1,929.55,0.15
4592,1832,67,3,48.23,0.1
4593,1833,5,2,856.49,0.1
4594,1833,76,1,115.79,0.1
4595,1833,95,3,67.35,0.05
4596,1833,80,1,81.78,0.15
4597,1834,76,2,115.79,0.0
4598,1834,33,1,96.96,0.0
4599,1835,85,1,122.17,0.1
4600,1836,1,3,1061.42,0.0
4601,1837,18,1,813.45,0.1
4602,1837,117,2,75.36,0.1
4603,1838,92,3,59.67,0.15
4604,1838,60,1,31.57,0.05
4605,1838,96,1,124.74,0.05
4606,1838,65,2,94.35,0.15
4607,1839,9,1,1017.39,0.15
4608,1839,50,3,52.38,0.0
4609,1839,67,3,48.23,0.05
4610,1840,60,3,31.57,0.1
4611,1840,96,2,124.74,0.0
4612,1840,74,3,179.47,0.1
4613,1841,25,1,101.45,0.0
4614,1841,114,3,46.87,0.15
4615,1841,87,1,104.67,0.05
4616,1841,70,2,54.65,0.0
4617,1842,54,2,20.73,0.15
4618,1842,11,1,863.36,0.0
4619,1843,94,3,121.02,0.15
4620,1843,58,2,44.05,0.1
4621,1843,88,2,109.47,0.15
4622,1844,46,2,64.91,0.15
4623,1844,13,2,1416.4,0.0
4624,1844,23,1,1138.4,0.0
4625,1844,33,2,96.96,0.15
4626,1845,38,1,53.59,0.1
4627,1845,88,1,109.47,0.15
4628,1846,23,2,1138.4,0.1
4629,1846,115,2,74.95,0.0
4630,1847,26,2,114.37,0.15
4631,1847,68,1,86.11,0.05
4632,1848,58,1,44.05,0.05
4633,1849,104,1,175.21,0.05
4634,1849,120,3,64.19,0.15
4635,1849,35,1,109.54,0.05
4636,1850,4,2,1016.95,0.0
4637,1850,78,1,198.38,0.1
4638,1851,106,3,342.73,0.15
4639,1852,108,2,285.82,0.05
4640,1852,35,3,109.54,0.1
4641,1853,68,2,86.11,0.0
4642,1853,2,2,1276.88,0.05
4643,1853,39,2,57.67,0.15
4644,1854,74,2,179.47,0.15
4645,1855,75,3,181.68,0.0
4646,1855,107,1,315.32,0.15
4647,1855,81,1,111.58,0.05
4648,1856,103,1,299.32,0.0
4649,1857,43,2,30.23,0.0
4650,1857,67,2,48.23,0.05
4651,1858,86,3,110.76,0.15
4652,1858,59,2,28.01,0.1
4653,1858,61,3,73.16,0.1
4654,1858,37,1,36.6,0.1
4655,1859,26,3,114.37,0.05
4656,1859,1,3,1061.42,0.1
4657,1860,14,1,929.55,0.05
4658,1860,74,3,179.47,0.05
4659,1860,54,1,20.73,0.15
4660,1861,92,1,59.67,0.15
4661,1861,80,2,81.78,0.15
4662,1861,97,2,308.18,0.05
4663,1861,36,1,67.29,0.15
4664,1862,108,1,285.82,0.0
4665,1862,76,2,115.79,0.0
4666,1863,100,2,240.04,0.1
4667,1863,19,2,1303.76,0.1
4668,1863,114,2,46.87,0.0
4669,1864,93,2,73.99,0.0
4670,1864,19,2,1303.76,0.0
4671,1864,29,1,144.47,0.05
4672,1864,84,1,189.75,0.15
4673,1865,41,3,45.79,0.15
4674,1865,106,1,342.73,0.1
4675,1865,35,2,109.54,0.15
4676,1865,112,3,66.68,0.1
4677,1866,64,3,93.19,0.0
4678,1866,41,3,45.79,0.0
4679,1866,26,2,114.37,0.05
4680,1866,76,2,115.79,0.0
4681,1867,72,3,111.1,0.1
4682,1868,65,3,94.35,0.15
4683,1868,34,2,125.09,0.05
4684,1869,52,3,58.53,0.15
4685,1869,11,3,863.36,0.0
4686,1869,20,1,1272.89,0.0
4687,1869,31,3,69.02,0.0
4688,1870,20,3,1272.89,0.15
4689,1871,84,2,189.75,0.0
4690,1872,112,1,66.68,0.0
4691,1873,76,1,115.79,0.15
4692,1873,72,3,111.1,0.05
4693,1874,85,2,122.17,0.0
4694,1874,39,1,57.67,0.1
4695,1874,78,1,198.38,0.15
4696,1874,116,2,92.44,0.1
4697,1875,25,2,101.45,0.15
4698,1875,44,1,59.87,0.15
4699,1876,13,2,1416.4,0.1
4700,1876,42,3,58.5,0.0
4701,1877,68,2,86.11,0.05
4702,1878,48,1,56.46,0.0
4703,1878,66,1,106.71,0.1
4704,1878,69,1,114.57,0.1
4705,1879,97,1,308.18,0.05
4706,1880,15,2,1466.49,0.0
4707,1880,42,3,58.5,0.0
4708,1880,81,3,111.58,0.15
4709,1880,97,2,308.18,0.15
4710,1881,103,2,299.32,0.1
4711,1881,100,2,240.04,0.1
4712,1881,81,2,111.58,0.15
4713,1882,105,2,321.26,0.15
4714,1882,99,2,181.09,0.0
4715,1883,62,2,99.59,0.05
4716,1883,28,1,89.14,0.1
4717,1883,98,3,406.86,0.15
4718,1884,85,1,122.17,0.0
4719,1884,57,3,62.07,0.15
4720,1885,43,3,30.23,0.1
4721,1886,30,2,139.26,0.0
4722,1886,23,2,1138.4,0.1
4723,1887,69,2,114.57,0.15
4724,1887,32,1,58.98,0.15
4725,1887,75,1,181.68,0.1
4726,1888,50,1,52.38,0.1
4727,1888,23,3,1138.4,0.1
4728,1888,94,3,121.02,0.1
4729,1889,55,1,32.53,0.15
4730,1890,10,3,783.62,0.0
4731,1890,66,2,106.71,0.0
4732,1891,108,2,285.82,0.15
4733,1891,36,3,67.29,0.0
4734,1891,86,3,110.76,0.1
4735,1892,4,3,1016.95,0.05
4736,1892,95,3,67.35,0.15
4737,1892,17,2,1005.58,0.05
4738,1893,110,3,31.39,0.0
4739,1893,82,3,113.87,0.15
4740,1893,45,3,58.26,0.05
4741,1893,120,1,64.19,0.05
4742,1894,54,1,20.73,0.05
4743,1894,53,2,55.82,0.15
4744,1894,56,1,23.54,0.1
4745,1894,10,1,783.62,0.0
4746,1895,35,3,109.54,0.0
4747,1895,79,1,243.88,0.05
4748,1896,63,1,82.03,0.0
4749,1896,46,2,64.91,0.15
4750,1896,80,3,81.78,0.0
4751,1896,95,2,67.35,0.05
4752,1897,4,1,1016.95,0.05
4753,1897,79,2,243.88,0.0
4754,1897,22,2,845.9,0.1
4755,1898,18,2,813.45,0.0
4756,1898,112,1,66.68,0.15
4757,1898,104,1,175.21,0.15
4758,1899,95,2,67.35,0.1
4759,1899,116,2,92.44,0.05
4760,1899,83,3,77.52,0.05
4761,1900,104,3,175.21,0.0
4762,1900,12,1,876.42,0.05
4763,1900,39,3,57.67,0.1
4764,1901,44,3,59.87,0.05
4765,1901,9,2,1017.39,0.1
4766,1901,94,3,121.02,0.1
4767,1902,74,2,179.47,0.15
4768,1902,1,1,1061.42,0.05
4769,1903,48,3,56.46,0.15
4770,1904,15,2,1466.49,0.15
4771,1905,18,3,813.45,0.0
4772,1906,57,3,62.07,0.15
4773,1906,64,2,93.19,0.0
4774,1907,13,3,1416.4,0.15
4775,1908,42,1,58.5,0.0
4776,1909,22,1,845.9,0.15
4777,1909,81,3,111.58,0.0
4778,1909,14,3,929.55,0.15
4779,1909,103,1,299.32,0.0
4780,1910,17,2,1005.58,0.0
4781,1910,43,2,30.23,0.0
4782,1910,98,1,406.86,0.15
4783,1911,23,1,1138.4,0.0
4784,1911,91,2,94.87,0.0
4785,1911,96,1,124.74,0.05
4786,1912,112,2,66.68,0.0
4787,1912,43,3,30.23,0.1
4788,1912,83,1,77.52,0.05
4789,1912,89,2,55.64,0.0
4790,1913,53,2,55.82,0.0
4791,1913,62,2,99.59,0.1
4792,1913,5,3,856.49,0.05
4793,1913,14,1,929.55,0.0
4794,1914,17,1,1005.58,0.1
4795,1914,18,1,813.45,0.0
4796,1915,24,1,1445.96,0.0
4797,1915,86,2,110.76,0.15
4798,1916,109,1,67.25,0.0
4799,1917,74,1,179.47,0.05
4800,1917,13,3,1416.4,0.05
4801,1918,102,1,188.19,0.05
4802,1919,87,1,104.67,0.1
4803,1919,37,1,36.6,0.15
4804,1919,43,2,30.23,0.1
4805,1919,17,3,1005.58,0.15
4806,1920,55,3,32.53,0.0
4807,1920,25,3,101.45,0.1
4808,1920,35,1,109.54,0.15
4809,1920,23,2,1138.4,0.15
4810,1921,107,1,315.32,0.1
4811,1921,30,3,139.26,0.05
4812,1921,46,2,64.91,0.15
4813,1921,52,2,58.53,0.1
4814,1922,21,3,1122.92,0.0
4815,1922,48,3,56.46,0.15
4816,1922,101,2,403.43,0.1
4817,1922,32,1,58.98,0.1
4818,1923,109,1,67.25,0.1
4819,1923,75,2,181.68,0.1
4820,1923,90,2,100.08,0.15
4821,1923,48,3,56.46,0.1
4822,1924,17,3,1005.58,0.1
4823,1924,98,3,406.86,0.05
4824,1924,82,1,113.87,0.1
4825,1924,113,1,45.91,0.15
4826,1925,44,2,59.87,0.0
4827,1926,26,1,114.37,0.1
4828,1926,96,2,124.74,0.05
4829,1926,81,3,111.58,0.1
4830,1926,71,2,69.64,0.1
4831,1927,101,3,403.43,0.05
4832,1927,13,2,1416.4,0.15
4833,1927,51,3,53.62,0.05
4834,1927,94,3,121.02,0.0
4835,1928,13,2,1416.4,0.05
4836,1929,104,2,175.21,0.0
4837,1929,27,2,116.94,0.05
4838,1929,61,1,73.16,0.0
4839,1929,17,2,1005.58,0.15
4840,1930,50,2,52.38,0.05
4841,1930,94,1,121.02,0.05
4842,1931,101,2,403.43,0.05
4843,1931,99,2,181.09,0.1
4844,1931,57,1,62.07,0.05
4845,1932,27,3,116.94,0.0
4846,1932,118,2,70.37,0.05
4847,1932,105,3,321.26,0.1
4848,1932,25,1,101.45,0.05
4849,1933,86,1,110.76,0.05
4850,1934,12,3,876.42,0.0
4851,1934,80,2,81.78,0.05
4852,1934,53,1,55.82,0.1
4853,1934,58,1,44.05,0.0
4854,1935,101,1,403.43,0.0
4855,1935,99,2,181.09,0.05
4856,1935,74,3,179.47,0.1
4857,1936,35,2,109.54,0.15
4858,1936,28,2,89.14,0.05
4859,1937,106,3,342.73,0.1
4860,1938,64,1,93.19,0.1
4861,1938,77,3,105.72,0.0
4862,1938,28,1,89.14,0.15
4863,1938,5,1,856.49,0.1
4864,1939,84,1,189.75,0.0
4865,1939,116,1,92.44,0.15
4866,1939,119,2,62.24,0.0
4867,1940,113,3,45.91,0.0
4868,1941,34,3,125.09,0.1
4869,1941,65,2,94.35,0.1
4870,1942,55,1,32.53,0.15
4871,1943,8,2,1131.13,0.0
4872,1943,11,3,863.36,0.0
4873,1943,42,2,58.5,0.0
4874,1943,101,1,403.43,0.05
4875,1944,18,2,813.45,0.15
4876,1945,17,3,1005.58,0.15
4877,1946,99,3,181.09,0.05
4878,1947,38,3,53.59,0.0
4879,1947,111,1,99.29,0.0
4880,1947,55,1,32.53,0.15
4881,1947,25,2,101.45,0.0
4882,1948,22,1,845.9,0.0
4883,1948,32,2,58.98,0.1
4884,1948,83,1,77.52,0.0
4885,1949,53,3,55.82,0.15
4886,1950,105,1,321.26,0.1
4887,1950,45,1,58.26,0.15
4888,1950,44,3,59.87,0.1
4889,1951,63,1,82.03,0.15
4890,1951,93,3,73.99,0.1
4891,1951,104,3,175.21,0.1
4892,1952,8,2,1131.13,0.0
4893,1952,4,3,1016.95,0.1
4894,1953,27,2,116.94,0.05
4895,1953,47,1,31.94,0.15
4896,1953,100,3,240.04,0.0
4897,1953,65,2,94.35,0.05
4898,1954,52,2,58.53,0.15
4899,1954,47,1,31.94,0.15
4900,1954,4,1,1016.95,0.0
4901,1955,15,1,1466.49,0.15
4902,1955,108,3,285.82,0.15
4903,1955,29,1,144.47,0.1
4904,1956,113,1,45.91,0.0
4905,1957,103,2,299.32,0.05
4906,1957,98,3,406.86,0.05
4907,1957,13,1,1416.4,0.15
4908,1958,16,2,1522.38,0.05
4909,1959,23,1,1138.4,0.1
4910,1959,72,1,111.1,0.1
4911,1960,46,3,64.91,0.1
4912,1960,78,1,198.38,0.0
4913,1961,58,1,44.05,0.05
4914,1961,78,2,198.38,0.0
4915,1961,103,3,299.32,0.0
4916,1962,25,2,101.45,0.05
4917,1962,41,1,45.79,0.05
4918,1962,100,1,240.04,0.15
4919,1963,63,3,82.03,0.15
4920,1963,72,3,111.1,0.05
4921,1963,6,1,1247.26,0.05
4922,1964,14,3,929.55,0.1
4923,1964,80,1,81.78,0.1
4924,1964,37,1,36.6,0.1
4925,1965,120,3,64.19,0.1
4926,1966,37,1,36.6,0.0
4927,1966,94,1,121.02,0.0
4928,1966,114,3,46.87,0.05
4929,1966,81,1,111.58,0.15
4930,1967,87,1,104.67,0.15
4931,1968,33,1,96.96,0.15
4932,1968,120,3,64.19,0.0
4933,1968,118,2,70.37,0.1
4934,1968,116,3,92.44,0.1
4935,1969,90,3,100.08,0.1
4936,1969,99,1,181.09,0.0
4937,1969,3,2,1143.05,0.15
4938,1970,67,3,48.23,0.15
4939,1970,78,1,198.38,0.15
4940,1971,59,2,28.01,0.1
4941,1971,31,2,69.02,0.0
4942,1971,30,1,139.26,0.15
4943,1971,58,2,44.05,0.05
4944,1972,85,3,122.17,0.0
4945,1972,72,1,111.1,0.1
4946,1972,9,1,1017.39,0.0
4947,1972,39,3,57.67,0.1
4948,1973,82,2,113.87,0.1
4949,1973,79,2,243.88,0.1
4950,1974,42,1,58.5,0.1
4951,1974,103,3,299.32,0.05
4952,1975,28,3,89.14,0.0
4953,1975,39,1,57.67,0.1
4954,1976,93,2,73.99,0.1
4955,1977,42,3,58.5,0.1
4956,1978,50,1,52.38,0.15
4957,1979,58,1,44.05,0.05
4958,1979,8,3,1131.13,0.05
4959,1979,31,3,69.02,0.1
4960,1980,42,3,58.5,0.05
4961,1981,78,2,198.38,0.05
4962,1981,56,3,23.54,0.0
4963,1982,77,1,105.72,0.0
4964,1982,18,2,813.45,0.0
4965,1983,116,2,92.44,0.05
4966,1983,16,3,1522.38,0.05
4967,1984,51,1,53.62,0.05
4968,1985,108,1,285.82,0.05
4969,1986,1,1,1061.42,0.15
4970,1986,24,1,1445.96,0.0
4971,1986,20,1,1272.89,0.05
4972,1987,78,1,198.38,0.0
4973,1987,63,3,82.03,0.0
4974,1987,11,1,863.36,0.1
4975,1987,8,2,1131.13,0.0
4976,1988,92,2,59.67,0.0
4977,1988,87,3,104.67,0.1
4978,1988,36,2,67.29,0.1
4979,1988,90,1,100.08,0.15
4980,1989,94,1,121.02,0.05
4981,1989,103,1,299.32,0.15
4982,1989,28,3,89.14,0.15
4983,1990,37,2,36.6,0.15
4984,1991,2,3,1276.88,0.1
4985,1991,101,2,403.43,0.05
4986,1991,95,3,67.35,0.0
4987,1991,16,1,1522.38,0.15
4988,1992,8,3,1131.13,0.15
4989,1992,45,3,58.26,0.15
4990,1992,23,1,1138.4,0.05
4991,1993,106,3,342.73,0.1
4992,1994,103,3,299.32,0.0
4993,1995,51,2,53.62,0.15
4994,1996,27,1,116.94,0.05
4995,1996,43,3,30.23,0.15
4996,1996,32,1,58.98,0.1
4997,1996,18,3,813.45,0.05
4998,1997,83,2,77.52,0.05
4999,1997,66,2,106.71,0.0
5000,1997,48,1,56.46,0.1
5001,1998,4,3,1016.95,0.05
5002,1999,73,3,117.31,0.05
5003,1999,97,1,308.18,0.0
5004,2000,49,2,53.79,0.1
5005,2000,79,1,243.88,0.15
5006,2000,27,3,116.94,0.05
5007,2000,17,3,1005.58,0.15
5008,2001,115,3,74.95,0.05
5009,2001,27,1,116.94,0.0
5010,2001,118,1,70.37,0.1
5011,2002,90,2,100.08,0.1
5012,2002,55,1,32.53,0.15
5013,2003,9,2,1017.39,0.05
5014,2003,104,2,175.21,0.1
5015,2003,19,2,1303.76,0.05
5016,2004,120,3,64.19,0.15
5017,2004,97,2,308.18,0.1
5018,2004,50,3,52.38,0.15
5019,2005,105,2,321.26,0.1
5020,2005,103,1,299.32,0.0
5021,2005,74,2,179.47,0.15
5022,2006,73,2,117.31,0.15
5023,2006,54,3,20.73,0.1
5024,2007,97,2,308.18,0.15
5025,2007,58,1,44.05,0.05
5026,2008,33,2,96.96,0.05
5027,2008,88,1,109.47,0.05
5028,2009,116,1,92.44,0.05
5029,2009,1,2,1061.42,0.15
5030,2009,24,2,1445.96,0.0
5031,2010,110,1,31.39,0.1
5032,2010,113,3,45.91,0.0
5033,2010,18,2,813.45,0.0
5034,2010,48,1,56.46,0.05
5035,2011,100,1,240.04,0.15
5036,2011,32,3,58.98,0.05
5037,2012,41,2,45.79,0.15
5038,2012,9,2,1017.39,0.15
5039,2012,92,1,59.67,0.15
5040,2013,26,1,114.37,0.05
5041,2013,1,1,1061.42,0.0
5042,2013,15,3,1466.49,0.1
5043,2013,9,3,1017.39,0.1
5044,2014,27,1,116.94,0.15
5045,2014,97,2,308.18,0.15
5046,2015,64,1,93.19,0.05
5047,2015,93,2,73.99,0.0
5048,2015,95,2,67.35,0.1
5049,2015,82,3,113.87,0.1
5050,2016,118,3,70.37,0.0
5051,2016,54,1,20.73,0.05
5052,2016,36,1,67.29,0.1
5053,2017,48,3,56.46,0.0
5054,2017,7,1,1081.5,0.0
5055,2018,101,3,403.43,0.0
5056,2018,116,3,92.44,0.0
5057,2018,68,1,86.11,0.0
5058,2019,8,1,1131.13,0.1
5059,2019,35,2,109.54,0.15
5060,2019,31,3,69.02,0.1
5061,2020,67,3,48.23,0.0
5062,2020,82,2,113.87,0.05
5063,2021,26,1,114.37,0.0
5064,2022,49,1,53.79,0.15
5065,2022,37,2,36.6,0.1
5066,2022,58,1,44.05,0.0
5067,2023,52,3,58.53,0.05
5068,2024,47,3,31.94,0.15
5069,2025,11,3,863.36,0.15
5070,2026,85,1,122.17,0.15
5071,2026,26,1,114.37,0.15
5072,2027,69,1,114.57,0.1
5073,2027,27,2,116.94,0.0
5074,2027,48,3,56.46,0.1
5075,2028,32,1,58.98,0.05
5076,2028,47,2,31.94,0.05
5077,2028,31,2,69.02,0.15
5078,2029,43,3,30.23,0.1
5079,2029,72,3,111.1,0.1
5080,2029,6,2,1247.26,0.15
5081,2029,9,3,1017.39,0.15
5082,2030,101,2,403.43,0.05
5083,2030,66,1,106.71,0.15
5084,2031,33,1,96.96,0.1
5085,2031,41,3,45.79,0.0
5086,2032,39,1,57.67,0.0
5087,2032,55,3,32.53,0.15
5088,2032,14,1,929.55,0.0
5089,2033,72,3,111.1,0.05
5090,2033,111,2,99.29,0.15
5091,2034,18,3,813.45,0.15
5092,2034,41,3,45.79,0.15
5093,2034,17,1,1005.58,0.0
5094,2035,10,1,783.62,0.1
5095,2035,7,1,1081.5,0.05
5096,2036,45,3,58.26,0.15
5097,2037,120,3,64.19,0.15
5098,2037,16,1,1522.38,0.15
5099,2037,87,2,104.67,0.15
5100,2037,75,2,181.68,0.15
5101,2038,78,3,198.38,0.15
5102,2039,3,3,1143.05,0.1
5103,2040,88,2,109.47,0.05
5104,2040,92,3,59.67,0.05
5105,2040,47,1,31.94,0.0
5106,2040,26,3,114.37,0.0
5107,2041,3,2,1143.05,0.05
5108,2041,47,2,31.94,0.0
5109,2041,89,1,55.64,0.1
5110,2041,37,2,36.6,0.0
5111,2042,6,1,1247.26,0.15
5112,2043,18,2,813.45,0.1
5113,2044,77,3,105.72,0.05
5114,2044,59,1,28.01,0.1
5115,2044,111,2,99.29,0.05
5116,2045,37,3,36.6,0.15
5117,2046,32,2,58.98,0.15
5118,2046,115,2,74.95,0.05
5119,2046,91,1,94.87,0.0
5120,2046,65,1,94.35,0.0
5121,2047,55,3,32.53,0.05
5122,2047,47,2,31.94,0.15
5123,2047,19,3,1303.76,0.1
5124,2047,100,2,240.04,0.05
5125,2048,104,1,175.21,0.05
5126,2049,39,3,57.67,0.15
5127,2050,36,1,67.29,0.15
5128,2050,27,1,116.94,0.15
5129,2050,106,3,342.73,0.05
5130,2051,31,2,69.02,0.05
5131,2051,41,2,45.79,0.05
5132,2052,76,1,115.79,0.05
5133,2053,104,2,175.21,0.0
5134,2054,43,2,30.23,0.0
5135,2054,90,2,100.08,0.05
5136,2055,91,2,94.87,0.15
5137,2055,29,2,144.47,0.0
5138,2055,82,1,113.87,0.15
5139,2056,66,1,106.71,0.05
5140,2057,110,3,31.39,0.1
5141,2057,111,2,99.29,0.1
5142,2057,98,2,406.86,0.0
5143,2058,5,2,856.49,0.05
5144,2059,78,3,198.38,0.1
5145,2059,58,1,44.05,0.0
5146,2060,78,3,198.38,0.1
5147,2060,30,3,139.26,0.0
5148,2060,61,3,73.16,0.0
5149,2060,53,2,55.82,0.15
5150,2061,62,1,99.59,0.05
5151,2061,51,2,53.62,0.05
5152,2061,112,2,66.68,0.1
5153,2061,115,1,74.95,0.0
5154,2062,59,2,28.01,0.05
5155,2062,119,3,62.24,0.05
5156,2063,73,3,117.31,0.05
5157,2064,105,3,321.26,0.0
5158,2064,42,2,58.5,0.1
5159,2064,22,3,845.9,0.05
5160,2064,24,2,1445.96,0.0
5161,2065,60,3,31.57,0.15
5162,2065,20,2,1272.89,0.1
5163,2065,56,1,23.54,0.05
5164,2065,42,3,58.5,0.1
5165,2066,16,1,1522.38,0.15
5166,2066,99,2,181.09,0.15
5167,2066,57,3,62.07,0.05
5168,2067,112,1,66.68,0.15
5169,2067,51,1,53.62,0.0
5170,2067,45,2,58.26,0.15
5171,2068,1,3,1061.42,0.05
5172,2069,67,3,48.23,0.15
5173,2069,58,2,44.05,0.15
5174,2070,76,1,115.79,0.0
5175,2070,26,1,114.37,0.05
5176,2071,107,2,315.32,0.05
5177,2071,81,3,111.58,0.0
5178,2071,5,2,856.49,0.1
5179,2071,64,1,93.19,0.05
5180,2072,106,3,342.73,0.0
5181,2072,16,2,1522.38,0.05
5182,2073,3,2,1143.05,0.05
5183,2073,18,2,813.45,0.15
5184,2074,47,3,31.94,0.1
5185,2074,31,1,69.02,0.1
5186,2074,61,2,73.16,0.0
5187,2074,102,3,188.19,0.1
5188,2075,116,2,92.44,0.1
5189,2075,53,1,55.82,0.15
5190,2075,87,3,104.67,0.15
5191,2076,29,3,144.47,0.0
5192,2076,33,2,96.96,0.15
5193,2076,43,3,30.23,0.15
5194,2077,65,2,94.35,0.05
5195,2077,26,3,114.37,0.1
5196,2077,101,3,403.43,0.15
5197,2078,56,2,23.54,0.1
5198,2078,51,1,53.62,0.05
5199,2079,1,3,1061.42,0.1
5200,2079,119,1,62.24,0.05
5201,2079,66,3,106.71,0.15
5202,2079,116,3,92.44,0.05
5203,2080,77,3,105.72,0.0
5204,2080,89,2,55.64,0.0
5205,2080,44,3,59.87,0.1
5206,2080,111,2,99.29,0.0
5207,2081,52,3,58.53,0.0
5208,2081,60,1,31.57,0.15
5209,2081,22,1,845.9,0.1
5210,2082,73,3,117.31,0.15
5211,2082,6,2,1247.26,0.05
5212,2083,35,2,109.54,0.0
5213,2083,82,1,113.87,0.0
5214,2083,101,1,403.43,0.15
5215,2084,46,1,64.91,0.05
5216,2085,72,2,111.1,0.05
5217,2085,13,2,1416.4,0.05
5218,2086,106,2,342.73,0.1
5219,2086,29,1,144.47,0.0
5220,2087,74,1,179.47,0.15
5221,2087,4,2,1016.95,0.05
5222,2087,36,2,67.29,0.1
5223,2088,116,2,92.44,0.0
5224,2088,24,3,1445.96,0.0
5225,2088,104,3,175.21,0.1
5226,2088,86,2,110.76,0.05
5227,2089,38,2,53.59,0.15
5228,2089,44,1,59.87,0.0
5229,2089,11,3,863.36,0.05
5230,2090,45,2,58.26,0.05
5231,2090,107,3,315.32,0.15
5232,2090,46,3,64.91,0.0
5233,2091,54,2,20.73,0.05
5234,2092,109,3,67.25,0.1
5235,2092,12,2,876.42,0.1
5236,2093,98,2,406.86,0.0
5237,2093,55,1,32.53,0.15
5238,2094,51,3,53.62,0.0
5239,2094,21,2,1122.92,0.05
5240,2094,2,1,1276.88,0.15
5241,2094,76,1,115.79,0.0
5242,2095,56,3,23.54,0.15
5243,2096,93,3,73.99,0.05
5244,2096,79,1,243.88,0.15
5245,2096,106,2,342.73,0.05
5246,2097,36,1,67.29,0.0
5247,2097,101,2,403.43,0.1
5248,2098,19,2,1303.76,0.05
5249,2099,71,3,69.64,0.05
5250,2099,23,1,1138.4,0.05
5251,2100,57,1,62.07,0.0
5252,2100,49,1,53.79,0.1
5253,2100,60,2,31.57,0.0
5254,2101,67,3,48.23,0.05
5255,2102,29,1,144.47,0.0
5256,2102,118,3,70.37,0.05
5257,2102,102,3,188.19,0.15
5258,2103,19,3,1303.76,0.15
5259,2103,88,3,109.47,0.05
5260,2103,75,2,181.68,0.1
5261,2103,15,1,1466.49,0.15
5262,2104,19,3,1303.76,0.0
5263,2104,88,3,109.47,0.15
5264,2104,79,1,243.88,0.05
5265,2104,11,1,863.36,0.0
5266,2105,28,2,89.14,0.0
5267,2105,87,1,104.67,0.1
5268,2105,59,1,28.01,0.15
5269,2105,56,2,23.54,0.0
5270,2106,48,1,56.46,0.0
5271,2107,1,3,1061.42,0.15
5272,2107,17,3,1005.58,0.05
5273,2108,96,3,124.74,0.1
5274,2108,40,1,52.28,0.05
5275,2109,7,1,1081.5,0.1
5276,2109,31,1,69.02,0.05
5277,2109,84,2,189.75,0.15
5278,2109,100,3,240.04,0.15
5279,2110,31,2,69.02,0.0
5280,2110,101,1,403.43,0.0
5281,2111,23,2,1138.4,0.0
5282,2111,10,1,783.62,0.05
5283,2111,7,2,1081.5,0.15
5284,2111,112,1,66.68,0.0
5285,2112,69,3,114.57,0.05
5286,2112,85,2,122.17,0.05
5287,2113,113,3,45.91,0.15
5288,2114,54,1,20.73,0.05
5289,2114,108,3,285.82,0.0
5290,2115,96,2,124.74,0.15
5291,2115,66,2,106.71,0.15
5292,2115,76,1,115.79,0.0
5293,2115,91,1,94.87,0.0
5294,2116,100,1,240.04,0.15
5295,2117,72,1,111.1,0.1
5296,2117,47,1,31.94,0.05
5297,2117,112,1,66.68,0.15
5298,2118,113,3,45.91,0.0
5299,2119,120,3,64.19,0.15
5300,2119,47,1,31.94,0.15
5301,2119,54,2,20.73,0.1
5302,2120,55,2,32.53,0.15
5303,2120,64,3,93.19,0.0
5304,2120,11,3,863.36,0.15
5305,2120,31,1,69.02,0.15
5306,2121,95,2,67.35,0.15
5307,2121,52,3,58.53,0.05
5308,2122,13,3,1416.4,0.15
5309,2122,26,3,114.37,0.1
5310,2122,70,1,54.65,0.05
5311,2122,109,3,67.25,0.05
5312,2123,39,2,57.67,0.15
5313,2124,1,3,1061.42,0.0
5314,2124,38,1,53.59,0.15
5315,2125,81,1,111.58,0.1
5316,2125,86,1,110.76,0.1
5317,2126,27,2,116.94,0.15
5318,2126,114,1,46.87,0.1
5319,2126,119,2,62.24,0.1
5320,2126,54,2,20.73,0.15
5321,2127,1,2,1061.42,0.05
5322,2127,4,2,1016.95,0.05
5323,2128,98,2,406.86,0.05
5324,2129,62,1,99.59,0.15
5325,2129,120,2,64.19,0.05
5326,2130,49,3,53.79,0.05
5327,2131,66,2,106.71,0.15
5328,2131,21,1,1122.92,0.05
5329,2132,84,2,189.75,0.1
5330,2132,7,3,1081.5,0.15
5331,2132,109,3,67.25,0.1
5332,2132,106,3,342.73,0.15
5333,2133,41,1,45.79,0.05
5334,2134,102,3,188.19,0.0
5335,2134,43,3,30.23,0.0
5336,2134,54,1,20.73,0.15
5337,2134,46,1,64.91,0.15
5338,2135,53,1,55.82,0.15
5339,2135,111,1,99.29,0.0
5340,2135,32,1,58.98,0.15
5341,2136,96,2,124.74,0.0
5342,2136,111,2,99.29,0.1
5343,2137,12,3,876.42,0.05
5344,2138,90,1,100.08,0.05
5345,2138,7,3,1081.5,0.0
5346,2139,25,3,101.45,0.05
5347,2139,102,1,188.19,0.15
5348,2139,88,1,109.47,0.05
5349,2140,10,3,783.62,0.1
5350,2140,61,2,73.16,0.0
5351,2141,32,2,58.98,0.05
5352,2142,65,3,94.35,0.15
5353,2142,29,1,144.47,0.0
5354,2142,44,1,59.87,0.15
5355,2143,19,2,1303.76,0.1
5356,2143,117,1,75.36,0.15
5357,2144,42,1,58.5,0.1
5358,2144,72,2,111.1,0.15
5359,2145,91,2,94.87,0.0
5360,2145,25,1,101.45,0.15
5361,2146,106,1,342.73,0.1
5362,2147,100,3,240.04,0.05
5363,2147,7,1,1081.5,0.15
5364,2148,84,3,189.75,0.15
5365,2149,81,3,111.58,0.0
5366,2149,36,3,67.29,0.05
5367,2150,43,1,30.23,0.15
5368,2150,84,2,189.75,0.0
5369,2151,25,1,101.45,0.15
5370,2151,120,3,64.19,0.05
5371,2151,55,1,32.53,0.15
5372,2151,58,3,44.05,0.05
5373,2152,40,3,52.28,0.05
5374,2152,17,3,1005.58,0.05
5375,2153,104,2,175.21,0.05
5376,2153,8,1,1131.13,0.05
5377,2154,115,3,74.95,0.0
5378,2155,20,1,1272.89,0.1
5379,2155,86,1,110.76,0.1
5380,2155,4,1,1016.95,0.1
5381,2156,16,3,1522.38,0.15
5382,2157,79,3,243.88,0.1
5383,2158,115,1,74.95,0.15
5384,2159,39,2,57.67,0.0
5385,2159,108,3,285.82,0.0
5386,2160,4,3,1016.95,0.05
5387,2161,96,3,124.74,0.05
5388,2161,74,1,179.47,0.05
5389,2162,75,3,181.68,0.05
5390,2162,85,1,122.17,0.1
5391,2162,120,1,64.19,0.05
5392,2162,55,3,32.53,0.15
5393,2163,81,3,111.58,0.05
5394,2164,17,3,1005.58,0.05
5395,2164,36,2,67.29,0.0
5396,2164,84,2,189.75,0.15
5397,2165,26,2,114.37,0.05
5398,2165,104,1,175.21,0.1
5399,2166,56,3,23.54,0.0
5400,2166,116,3,92.44,0.15
5401,2166,79,2,243.88,0.1
5402,2166,33,1,96.96,0.1
5403,2167,71,2,69.64,0.0
5404,2167,43,2,30.23,0.1
5405,2168,21,3,1122.92,0.1
5406,2168,98,3,406.86,0.1
5407,2168,110,2,31.39,0.0
5408,2169,37,1,36.6,0.15
5409,2169,42,2,58.5,0.1
5410,2169,27,1,116.94,0.1
5411,2169,77,2,105.72,0.0
5412,2170,36,3,67.29,0.15
5413,2170,18,1,813.45,0.1
5414,2170,71,2,69.64,0.15
5415,2171,59,3,28.01,0.0
5416,2171,3,2,1143.05,0.0
5417,2171,53,2,55.82,0.0
5418,2172,11,1,863.36,0.05
5419,2173,62,2,99.59,0.1
5420,2173,107,1,315.32,0.1
5421,2173,46,1,64.91,0.15
5422,2173,54,1,20.73,0.0
5423,2174,27,3,116.94,0.05
5424,2174,37,2,36.6,0.15
5425,2175,83,2,77.52,0.15
5426,2176,63,2,82.03,0.0
5427,2176,44,1,59.87,0.1
5428,2177,107,1,315.32,0.1
5429,2177,90,2,100.08,0.0
5430,2177,69,2,114.57,0.0
5431,2177,76,1,115.79,0.1
5432,2178,55,2,32.53,0.1
5433,2178,96,3,124.74,0.0
5434,2178,23,3,1138.4,0.15
5435,2178,97,1,308.18,0.1
5436,2179,86,2,110.76,0.05
5437,2180,3,1,1143.05,0.05
5438,2181,11,3,863.36,0.05
5439,2181,104,1,175.21,0.1
5440,2181,79,3,243.88,0.1
5441,2182,68,2,86.11,0.0
5442,2182,49,1,53.79,0.15
5443,2182,98,2,406.86,0.15
5444,2183,33,3,96.96,0.1
5445,2183,39,1,57.67,0.1
5446,2184,30,3,139.26,0.0
5447,2184,14,3,929.55,0.05
5448,2185,12,3,876.42,0.0
5449,2185,62,2,99.59,0.05
5450,2185,92,1,59.67,0.15
5451,2185,108,2,285.82,0.1
5452,2186,87,1,104.67,0.15
5453,2186,53,1,55.82,0.15
5454,2187,105,2,321.26,0.1
5455,2187,64,3,93.19,0.1
5456,2187,34,3,125.09,0.1
5457,2187,101,3,403.43,0.05
5458,2188,76,1,115.79,0.15
5459,2188,46,3,64.91,0.15
5460,2189,61,2,73.16,0.15
5461,2189,50,3,52.38,0.15
5462,2190,111,2,99.29,0.15
5463,2191,45,1,58.26,0.1
5464,2191,26,2,114.37,0.05
5465,2191,39,3,57.67,0.05
5466,2191,12,1,876.42,0.0
5467,2192,95,2,67.35,0.1
5468,2192,5,2,856.49,0.1
5469,2192,102,3,188.19,0.05
5470,2193,32,2,58.98,0.15
5471,2193,68,2,86.11,0.05
5472,2193,103,2,299.32,0.05
5473,2194,5,3,856.49,0.0
5474,2194,81,1,111.58,0.1
5475,2194,88,2,109.47,0.0
5476,2194,118,3,70.37,0.0
5477,2195,75,2,181.68,0.15
5478,2195,97,1,308.18,0.0
5479,2195,86,3,110.76,0.15
5480,2196,65,2,94.35,0.1
5481,2196,28,2,89.14,0.15
5482,2196,96,1,124.74,0.1
5483,2197,66,3,106.71,0.15
5484,2198,94,3,121.02,0.15
5485,2198,75,3,181.68,0.05
5486,2198,53,3,55.82,0.0
5487,2198,52,3,58.53,0.1
5488,2199,3,3,1143.05,0.0
5489,2199,68,2,86.11,0.05
5490,2199,83,3,77.52,0.05
5491,2200,64,2,93.19,0.0
5492,2200,55,2,32.53,0.1
5493,2201,23,2,1138.4,0.0
5494,2201,118,2,70.37,0.0
5495,2201,20,1,1272.89,0.0
5496,2201,9,3,1017.39,0.15
5497,2202,112,3,66.68,0.0
5498,2202,32,2,58.98,0.15
5499,2202,28,3,89.14,0.1
5500,2202,71,1,69.64,0.1
5501,2203,1,2,1061.42,0.1
5502,2203,25,2,101.45,0.0
5503,2204,101,2,403.43,0.05
5504,2204,65,2,94.35,0.0
5505,2205,62,1,99.59,0.05
5506,2205,39,2,57.67,0.0
5507,2205,13,3,1416.4,0.05
5508,2205,27,1,116.94,0.05
5509,2206,99,1,181.09,0.1
5510,2206,41,1,45.79,0.1
5511,2206,69,3,114.57,0.05
5512,2206,105,3,321.26,0.0
5513,2207,104,3,175.21,0.1
5514,2208,43,1,30.23,0.15
5515,2208,47,2,31.94,0.1
5516,2208,104,3,175.21,0.05
5517,2208,67,1,48.23,0.05
5518,2209,71,3,69.64,0.0
5519,2210,25,3,101.45,0.05
5520,2210,34,2,125.09,0.05
5521,2210,17,1,1005.58,0.1
5522,2210,91,3,94.87,0.15
5523,2211,23,1,1138.4,0.1
5524,2212,38,3,53.59,0.15
5525,2213,47,1,31.94,0.0
5526,2213,26,2,114.37,0.05
5527,2213,109,1,67.25,0.05
5528,2214,57,3,62.07,0.0
5529,2214,69,1,114.57,0.15
5530,2214,12,2,876.42,0.1
5531,2214,86,3,110.76,0.1
5532,2215,31,2,69.02,0.1
5533,2215,96,1,124.74,0.05
5534,2215,103,3,299.32,0.0
5535,2215,40,1,52.28,0.15
5536,2216,88,3,109.47,0.0
5537,2216,11,1,863.36,0.15
5538,2216,120,1,64.19,0.15
5539,2217,115,3,74.95,0.05
5540,2218,52,3,58.53,0.05
5541,2219,88,3,109.47,0.15
5542,2219,11,2,863.36,0.15
5543,2220,19,3,1303.76,0.1
5544,2220,4,2,1016.95,0.0
5545,2220,68,3,86.11,0.0
5546,2220,25,1,101.45,0.1
5547,2221,64,1,93.19,0.15
5548,2221,17,1,1005.58,0.05
5549,2221,98,1,406.86,0.05
5550,2222,72,2,111.1,0.05
5551,2222,44,2,59.87,0.05
5552,2222,79,3,243.88,0.15
5553,2223,43,3,30.23,0.0
5554,2223,24,2,1445.96,0.0
5555,2223,116,3,92.44,0.05
5556,2224,23,1,1138.4,0.1
5557,2225,114,2,46.87,0.15
5558,2225,62,3,99.59,0.1
5559,2225,34,1,125.09,0.0
5560,2226,56,2,23.54,0.05
5561,2226,51,1,53.62,0.0
5562,2226,89,2,55.64,0.1
5563,2227,68,3,86.11,0.15
5564,2227,66,2,106.71,0.15
5565,2227,119,3,62.24,0.05
5566,2227,57,1,62.07,0.05
5567,2228,114,1,46.87,0.0
5568,2228,119,1,62.24,0.0
5569,2229,62,2,99.59,0.15
5570,2229,107,1,315.32,0.0
5571,2229,76,1,115.79,0.0
5572,2230,110,2,31.39,0.05
5573,2230,67,3,48.23,0.05
5574,2230,76,3,115.79,0.1
5575,2231,34,2,125.09,0.0
5576,2232,76,1,115.79,0.15
5577,2232,46,2,64.91,0.05
5578,2233,17,3,1005.58,0.15
5579,2233,85,2,122.17,0.0
5580,2234,105,2,321.26,0.1
5581,2234,81,2,111.58,0.05
5582,2234,68,3,86.11,0.05
5583,2234,96,2,124.74,0.05
5584,2235,98,1,406.86,0.05
5585,2236,115,3,74.95,0.1
5586,2236,66,3,106.71,0.15
5587,2236,44,2,59.87,0.15
5588,2236,55,3,32.53,0.15
5589,2237,62,3,99.59,0.1
5590,2237,35,3,109.54,0.1
5591,2238,82,2,113.87,0.1
5592,2238,26,2,114.37,0.1
5593,2238,11,3,863.36,0.05
5594,2239,12,3,876.42,0.1
5595,2239,88,3,109.47,0.15
5596,2239,9,3,1017.39,0.05
5597,2240,102,3,188.19,0.15
5598,2241,46,2,64.91,0.15
5599,2241,101,2,403.43,0.0
5600,2241,41,3,45.79,0.15
5601,2241,10,2,783.62,0.15
5602,2242,73,1,117.31,0.1
5603,2243,108,1,285.82,0.1
5604,2243,5,3,856.49,0.15
5605,2244,98,3,406.86,0.05
5606,2244,70,2,54.65,0.05
5607,2244,102,2,188.19,0.15
5608,2245,56,1,23.54,0.0
5609,2245,84,3,189.75,0.0
5610,2245,89,2,55.64,0.0
5611,2246,108,2,285.82,0.05
5612,2247,52,2,58.53,0.1
5613,2247,96,2,124.74,0.1
5614,2247,63,2,82.03,0.0
5615,2247,14,2,929.55,0.05
5616,2248,63,3,82.03,0.15
5617,2248,110,3,31.39,0.05
5618,2248,35,2,109.54,0.05
5619,2248,120,1,64.19,0.1
5620,2249,80,1,81.78,0.05
5621,2249,74,3,179.47,0.1
5622,2249,9,2,1017.39,0.15
5623,2250,22,1,845.9,0.1
5624,2251,87,2,104.67,0.15
5625,2252,118,1,70.37,0.15
5626,2253,51,3,53.62,0.1
5627,2253,62,2,99.59,0.15
5628,2253,83,1,77.52,0.15
5629,2254,86,3,110.76,0.0
5630,2255,20,3,1272.89,0.1
5631,2256,44,3,59.87,0.0
5632,2256,27,2,116.94,0.1
5633,2257,67,3,48.23,0.1
5634,2257,100,3,240.04,0.15
5635,2258,100,1,240.04,0.15
5636,2258,41,1,45.79,0.1
5637,2258,75,2,181.68,0.1
5638,2258,115,3,74.95,0.1
5639,2259,69,1,114.57,0.1
5640,2259,61,2,73.16,0.05
5641,2259,85,1,122.17,0.0
5642,2259,64,3,93.19,0.1
5643,2260,39,1,57.67,0.1
5644,2260,111,1,99.29,0.1
5645,2261,15,1,1466.49,0.1
5646,2262,79,3,243.88,0.0
5647,2262,34,3,125.09,0.1
5648,2262,31,3,69.02,0.15
5649,2263,65,1,94.35,0.05
5650,2263,44,2,59.87,0.1
5651,2263,52,3,58.53,0.15
5652,2263,33,2,96.96,0.0
5653,2264,60,3,31.57,0.1
5654,2264,28,1,89.14,0.05
5655,2264,80,1,81.78,0.1
5656,2265,63,2,82.03,0.15
5657,2265,96,2,124.74,0.0
5658,2265,77,3,105.72,0.15
5659,2266,81,1,111.58,0.15
5660,2266,82,1,113.87,0.05
5661,2266,16,1,1522.38,0.1
5662,2267,33,2,96.96,0.15
5663,2268,93,1,73.99,0.1
5664,2268,104,1,175.21,0.1
5665,2268,106,3,342.73,0.1
5666,2268,89,3,55.64,0.1
5667,2269,48,2,56.46,0.0
5668,2269,92,1,59.67,0.15
5669,2269,99,1,181.09,0.05
5670,2270,79,3,243.88,0.0
5671,2270,87,1,104.67,0.15
5672,2270,4,3,1016.95,0.0
5673,2271,74,3,179.47,0.15
5674,2271,5,3,856.49,0.05
5675,2271,63,3,82.03,0.1
5676,2272,15,2,1466.49,0.05
5677,2272,96,3,124.74,0.15
5678,2273,102,2,188.19,0.05
5679,2273,55,2,32.53,0.1
5680,2274,18,3,813.45,0.05
5681,2274,69,2,114.57,0.0
5682,2275,97,1,308.18,0.0
5683,2276,117,2,75.36,0.1
5684,2276,110,3,31.39,0.05
5685,2276,40,2,52.28,0.15
5686,2276,22,3,845.9,0.05
5687,2277,57,1,62.07,0.1
5688,2277,99,3,181.09,0.0
5689,2277,105,1,321.26,0.0
5690,2277,114,3,46.87,0.0
5691,2278,108,1,285.82,0.15
5692,2278,47,1,31.94,0.05
5693,2278,72,2,111.1,0.05
5694,2278,105,3,321.26,0.15
5695,2279,91,1,94.87,0.05
5696,2279,100,3,240.04,0.15
5697,2279,103,2,299.32,0.0
5698,2280,102,1,188.19,0.0
5699,2280,103,2,299.32,0.05
5700,2281,119,1,62.24,0.15
5701,2282,51,2,53.62,0.1
5702,2282,98,3,406.86,0.1
5703,2282,41,2,45.79,0.1
5704,2283,36,1,67.29,0.0
5705,2283,37,3,36.6,0.0
5706,2283,119,3,62.24,0.1
5707,2284,66,3,106.71,0.1
5708,2284,3,1,1143.05,0.0
5709,2285,89,3,55.64,0.05
5710,2286,69,2,114.57,0.15
5711,2287,4,2,1016.95,0.05
5712,2287,10,1,783.62,0.05
5713,2288,24,2,1445.96,0.05
5714,2289,66,2,106.71,0.15
5715,2290,54,3,20.73,0.15
5716,2291,49,2,53.79,0.0
5717,2291,19,2,1303.76,0.15
5718,2291,95,3,67.35,0.15
5719,2291,78,3,198.38,0.0
5720,2292,37,3,36.6,0.15
5721,2293,105,1,321.26,0.05
5722,2293,74,2,179.47,0.1
5723,2293,29,3,144.47,0.1
5724,2293,6,2,1247.26,0.1
5725,2294,52,1,58.53,0.1
5726,2295,102,1,188.19,0.15
5727,2295,103,3,299.32,0.0
5728,2295,73,1,117.31,0.1
5729,2296,88,1,109.47,0.1
5730,2296,7,3,1081.5,0.0
5731,2296,16,1,1522.38,0.15
5732,2296,71,3,69.64,0.05
5733,2297,16,1,1522.38,0.0
5734,2297,43,3,30.23,0.05
5735,2298,22,1,845.9,0.05
5736,2298,52,1,58.53,0.0
5737,2298,102,2,188.19,0.0
5738,2299,111,3,99.29,0.05
5739,2299,108,1,285.82,0.1
5740,2300,88,3,109.47,0.0
5741,2300,108,1,285.82,0.15
5742,2301,109,2,67.25,0.1
5743,2301,11,2,863.36,0.15
5744,2301,62,3,99.59,0.05
5745,2302,39,1,57.67,0.0
5746,2303,74,2,179.47,0.1
5747,2304,104,3,175.21,0.15
5748,2304,98,1,406.86,0.15
5749,2304,111,2,99.29,0.0
5750,2305,53,1,55.82,0.1
5751,2305,65,1,94.35,0.05
5752,2305,58,2,44.05,0.15
5753,2306,70,3,54.65,0.1
5754,2306,104,1,175.21,0.05
5755,2306,30,2,139.26,0.15
5756,2307,59,2,28.01,0.0
5757,2307,60,1,31.57,0.15
5758,2307,111,2,99.29,0.05
5759,2307,86,2,110.76,0.1
5760,2308,108,3,285.82,0.15
5761,2308,11,1,863.36,0.0
5762,2309,96,2,124.74,0.15
5763,2309,107,2,315.32,0.1
5764,2309,93,1,73.99,0.0
5765,2309,58,2,44.05,0.1
5766,2310,93,1,73.99,0.0
5767,2310,103,2,299.32,0.15
5768,2310,28,1,89.14,0.1
5769,2310,108,2,285.82,0.05
5770,2311,105,2,321.26,0.15
5771,2311,75,2,181.68,0.0
5772,2311,92,1,59.67,0.0
5773,2312,113,2,45.91,0.1
5774,2312,58,2,44.05,0.1
5775,2312,47,2,31.94,0.05
5776,2313,38,2,53.59,0.1
5777,2313,65,3,94.35,0.0
5778,2314,88,2,109.47,0.15
5779,2314,49,1,53.79,0.15
5780,2314,68,2,86.11,0.05
5781,2315,101,3,403.43,0.15
5782,2315,71,2,69.64,0.15
5783,2315,61,2,73.16,0.1
5784,2315,5,2,856.49,0.0
5785,2316,19,2,1303.76,0.05
5786,2316,49,3,53.79,0.15
5787,2316,29,1,144.47,0.0
5788,2316,64,1,93.19,0.15
5789,2317,23,1,1138.4,0.15
5790,2317,24,3,1445.96,0.05
5791,2317,85,2,122.17,0.05
5792,2317,102,1,188.19,0.05
5793,2318,28,3,89.14,0.05
5794,2318,79,2,243.88,0.1
5795,2319,107,2,315.32,0.1
5796,2320,84,2,189.75,0.15
5797,2320,17,3,1005.58,0.15
5798,2320,25,2,101.45,0.05
5799,2321,62,1,99.59,0.0
5800,2321,92,2,59.67,0.1
5801,2322,37,2,36.6,0.05
5802,2322,69,1,114.57,0.0
5803,2322,62,3,99.59,0.0
5804,2323,116,1,92.44,0.1
5805,2323,19,1,1303.76,0.15
5806,2323,68,2,86.11,0.1
5807,2324,72,3,111.1,0.15
5808,2324,111,3,99.29,0.15
5809,2324,55,1,32.53,0.05
5810,2324,71,1,69.64,0.05
5811,2325,118,2,70.37,0.0
5812,2326,119,3,62.24,0.05
5813,2326,27,3,116.94,0.15
5814,2326,76,3,115.79,0.15
5815,2326,100,1,240.04,0.15
5816,2327,104,3,175.21,0.1
5817,2327,40,2,52.28,0.05
5818,2328,15,1,1466.49,0.05
5819,2328,55,1,32.53,0.0
5820,2328,2,2,1276.88,0.0
5821,2329,68,2,86.11,0.1
5822,2329,63,3,82.03,0.0
5823,2330,94,3,121.02,0.0
5824,2330,91,1,94.87,0.15
5825,2331,51,2,53.62,0.15
5826,2332,52,2,58.53,0.1
5827,2332,54,3,20.73,0.0
5828,2332,17,1,1005.58,0.1
5829,2333,33,1,96.96,0.05
5830,2333,36,3,67.29,0.15
5831,2333,22,1,845.9,0.15
5832,2333,106,3,342.73,0.1
5833,2334,26,3,114.37,0.1
5834,2334,2,3,1276.88,0.15
5835,2335,51,3,53.62,0.0
5836,2335,69,2,114.57,0.0
5837,2336,30,2,139.26,0.15
5838,2336,18,1,813.45,0.1
5839,2337,1,3,1061.42,0.0
5840,2337,13,3,1416.4,0.15
5841,2337,47,2,31.94,0.15
5842,2337,6,3,1247.26,0.05
5843,2338,6,3,1247.26,0.05
5844,2338,16,3,1522.38,0.1
5845,2339,108,3,285.82,0.05
5846,2339,1,2,1061.42,0.1
5847,2339,107,3,315.32,0.05
5848,2339,35,3,109.54,0.0
5849,2340,104,2,175.21,0.05
5850,2340,16,3,1522.38,0.15
5851,2340,10,1,783.62,0.1
5852,2341,43,2,30.23,0.0
5853,2341,107,2,315.32,0.05
5854,2341,120,2,64.19,0.15
5855,2341,59,1,28.01,0.15
5856,2342,67,3,48.23,0.05
5857,2343,94,3,121.02,0.15
5858,2343,58,3,44.05,0.15
5859,2343,31,2,69.02,0.05
5860,2343,98,2,406.86,0.1
5861,2344,111,2,99.29,0.15
5862,2344,39,1,57.67,0.15
5863,2344,80,2,81.78,0.15
5864,2345,29,3,144.47,0.0
5865,2345,115,1,74.95,0.0
5866,2345,67,1,48.23,0.1
5867,2346,75,3,181.68,0.0
5868,2346,111,3,99.29,0.0
5869,2346,54,3,20.73,0.1
5870,2346,7,1,1081.5,0.0
5871,2347,54,1,20.73,0.15
5872,2347,17,2,1005.58,0.05
5873,2347,37,1,36.6,0.1
5874,2347,113,2,45.91,0.05
5875,2348,7,1,1081.5,0.1
5876,2348,77,3,105.72,0.0
5877,2349,14,1,929.55,0.15
5878,2349,91,1,94.87,0.05
5879,2350,54,1,20.73,0.0
5880,2350,74,3,179.47,0.0
5881,2350,101,3,403.43,0.1
5882,2351,43,3,30.23,0.1
5883,2351,79,2,243.88,0.1
5884,2352,107,3,315.32,0.1
5885,2352,102,3,188.19,0.15
5886,2353,103,1,299.32,0.0
5887,2353,120,1,64.19,0.05
5888,2353,11,2,863.36,0.05
5889,2353,46,3,64.91,0.1
5890,2354,6,3,1247.26,0.05
5891,2355,91,3,94.87,0.0
5892,2356,39,3,57.67,0.15
5893,2356,19,1,1303.76,0.1
5894,2356,58,2,44.05,0.1
5895,2357,16,3,1522.38,0.15
5896,2357,52,3,58.53,0.05
5897,2358,104,3,175.21,0.05
5898,2358,111,3,99.29,0.05
5899,2358,35,2,109.54,0.05
5900,2359,95,3,67.35,0.05
5901,2359,100,3,240.04,0.1
5902,2360,43,1,30.23,0.05
5903,2360,59,3,28.01,0.0
5904,2361,36,1,67.29,0.05
5905,2361,44,1,59.87,0.05
5906,2362,20,2,1272.89,0.1
5907,2362,38,1,53.59,0.1
5908,2363,30,1,139.26,0.1
5909,2363,45,1,58.26,0.15
5910,2364,13,2,1416.4,0.0
5911,2364,105,2,321.26,0.1
5912,2364,4,2,1016.95,0.15
5913,2365,82,2,113.87,0.05
5914,2365,90,1,100.08,0.1
5915,2365,7,2,1081.5,0.15
5916,2366,48,2,56.46,0.0
5917,2366,105,1,321.26,0.1
5918,2367,76,1,115.79,0.05
5919,2368,94,2,121.02,0.1
5920,2368,89,1,55.64,0.15
5921,2369,46,2,64.91,0.15
5922,2369,64,1,93.19,0.05
5923,2369,16,3,1522.38,0.05
5924,2370,16,1,1522.38,0.1
5925,2370,96,3,124.74,0.15
5926,2370,53,1,55.82,0.1
5927,2370,18,1,813.45,0.0
5928,2371,6,1,1247.26,0.1
5929,2371,38,3,53.59,0.15
5930,2371,20,3,1272.89,0.1
5931,2372,40,1,52.28,0.05
5932,2373,14,1,929.55,0.0
5933,2374,94,1,121.02,0.05
5934,2375,69,3,114.57,0.05
5935,2376,85,3,122.17,0.0
5936,2376,15,2,1466.49,0.15
5937,2376,50,3,52.38,0.1
5938,2376,32,1,58.98,0.1
5939,2377,81,3,111.58,0.15
5940,2377,5,2,856.49,0.15
5941,2377,85,3,122.17,0.05
5942,2378,62,1,99.59,0.15
5943,2379,87,3,104.67,0.1
5944,2380,54,2,20.73,0.05
5945,2380,37,3,36.6,0.0
5946,2380,3,3,1143.05,0.05
5947,2381,14,2,929.55,0.1
5948,2381,83,3,77.52,0.05
5949,2381,33,2,96.96,0.15
5950,2382,56,2,23.54,0.15
5951,2383,98,1,406.86,0.0
5952,2383,63,2,82.03,0.1
5953,2383,115,2,74.95,0.15
5954,2384,106,2,342.73,0.05
5955,2384,52,1,58.53,0.0
5956,2384,27,3,116.94,0.15
5957,2385,18,2,813.45,0.1
5958,2386,99,3,181.09,0.15
5959,2386,61,2,73.16,0.05
5960,2387,89,3,55.64,0.05
5961,2387,72,2,111.1,0.0
5962,2387,62,2,99.59,0.1
5963,2387,14,3,929.55,0.15
5964,2388,18,2,813.45,0.1
5965,2389,38,3,53.59,0.0
5966,2389,76,3,115.79,0.05
5967,2389,5,3,856.49,0.15
5968,2390,18,2,813.45,0.05
5969,2390,40,1,52.28,0.05
5970,2390,49,2,53.79,0.05
5971,2390,13,3,1416.4,0.05
5972,2391,29,3,144.47,0.1
5973,2391,41,3,45.79,0.05
5974,2391,21,1,1122.92,0.15
5975,2392,41,2,45.79,0.05
5976,2392,35,3,109.54,0.15
5977,2392,53,3,55.82,0.05
5978,2392,97,2,308.18,0.0
5979,2393,100,1,240.04,0.0
5980,2393,42,1,58.5,0.05
5981,2393,81,1,111.58,0.0
5982,2393,52,1,58.53,0.05
5983,2394,58,1,44.05,0.1
5984,2394,110,1,31.39,0.1
5985,2394,109,3,67.25,0.0
5986,2394,14,2,929.55,0.0
5987,2395,44,1,59.87,0.15
5988,2396,109,1,67.25,0.05
5989,2397,82,3,113.87,0.15
5990,2397,79,1,243.88,0.15
5991,2397,5,1,856.49,0.1
5992,2397,75,1,181.68,0.15
5993,2398,39,1,57.67,0.05
5994,2398,20,2,1272.89,0.05
5995,2398,2,2,1276.88,0.15
5996,2399,31,2,69.02,0.0
5997,2399,60,1,31.57,0.0
5998,2399,10,1,783.62,0.0
5999,2399,39,3,57.67,0.05
6000,2400,118,2,70.37,0.0
6001,2401,11,1,863.36,0.0
6002,2401,4,1,1016.95,0.05
6003,2401,34,3,125.09,0.1
6004,2401,59,2,28.01,0.05
6005,2402,38,1,53.59,0.05
6006,2402,9,2,1017.39,0.0
6007,2403,15,3,1466.49,0.0
6008,2404,21,3,1122.92,0.0
6009,2404,41,2,45.79,0.0
6010,2405,54,3,20.73,0.1
6011,2405,1,1,1061.42,0.15
6012,2405,74,2,179.47,0.0
6013,2406,9,1,1017.39,0.0
6014,2406,3,2,1143.05,0.1
6015,2407,59,3,28.01,0.15
6016,2407,42,3,58.5,0.1
6017,2408,28,2,89.14,0.1
6018,2408,110,2,31.39,0.15
6019,2409,91,1,94.87,0.15
6020,2410,39,2,57.67,0.0
6021,2410,10,1,783.62,0.05
6022,2410,1,2,1061.42,0.15
6023,2410,107,2,315.32,0.05
6024,2411,119,3,62.24,0.0
6025,2411,51,1,53.62,0.0
6026,2411,31,3,69.02,0.15
6027,2411,12,3,876.42,0.1
6028,2412,51,2,53.62,0.1
6029,2412,5,1,856.49,0.0
6030,2413,60,3,31.57,0.15
6031,2413,77,3,105.72,0.1
6032,2413,39,3,57.67,0.1
6033,2413,113,3,45.91,0.0
6034,2414,4,1,1016.95,0.15
6035,2415,98,2,406.86,0.1
6036,2415,111,3,99.29,0.1
6037,2415,29,3,144.47,0.05
6038,2415,84,1,189.75,0.0
6039,2416,57,1,62.07,0.15
6040,2417,119,2,62.24,0.1
6041,2417,12,2,876.42,0.0
6042,2418,30,3,139.26,0.1
6043,2418,86,3,110.76,0.15
6044,2418,85,3,122.17,0.1
6045,2419,62,3,99.59,0.0
6046,2420,113,1,45.91,0.1
6047,2421,28,3,89.14,0.0
6048,2421,93,3,73.99,0.15
6049,2421,50,3,52.38,0.15
6050,2422,98,1,406.86,0.1
6051,2422,55,3,32.53,0.15
6052,2422,89,3,55.64,0.05
6053,2423,109,2,67.25,0.05
6054,2423,68,3,86.11,0.05
6055,2423,49,2,53.79,0.15
6056,2424,119,1,62.24,0.1
6057,2425,118,1,70.37,0.15
6058,2425,78,1,198.38,0.1
6059,2425,50,2,52.38,0.0
6060,2425,57,2,62.07,0.05
6061,2426,50,1,52.38,0.1
6062,2427,120,2,64.19,0.1
6063,2427,113,2,45.91,0.1
6064,2428,2,3,1276.88,0.1
6065,2428,14,2,929.55,0.15
6066,2428,38,1,53.59,0.05
6067,2428,85,3,122.17,0.05
6068,2429,93,3,73.99,0.15
6069,2430,47,1,31.94,0.0
6070,2430,42,2,58.5,0.0
6071,2431,101,1,403.43,0.0
6072,2432,10,1,783.62,0.1
6073,2432,109,2,67.25,0.0
6074,2432,75,1,181.68,0.0
6075,2432,59,1,28.01,0.0
6076,2433,68,2,86.11,0.15
6077,2433,110,3,31.39,0.0
6078,2434,10,2,783.62,0.1
6079,2434,8,3,1131.13,0.0
6080,2435,81,2,111.58,0.1
6081,2435,53,3,55.82,0.15
6082,2436,99,3,181.09,0.05
6083,2437,68,3,86.11,0.15
6084,2438,107,1,315.32,0.05
6085,2438,4,2,1016.95,0.1
6086,2439,55,1,32.53,0.1
6087,2439,65,3,94.35,0.0
6088,2440,108,1,285.82,0.05
6089,2441,85,2,122.17,0.05
6090,2441,23,3,1138.4,0.05
6091,2442,49,3,53.79,0.05
6092,2442,114,2,46.87,0.1
6093,2443,24,2,1445.96,0.1
6094,2443,117,2,75.36,0.1
6095,2443,79,3,243.88,0.1
6096,2444,65,1,94.35,0.0
6097,2444,15,2,1466.49,0.05
6098,2444,112,1,66.68,0.0
6099,2444,114,2,46.87,0.1
6100,2445,72,1,111.1,0.1
6101,2445,64,2,93.19,0.1
6102,2445,62,3,99.59,0.0
6103,2446,119,2,62.24,0.0
6104,2446,79,3,243.88,0.05
6105,2446,7,1,1081.5,0.1
6106,2446,22,2,845.9,0.05
6107,2447,51,1,53.62,0.05
6108,2447,93,2,73.99,0.1
6109,2447,3,1,1143.05,0.0
6110,2447,28,1,89.14,0.1
6111,2448,60,2,31.57,0.05
6112,2448,99,3,181.09,0.1
6113,2448,30,2,139.26,0.1
6114,2448,93,2,73.99,0.0
6115,2449,10,1,783.62,0.15
6116,2450,19,2,1303.76,0.15
6117,2450,46,1,64.91,0.0
6118,2450,51,1,53.62,0.1
6119,2450,84,3,189.75,0.1
6120,2451,70,1,54.65,0.1
6121,2452,74,3,179.47,0.1
6122,2452,22,3,845.9,0.05
6123,2453,114,2,46.87,0.05
6124,2454,46,3,64.91,0.1
6125,2454,98,1,406.86,0.05
6126,2454,118,1,70.37,0.15
6127,2454,38,1,53.59,0.0
6128,2455,18,2,813.45,0.0
6129,2455,70,2,54.65,0.05
6130,2455,61,2,73.16,0.15
6131,2456,80,3,81.78,0.1
6132,2456,94,2,121.02,0.1
6133,2457,114,3,46.87,0.0
6134,2457,11,3,863.36,0.1
6135,2457,5,3,856.49,0.1
6136,2458,89,1,55.64,0.05
6137,2458,7,2,1081.5,0.0
6138,2459,20,3,1272.89,0.05
6139,2460,113,3,45.91,0.1
6140,2460,105,1,321.26,0.15
6141,2461,99,3,181.09,0.0
6142,2461,74,3,179.47,0.0
6143,2461,19,2,1303.76,0.15
6144,2461,109,1,67.25,0.0
6145,2462,108,3,285.82,0.1
6146,2462,72,1,111.1,0.05
6147,2462,61,1,73.16,0.0
6148,2462,94,2,121.02,0.1
6149,2463,50,1,52.38,0.15
6150,2464,88,3,109.47,0.1
6151,2465,43,3,30.23,0.0
6152,2466,107,1,315.32,0.05
6153,2466,89,2,55.64,0.0
6154,2466,22,1,845.9,0.1
6155,2466,67,1,48.23,0.1
6156,2467,79,1,243.88,0.05
6157,2467,74,1,179.47,0.1
6158,2467,91,1,94.87,0.1
6159,2467,54,2,20.73,0.05
6160,2468,42,3,58.5,0.05
6161,2469,45,2,58.26,0.0
6162,2469,118,3,70.37,0.1
6163,2470,77,1,105.72,0.0
6164,2470,47,1,31.94,0.0
6165,2471,65,1,94.35,0.15
6166,2471,88,2,109.47,0.05
6167,2471,56,2,23.54,0.0
6168,2472,31,1,69.02,0.1
6169,2473,91,3,94.87,0.15
6170,2474,106,1,342.73,0.05
6171,2474,116,2,92.44,0.1
6172,2474,17,3,1005.58,0.1
6173,2475,73,2,117.31,0.15
6174,2475,53,2,55.82,0.0
6175,2475,57,1,62.07,0.05
6176,2476,98,2,406.86,0.05
6177,2476,43,2,30.23,0.1
6178,2476,60,2,31.57,0.0
6179,2477,68,1,86.11,0.0
6180,2477,74,2,179.47,0.05
6181,2477,60,1,31.57,0.0
6182,2478,8,1,1131.13,0.1
6183,2478,1,2,1061.42,0.15
6184,2478,118,3,70.37,0.0
6185,2478,66,1,106.71,0.05
6186,2479,95,1,67.35,0.05
6187,2480,82,2,113.87,0.15
6188,2481,96,3,124.74,0.1
6189,2481,70,1,54.65,0.1
6190,2481,113,3,45.91,0.15
6191,2481,67,3,48.23,0.0
6192,2482,51,3,53.62,0.0
6193,2482,90,3,100.08,0.0
6194,2482,32,2,58.98,0.05
6195,2482,7,2,1081.5,0.1
6196,2483,112,2,66.68,0.0
6197,2483,103,1,299.32,0.15
6198,2483,40,2,52.28,0.05
6199,2484,37,2,36.6,0.15
6200,2484,84,2,189.75,0.0
6201,2484,30,3,139.26,0.15
6202,2485,118,3,70.37,0.1
6203,2485,79,3,243.88,0.0
6204,2486,47,2,31.94,0.05
6205,2486,65,3,94.35,0.15
6206,2486,110,2,31.39,0.15
6207,2486,41,3,45.79,0.0
6208,2487,40,1,52.28,0.15
6209,2487,87,3,104.67,0.05
6210,2488,60,3,31.57,0.05
6211,2488,50,2,52.38,0.0
6212,2488,13,3,1416.4,0.0
6213,2488,113,2,45.91,0.05
6214,2489,92,2,59.67,0.1
6215,2489,65,1,94.35,0.05
6216,2490,17,3,1005.58,0.0
6217,2490,71,3,69.64,0.05
6218,2490,43,1,30.23,0.0
6219,2491,59,2,28.01,0.1
6220,2491,31,1,69.02,0.1
6221,2492,25,1,101.45,0.05
6222,2493,55,2,32.53,0.0
6223,2493,102,3,188.19,0.05
6224,2493,79,3,243.88,0.1
6225,2494,117,1,75.36,0.0
6226,2495,25,2,101.45,0.1
6227,2496,103,1,299.32,0.0
6228,2496,51,3,53.62,0.05
6229,2496,15,3,1466.49,0.0
6230,2496,99,3,181.09,0.05
6231,2497,4,2,1016.95,0.0
6232,2497,57,1,62.07,0.05
6233,2497,95,1,67.35,0.05
6234,2498,72,3,111.1,0.0
6235,2498,89,2,55.64,0.1
6236,2498,46,2,64.91,0.1
6237,2498,32,2,58.98,0.1
6238,2499,55,2,32.53,0.15
6239,2499,1,3,1061.42,0.1
6240,2499,64,1,93.19,0.05
6241,2500,74,3,179.47,0.0
6242,2500,93,2,73.99,0.15
6243,2501,52,2,58.53,0.05
6244,2501,73,2,117.31,0.0
6245,2502,73,2,117.31,0.1
6246,2503,99,3,181.09,0.15
6247,2503,78,1,198.38,0.0
6248,2503,5,2,856.49,0.0
6249,2503,56,1,23.54,0.0
6250,2504,40,2,52.28,0.15
6251,2504,79,3,243.88,0.15
6252,2504,5,1,856.49,0.0
6253,2505,88,3,109.47,0.05
6254,2505,31,3,69.02,0.0
6255,2506,15,2,1466.49,0.05
6256,2506,1,1,1061.42,0.15
6257,2507,111,1,99.29,0.05
6258,2508,96,1,124.74,0.1
6259,2508,36,2,67.29,0.1
6260,2508,24,2,1445.96,0.15
6261,2508,59,1,28.01,0.05
6262,2509,11,1,863.36,0.15
6263,2510,47,1,31.94,0.1
6264,2510,65,2,94.35,0.15
6265,2510,75,1,181.68,0.15
6266,2510,42,3,58.5,0.0
6267,2511,118,1,70.37,0.1
6268,2511,105,2,321.26,0.05
6269,2511,44,2,59.87,0.15
6270,2512,2,3,1276.88,0.1
6271,2512,57,2,62.07,0.1
6272,2512,1,2,1061.42,0.15
6273,2513,12,3,876.42,0.15
6274,2513,19,1,1303.76,0.1
6275,2513,116,1,92.44,0.15
6276,2513,79,3,243.88,0.0
6277,2514,91,3,94.87,0.15
6278,2515,26,1,114.37,0.15
6279,2515,111,1,99.29,0.1
6280,2515,64,2,93.19,0.15
6281,2516,49,3,53.79,0.1
6282,2516,40,3,52.28,0.0
6283,2516,61,1,73.16,0.15
6284,2516,112,3,66.68,0.05
6285,2517,18,2,813.45,0.05
6286,2517,72,2,111.1,0.1
6287,2517,88,1,109.47,0.15
6288,2518,72,2,111.1,0.0
6289,2518,3,3,1143.05,0.0
6290,2518,67,2,48.23,0.0
6291,2519,62,2,99.59,0.0
6292,2520,29,3,144.47,0.1
6293,2520,55,3,32.53,0.15
6294,2521,53,1,55.82,0.1
6295,2521,11,1,863.36,0.0
6296,2521,86,1,110.76,0.0
6297,2522,64,3,93.19,0.1
6298,2523,20,2,1272.89,0.1
6299,2524,91,3,94.87,0.05
6300,2524,88,1,109.47,0.0
6301,2525,47,3,31.94,0.15
6302,2525,116,2,92.44,0.15
6303,2525,80,3,81.78,0.1
6304,2525,102,3,188.19,0.05
6305,2526,107,2,315.32,0.05
6306,2526,98,2,406.86,0.1
6307,2526,22,3,845.9,0.05
6308,2527,45,3,58.26,0.05
6309,2528,12,1,876.42,0.05
6310,2528,116,2,92.44,0.05
6311,2528,115,2,74.95,0.15
6312,2529,49,3,53.79,0.15
6313,2529,69,1,114.57,0.1
6314,2529,15,2,1466.49,0.15
6315,2529,96,1,124.74,0.15
6316,2530,67,3,48.23,0.15
6317,2530,39,3,57.67,0.0
6318,2530,79,2,243.88,0.1
6319,2531,65,2,94.35,0.0
6320,2531,52,3,58.53,0.1
6321,2531,22,2,845.9,0.1
6322,2532,27,1,116.94,0.1
6323,2532,24,1,1445.96,0.15
6324,2532,34,3,125.09,0.0
6325,2532,48,1,56.46,0.0
6326,2533,103,1,299.32,0.1
6327,2533,89,2,55.64,0.15
6328,2533,111,3,99.29,0.1
6329,2534,106,1,342.73,0.05
6330,2534,74,1,179.47,0.15
6331,2534,53,3,55.82,0.05
6332,2535,114,1,46.87,0.05
6333,2536,85,2,122.17,0.1
6334,2536,120,2,64.19,0.05
6335,2536,18,3,813.45,0.15
6336,2536,2,3,1276.88,0.0
6337,2537,61,3,73.16,0.1
6338,2537,88,2,109.47,0.1
6339,2537,33,2,96.96,0.0
6340,2538,14,2,929.55,0.15
6341,2538,62,1,99.59,0.0
6342,2538,93,2,73.99,0.15
6343,2538,71,1,69.64,0.15
6344,2539,45,3,58.26,0.05
6345,2539,103,2,299.32,0.15
6346,2539,19,2,1303.76,0.15
6347,2540,43,2,30.23,0.1
6348,2540,66,1,106.71,0.05
6349,2540,34,2,125.09,0.0
6350,2541,93,3,73.99,0.05
6351,2541,120,2,64.19,0.0
6352,2542,43,3,30.23,0.05
6353,2542,85,2,122.17,0.15
6354,2542,9,1,1017.39,0.0
6355,2542,90,1,100.08,0.05
6356,2543,62,2,99.59,0.1
6357,2543,78,2,198.38,0.0
6358,2543,32,1,58.98,0.1
6359,2544,90,1,100.08,0.0
6360,2544,118,2,70.37,0.0
6361,2545,111,2,99.29,0.05
6362,2546,58,2,44.05,0.05
6363,2546,82,1,113.87,0.0
6364,2547,104,3,175.21,0.15
6365,2547,114,1,46.87,0.15
6366,2548,54,1,20.73,0.0
6367,2548,25,1,101.45,0.0
6368,2548,111,1,99.29,0.0
6369,2549,70,2,54.65,0.15
6370,2549,98,1,406.86,0.1
6371,2549,103,3,299.32,0.1
6372,2549,7,2,1081.5,0.1
6373,2550,91,1,94.87,0.0
6374,2550,107,1,315.32,0.05
6375,2550,38,2,53.59,0.05
6376,2551,56,2,23.54,0.1
6377,2551,75,2,181.68,0.1
6378,2551,6,1,1247.26,0.05
6379,2551,117,3,75.36,0.1
6380,2552,32,1,58.98,0.05
6381,2553,12,1,876.42,0.05
6382,2553,102,3,188.19,0.05
6383,2553,94,1,121.02,0.05
6384,2553,97,2,308.18,0.15
6385,2554,70,3,54.65,0.1
6386,2554,50,1,52.38,0.15
6387,2554,18,1,813.45,0.15
6388,2554,55,3,32.53,0.15
6389,2555,58,2,44.05,0.15
6390,2555,72,1,111.1,0.0
6391,2555,29,2,144.47,0.05
6392,2555,107,3,315.32,0.05
6393,2556,62,2,99.59,0.05
6394,2556,32,1,58.98,0.05
6395,2556,44,2,59.87,0.15
6396,2557,68,3,86.11,0.15
6397,2557,46,1,64.91,0.0
6398,2557,91,1,94.87,0.15
6399,2558,22,2,845.9,0.15
6400,2558,71,1,69.64,0.1
6401,2559,43,2,30.23,0.1
6402,2559,44,2,59.87,0.05
6403,2560,14,3,929.55,0.0
6404,2560,54,2,20.73,0.15
6405,2560,62,3,99.59,0.1
6406,2561,108,2,285.82,0.0
6407,2561,101,2,403.43,0.1
6408,2561,112,3,66.68,0.1
6409,2561,44,3,59.87,0.15
6410,2562,80,1,81.78,0.05
6411,2562,109,2,67.25,0.1
6412,2563,4,2,1016.95,0.05
6413,2563,2,1,1276.88,0.1
6414,2563,85,2,122.17,0.1
6415,2563,109,1,67.25,0.15
6416,2564,27,1,116.94,0.0
6417,2564,8,1,1131.13,0.05
6418,2564,11,3,863.36,0.0
6419,2565,19,2,1303.76,0.15
6420,2565,70,3,54.65,0.0
6421,2565,29,2,144.47,0.0
6422,2565,32,1,58.98,0.0
6423,2566,108,2,285.82,0.15
6424,2566,104,2,175.21,0.0
6425,2566,26,1,114.37,0.15
6426,2567,41,2,45.79,0.1
6427,2568,46,3,64.91,0.1
6428,2568,64,3,93.19,0.1
6429,2568,44,2,59.87,0.0
6430,2569,18,1,813.45,0.15
6431,2569,73,1,117.31,0.1
6432,2569,91,3,94.87,0.1
6433,2569,81,2,111.58,0.0
6434,2570,17,3,1005.58,0.1
6435,2570,95,1,67.35,0.0
6436,2570,110,2,31.39,0.05
6437,2571,79,3,243.88,0.05
6438,2572,38,1,53.59,0.05
6439,2572,91,1,94.87,0.05
6440,2572,41,2,45.79,0.15
6441,2572,20,3,1272.89,0.1
6442,2573,39,1,57.67,0.1
6443,2573,8,3,1131.13,0.05
6444,2574,113,3,45.91,0.05
6445,2574,37,3,36.6,0.05
6446,2574,2,2,1276.88,0.05
6447,2575,12,3,876.42,0.0
6448,2575,23,3,1138.4,0.0
6449,2575,103,2,299.32,0.05
6450,2576,91,1,94.87,0.1
6451,2577,116,2,92.44,0.1
6452,2577,20,2,1272.89,0.0
6453,2578,27,2,116.94,0.05
6454,2579,9,3,1017.39,0.15
6455,2579,26,3,114.37,0.05
6456,2579,28,2,89.14,0.15
6457,2579,77,3,105.72,0.15
6458,2580,15,1,1466.49,0.05
6459,2580,99,1,181.09,0.05
6460,2581,29,1,144.47,0.0
6461,2582,80,3,81.78,0.0
6462,2582,68,3,86.11,0.0
6463,2583,21,3,1122.92,0.0
6464,2583,25,3,101.45,0.0
6465,2583,15,3,1466.49,0.05
6466,2584,72,1,111.1,0.0
6467,2584,94,2,121.02,0.05
6468,2584,105,1,321.26,0.15
6469,2584,90,3,100.08,0.15
6470,2585,117,2,75.36,0.0
6471,2586,80,1,81.78,0.15
6472,2587,15,1,1466.49,0.05
6473,2588,76,1,115.79,0.15
6474,2588,48,1,56.46,0.1
6475,2588,56,3,23.54,0.15
6476,2589,59,1,28.01,0.1
6477,2589,45,3,58.26,0.15
6478,2589,97,1,308.18,0.05
6479,2589,91,1,94.87,0.15
6480,2590,85,3,122.17,0.0
6481,2590,64,1,93.19,0.0
6482,2591,25,3,101.45,0.15
6483,2592,3,3,1143.05,0.1
6484,2592,2,2,1276.88,0.15
6485,2592,45,2,58.26,0.05
6486,2592,77,3,105.72,0.05
6487,2593,64,1,93.19,0.1
6488,2594,36,3,67.29,0.0
6489,2595,28,2,89.14,0.1
6490,2595,109,3,67.25,0.15
6491,2595,4,2,1016.95,0.1
6492,2596,43,3,30.23,0.15
6493,2596,77,1,105.72,0.05
6494,2596,94,3,121.02,0.1
6495,2596,1,3,1061.42,0.05
6496,2597,41,1,45.79,0.0
6497,2597,112,3,66.68,0.15
6498,2597,15,1,1466.49,0.05
6499,2598,55,3,32.53,0.05
6500,2598,64,3,93.19,0.15
6501,2599,19,3,1303.76,0.0
6502,2599,31,1,69.02,0.1
6503,2600,53,2,55.82,0.15
6504,2600,54,3,20.73,0.15
6505,2600,116,3,92.44,0.1
6506,2601,17,1,1005.58,0.15
6507,2602,74,2,179.47,0.15
6508,2602,57,1,62.07,0.0
6509,2603,15,3,1466.49,0.1
6510,2604,70,3,54.65,0.1
6511,2604,15,3,1466.49,0.05
6512,2605,16,1,1522.38,0.05
6513,2605,14,2,929.55,0.0
6514,2605,40,1,52.28,0.05
6515,2605,50,2,52.38,0.0
6516,2606,49,2,53.79,0.05
6517,2606,45,3,58.26,0.15
6518,2606,117,3,75.36,0.05
6519,2607,64,1,93.19,0.1
6520,2607,58,1,44.05,0.05
6521,2608,36,3,67.29,0.1
6522,2608,44,3,59.87,0.15
6523,2608,109,2,67.25,0.0
6524,2609,77,2,105.72,0.05
6525,2610,103,2,299.32,0.05
6526,2610,76,3,115.79,0.0
6527,2610,61,3,73.16,0.15
6528,2610,117,3,75.36,0.05
6529,2611,85,1,122.17,0.1
6530,2611,101,3,403.43,0.15
6531,2611,112,1,66.68,0.05
6532,2612,88,1,109.47,0.0
6533,2612,118,1,70.37,0.05
6534,2612,117,2,75.36,0.1
6535,2612,47,1,31.94,0.05
6536,2613,25,2,101.45,0.15
6537,2613,112,1,66.68,0.0
6538,2613,96,3,124.74,0.15
6539,2614,92,2,59.67,0.0
6540,2614,85,2,122.17,0.05
6541,2614,74,3,179.47,0.1
6542,2615,74,1,179.47,0.15
6543,2615,43,3,30.23,0.1
6544,2615,38,2,53.59,0.05
6545,2615,18,2,813.45,0.1
6546,2616,54,3,20.73,0.0
6547,2617,90,3,100.08,0.05
6548,2617,97,1,308.18,0.1
6549,2617,41,3,45.79,0.0
6550,2618,55,3,32.53,0.15
6551,2618,36,3,67.29,0.0
6552,2619,72,3,111.1,0.1
6553,2619,14,3,929.55,0.1
6554,2619,17,2,1005.58,0.15
6555,2619,88,1,109.47,0.05
6556,2620,72,3,111.1,0.1
6557,2620,37,1,36.6,0.05
6558,2620,12,2,876.42,0.1
6559,2621,82,2,113.87,0.05
6560,2621,28,3,89.14,0.15
6561,2622,85,1,122.17,0.0
6562,2623,92,1,59.67,0.1
6563,2623,61,3,73.16,0.05
6564,2623,13,3,1416.4,0.0
6565,2623,106,3,342.73,0.15
6566,2624,10,1,783.62,0.15
6567,2624,120,3,64.19,0.0
6568,2624,93,1,73.99,0.15
6569,2625,33,3,96.96,0.0
6570,2625,49,1,53.79,0.05
6571,2625,92,1,59.67,0.15
6572,2626,112,1,66.68,0.1
6573,2626,118,3,70.37,0.05
6574,2626,63,1,82.03,0.15
6575,2627,59,3,28.01,0.0
6576,2627,1,3,1061.42,0.05
6577,2627,8,2,1131.13,0.05
6578,2627,61,1,73.16,0.1
6579,2628,71,1,69.64,0.05
6580,2629,79,2,243.88,0.15
6581,2630,47,1,31.94,0.05
6582,2630,117,3,75.36,0.1
6583,2630,93,2,73.99,0.0
6584,2630,108,2,285.82,0.1
6585,2631,14,3,929.55,0.0
6586,2631,99,1,181.09,0.05
6587,2632,63,1,82.03,0.15
6588,2632,67,3,48.23,0.15
6589,2633,74,3,179.47,0.05
6590,2634,63,2,82.03,0.15
6591,2634,93,3,73.99,0.05
6592,2634,39,3,57.67,0.15
6593,2634,70,2,54.65,0.0
6594,2635,104,2,175.21,0.15
6595,2635,44,1,59.87,0.15
6596,2635,51,2,53.62,0.15
6597,2636,65,2,94.35,0.1
6598,2636,14,2,929.55,0.15
6599,2637,43,1,30.23,0.0
6600,2637,98,1,406.86,0.15
6601,2637,17,1,1005.58,0.15
6602,2638,85,1,122.17,0.1
6603,2638,116,2,92.44,0.05
6604,2638,33,1,96.96,0.0
6605,2638,45,3,58.26,0.0
6606,2639,94,2,121.02,0.05
6607,2640,83,2,77.52,0.15
6608,2640,20,2,1272.89,0.15
6609,2641,62,3,99.59,0.0
6610,2641,98,1,406.86,0.1
6611,2642,77,1,105.72,0.15
6612,2642,120,2,64.19,0.05
6613,2642,27,1,116.94,0.1
6614,2642,25,1,101.45,0.05
6615,2643,60,1,31.57,0.15
6616,2643,18,3,813.45,0.05
6617,2644,30,1,139.26,0.15
6618,2645,19,2,1303.76,0.0
6619,2645,84,1,189.75,0.15
6620,2645,27,1,116.94,0.1
6621,2646,88,3,109.47,0.05
6622,2646,16,3,1522.38,0.1
6623,2647,17,2,1005.58,0.15
6624,2648,76,3,115.79,0.1
6625,2649,70,3,54.65,0.15
6626,2649,3,2,1143.05,0.1
6627,2649,115,3,74.95,0.1
6628,2649,84,2,189.75,0.1
6629,2650,60,3,31.57,0.05
6630,2650,80,2,81.78,0.1
6631,2651,26,3,114.37,0.1
6632,2651,83,3,77.52,0.05
6633,2651,78,2,198.38,0.05
6634,2651,55,3,32.53,0.05
6635,2652,117,1,75.36,0.05
6636,2652,118,1,70.37,0.1
6637,2652,87,1,104.67,0.05
6638,2652,67,1,48.23,0.0
6639,2653,45,1,58.26,0.0
6640,2653,103,1,299.32,0.1
6641,2653,47,1,31.94,0.15
6642,2653,100,2,240.04,0.15
6643,2654,83,2,77.52,0.15
6644,2654,59,2,28.01,0.0
6645,2654,29,2,144.47,0.15
6646,2654,39,1,57.67,0.05
6647,2655,30,3,139.26,0.1
6648,2656,22,2,845.9,0.15
6649,2656,20,1,1272.89,0.15
6650,2656,14,2,929.55,0.05
6651,2656,42,3,58.5,0.15
6652,2657,1,3,1061.42,0.1
6653,2657,26,2,114.37,0.1
6654,2657,72,2,111.1,0.1
6655,2658,10,1,783.62,0.15
6656,2658,61,1,73.16,0.0
6657,2659,95,2,67.35,0.05
6658,2659,104,2,175.21,0.15
6659,2660,95,2,67.35,0.05
6660,2660,50,3,52.38,0.05
6661,2660,85,1,122.17,0.05
6662,2661,77,2,105.72,0.15
6663,2661,9,1,1017.39,0.0
6664,2662,51,3,53.62,0.15
6665,2662,93,1,73.99,0.05
6666,2662,94,2,121.02,0.1
6667,2662,3,2,1143.05,0.15
6668,2663,81,2,111.58,0.15
6669,2663,36,1,67.29,0.0
6670,2663,12,3,876.42,0.05
6671,2664,82,1,113.87,0.1
6672,2664,72,2,111.1,0.15
6673,2664,14,1,929.55,0.1
6674,2665,118,1,70.37,0.05
6675,2665,64,3,93.19,0.15
6676,2665,102,3,188.19,0.0
6677,2666,85,2,122.17,0.15
6678,2667,70,3,54.65,0.15
6679,2667,103,2,299.32,0.0
6680,2667,115,3,74.95,0.05
6681,2667,39,2,57.67,0.1
6682,2668,66,3,106.71,0.0
6683,2668,41,2,45.79,0.05
6684,2668,80,3,81.78,0.1
6685,2668,28,1,89.14,0.05
6686,2669,36,3,67.29,0.05
6687,2669,51,2,53.62,0.05
6688,2669,103,2,299.32,0.05
6689,2669,78,2,198.38,0.1
6690,2670,24,1,1445.96,0.1
6691,2671,1,3,1061.42,0.0
6692,2672,49,2,53.79,0.0
6693,2672,55,1,32.53,0.15
6694,2672,1,2,1061.42,0.1
6695,2673,85,3,122.17,0.0
6696,2674,6,3,1247.26,0.15
6697,2674,97,3,308.18,0.1
6698,2674,31,2,69.02,0.15
6699,2675,6,2,1247.26,0.0
6700,2676,17,2,1005.58,0.15
6701,2676,109,1,67.25,0.0
6702,2676,70,1,54.65,0.1
6703,2677,22,3,845.9,0.1
6704,2678,9,1,1017.39,0.1
6705,2679,117,2,75.36,0.0
6706,2680,78,3,198.38,0.0
6707,2680,73,1,117.31,0.15
6708,2680,99,3,181.09,0.1
6709,2681,86,3,110.76,0.05
6710,2682,102,2,188.19,0.0
6711,2682,85,3,122.17,0.0
6712,2682,64,3,93.19,0.1
6713,2682,10,3,783.62,0.05
6714,2683,3,3,1143.05,0.0
6715,2683,63,3,82.03,0.15
6716,2683,118,1,70.37,0.05
6717,2684,36,2,67.29,0.05
6718,2684,74,1,179.47,0.0
6719,2685,62,3,99.59,0.0
6720,2685,112,2,66.68,0.15
6721,2686,92,2,59.67,0.0
6722,2686,58,2,44.05,0.15
6723,2687,116,3,92.44,0.05
6724,2687,54,3,20.73,0.0
6725,2688,10,2,783.62,0.0
6726,2688,55,1,32.53,0.0
6727,2688,41,1,45.79,0.15
6728,2689,86,3,110.76,0.05
6729,2690,42,3,58.5,0.15
6730,2690,46,3,64.91,0.05
6731,2691,102,2,188.19,0.1
6732,2692,109,1,67.25,0.15
6733,2693,37,2,36.6,0.0
6734,2694,108,1,285.82,0.15
6735,2695,100,3,240.04,0.0
6736,2695,14,2,929.55,0.1
6737,2695,89,3,55.64,0.15
6738,2696,117,3,75.36,0.05
6739,2696,14,2,929.55,0.15
6740,2696,33,3,96.96,0.1
6741,2696,5,2,856.49,0.1
6742,2697,107,1,315.32,0.15
6743,2697,117,1,75.36,0.15
6744,2697,65,2,94.35,0.1
6745,2698,74,2,179.47,0.1
6746,2698,84,1,189.75,0.1
6747,2698,6,1,1247.26,0.1
6748,2699,80,3,81.78,0.15
6749,2699,46,2,64.91,0.05
6750,2699,59,2,28.01,0.05
6751,2700,113,3,45.91,0.1
6752,2701,64,3,93.19,0.15
6753,2701,18,1,813.45,0.15
6754,2701,68,2,86.11,0.15
6755,2702,17,2,1005.58,0.0
6756,2702,78,1,198.38,0.15
6757,2702,104,2,175.21,0.05
6758,2702,58,3,44.05,0.15
6759,2703,35,2,109.54,0.15
6760,2703,104,2,175.21,0.0
6761,2704,96,2,124.74,0.0
6762,2704,63,1,82.03,0.0
6763,2704,106,2,342.73,0.15
6764,2704,88,1,109.47,0.05
6765,2705,23,1,1138.4,0.1
6766,2705,26,3,114.37,0.15
6767,2705,44,1,59.87,0.0
6768,2706,77,1,105.72,0.15
6769,2706,50,1,52.38,0.0
6770,2706,113,2,45.91,0.0
6771,2707,117,1,75.36,0.1
6772,2707,94,1,121.02,0.0
6773,2707,115,1,74.95,0.0
6774,2708,37,1,36.6,0.05
6775,2708,85,1,122.17,0.05
6776,2709,118,3,70.37,0.1
6777,2709,113,2,45.91,0.05
6778,2710,36,1,67.29,0.15
6779,2711,113,3,45.91,0.05
6780,2711,107,3,315.32,0.1
6781,2711,62,1,99.59,0.05
6782,2711,76,1,115.79,0.0
6783,2712,28,2,89.14,0.0
6784,2713,20,2,1272.89,0.1
6785,2713,111,2,99.29,0.15
6786,2713,40,1,52.28,0.1
6787,2713,21,2,1122.92,0.15
6788,2714,111,1,99.29,0.1
6789,2714,17,3,1005.58,0.05
6790,2714,54,1,20.73,0.15
6791,2715,17,2,1005.58,0.05
6792,2715,82,2,113.87,0.0
6793,2716,71,2,69.64,0.0
6794,2716,4,1,1016.95,0.1
6795,2717,66,1,106.71,0.0
6796,2717,61,2,73.16,0.15
6797,2718,91,3,94.87,0.15
6798,2718,6,2,1247.26,0.1
6799,2718,69,3,114.57,0.15
6800,2718,17,1,1005.58,0.05
6801,2719,88,1,109.47,0.15
6802,2720,51,1,53.62,0.0
6803,2720,17,2,1005.58,0.1
6804,2721,2,2,1276.88,0.0
6805,2722,120,2,64.19,0.1
6806,2722,40,2,52.28,0.05
6807,2722,46,1,64.91,0.0
6808,2722,91,3,94.87,0.15
6809,2723,30,2,139.26,0.15
6810,2723,105,1,321.26,0.15
6811,2723,32,3,58.98,0.15
6812,2724,102,2,188.19,0.05
6813,2724,82,2,113.87,0.1
6814,2725,105,2,321.26,0.0
6815,2725,71,3,69.64,0.0
6816,2725,92,2,59.67,0.15
6817,2726,15,3,1466.49,0.05
6818,2726,47,2,31.94,0.1
6819,2727,66,2,106.71,0.1
6820,2727,17,3,1005.58,0.0
6821,2728,30,3,139.26,0.1
6822,2728,112,2,66.68,0.0
6823,2729,40,3,52.28,0.05
6824,2730,93,1,73.99,0.15
6825,2730,110,1,31.39,0.05
6826,2730,64,2,93.19,0.15
6827,2730,33,2,96.96,0.1
6828,2731,49,3,53.79,0.05
6829,2731,92,1,59.67,0.05
6830,2731,18,3,813.45,0.05
6831,2731,21,1,1122.92,0.05
6832,2732,98,2,406.86,0.1
6833,2732,57,3,62.07,0.05
6834,2732,18,3,813.45,0.05
6835,2733,83,2,77.52,0.05
6836,2733,76,3,115.79,0.0
6837,2733,108,2,285.82,0.15
6838,2734,13,1,1416.4,0.1
6839,2734,24,3,1445.96,0.1
6840,2735,75,1,181.68,0.0
6841,2735,113,3,45.91,0.1
6842,2735,72,2,111.1,0.1
6843,2736,112,2,66.68,0.05
6844,2737,40,3,52.28,0.05
6845,2738,11,3,863.36,0.15
6846,2739,74,1,179.47,0.0
6847,2739,120,3,64.19,0.05
6848,2739,34,2,125.09,0.05
6849,2740,44,2,59.87,0.15
6850,2740,74,2,179.47,0.15
6851,2740,64,3,93.19,0.15
6852,2740,23,2,1138.4,0.15
6853,2741,10,2,783.62,0.0
6854,2741,27,2,116.94,0.1
6855,2741,107,3,315.32,0.0
6856,2741,100,3,240.04,0.1
6857,2742,23,2,1138.4,0.05
6858,2742,56,1,23.54,0.05
6859,2742,101,3,403.43,0.0
6860,2743,5,1,856.49,0.0
6861,2744,68,2,86.11,0.05
6862,2744,1,3,1061.42,0.05
6863,2744,40,2,52.28,0.1
6864,2745,75,1,181.68,0.0
6865,2745,78,3,198.38,0.15
6866,2745,2,1,1276.88,0.15
6867,2746,40,3,52.28,0.0
6868,2747,49,2,53.79,0.15
6869,2748,5,3,856.49,0.15
6870,2748,75,1,181.68,0.0
6871,2749,40,1,52.28,0.1
6872,2749,29,3,144.47,0.15
6873,2749,87,3,104.67,0.15
6874,2749,23,1,1138.4,0.1
6875,2750,47,2,31.94,0.05
6876,2750,118,1,70.37,0.15
6877,2750,88,2,109.47,0.0
6878,2751,107,2,315.32,0.15
6879,2752,1,3,1061.42,0.1
6880,2752,105,2,321.26,0.15
6881,2752,76,1,115.79,0.0
6882,2752,55,3,32.53,0.1
6883,2753,111,3,99.29,0.1
6884,2753,107,1,315.32,0.05
6885,2753,105,2,321.26,0.1
6886,2753,118,2,70.37,0.15
6887,2754,51,2,53.62,0.1
6888,2754,108,3,285.82,0.15
6889,2754,64,2,93.19,0.1
6890,2754,85,3,122.17,0.15
6891,2755,57,2,62.07,0.1
6892,2755,96,3,124.74,0.05
6893,2755,11,2,863.36,0.15
6894,2756,33,2,96.96,0.05
6895,2756,4,2,1016.95,0.15
6896,2757,87,3,104.67,0.15
6897,2757,107,2,315.32,0.05
6898,2757,96,3,124.74,0.1
6899,2758,36,1,67.29,0.15
6900,2758,71,3,69.64,0.0
6901,2758,111,2,99.29,0.05
6902,2759,75,3,181.68,0.0
6903,2759,25,1,101.45,0.15
6904,2759,24,3,1445.96,0.15
6905,2759,93,2,73.99,0.0
6906,2760,27,2,116.94,0.0
6907,2760,8,2,1131.13,0.0
6908,2760,103,3,299.32,0.15
6909,2760,113,1,45.91,0.05
6910,2761,103,3,299.32,0.05
6911,2762,81,1,111.58,0.1
6912,2762,75,2,181.68,0.15
6913,2762,56,2,23.54,0.15
6914,2762,27,2,116.94,0.15
6915,2763,116,1,92.44,0.15
6916,2763,63,2,82.03,0.0
6917,2764,105,1,321.26,0.0
6918,2764,9,1,1017.39,0.15
6919,2764,7,2,1081.5,0.0
6920,2765,15,3,1466.49,0.1
6921,2765,51,3,53.62,0.15
6922,2765,39,2,57.67,0.15
6923,2766,55,1,32.53,0.1
6924,2767,35,3,109.54,0.05
6925,2767,91,2,94.87,0.0
6926,2767,61,2,73.16,0.05
6927,2768,93,2,73.99,0.15
6928,2769,82,3,113.87,0.0
6929,2770,119,3,62.24,0.0
6930,2770,13,1,1416.4,0.05
6931,2770,111,2,99.29,0.15
6932,2770,28,2,89.14,0.1
6933,2771,117,2,75.36,0.15
6934,2771,32,3,58.98,0.15
6935,2772,63,3,82.03,0.0
6936,2773,16,2,1522.38,0.1
6937,2773,114,1,46.87,0.15
6938,2773,4,1,1016.95,0.15
6939,2774,57,2,62.07,0.05
6940,2774,68,1,86.11,0.05
6941,2774,94,2,121.02,0.1
6942,2775,85,3,122.17,0.0
6943,2775,37,2,36.6,0.1
6944,2775,89,3,55.64,0.05
6945,2776,25,1,101.45,0.15
6946,2777,32,2,58.98,0.15
6947,2777,95,3,67.35,0.1
6948,2777,11,3,863.36,0.1
6949,2778,96,1,124.74,0.05
6950,2778,76,1,115.79,0.0
6951,2778,28,2,89.14,0.1
6952,2779,55,3,32.53,0.0
6953,2779,80,1,81.78,0.1
6954,2780,49,3,53.79,0.05
6955,2780,26,1,114.37,0.1
6956,2780,29,2,144.47,0.1
6957,2780,3,2,1143.05,0.0
6958,2781,103,2,299.32,0.1
6959,2782,119,1,62.24,0.0
6960,2782,21,1,1122.92,0.1
6961,2783,17,3,1005.58,0.05
6962,2783,26,3,114.37,0.0
6963,2783,11,3,863.36,0.15
6964,2784,101,3,403.43,0.0
6965,2785,39,3,57.67,0.15
6966,2785,68,1,86.11,0.1
6967,2785,37,2,36.6,0.15
6968,2786,35,3,109.54,0.1
6969,2786,107,3,315.32,0.1
6970,2787,69,1,114.57,0.15
6971,2788,56,2,23.54,0.05
6972,2788,120,3,64.19,0.1
6973,2789,47,3,31.94,0.15
6974,2789,83,3,77.52,0.0
6975,2789,60,2,31.57,0.1
6976,2790,74,2,179.47,0.1
6977,2791,14,1,929.55,0.1
6978,2791,87,3,104.67,0.1
6979,2791,103,3,299.32,0.0
6980,2791,44,3,59.87,0.1
6981,2792,53,1,55.82,0.05
6982,2792,92,2,59.67,0.0
6983,2792,38,2,53.59,0.15
6984,2793,48,2,56.46,0.0
6985,2793,111,1,99.29,0.05
6986,2794,58,2,44.05,0.15
6987,2794,99,2,181.09,0.1
6988,2794,108,2,285.82,0.05
6989,2795,19,3,1303.76,0.05
6990,2795,109,2,67.25,0.15
6991,2795,37,3,36.6,0.0
6992,2795,95,1,67.35,0.15
6993,2796,77,2,105.72,0.15
6994,2796,37,2,36.6,0.1
6995,2796,71,3,69.64,0.0
6996,2797,101,2,403.43,0.0
6997,2797,54,1,20.73,0.1
6998,2797,85,2,122.17,0.05
6999,2798,56,3,23.54,0.0
7000,2798,58,2,44.05,0.1
7001,2798,34,1,125.09,0.05
7002,2798,80,1,81.78,0.15
7003,2799,104,2,175.21,0.1
7004,2799,9,1,1017.39,0.05
7005,2800,8,2,1131.13,0.1
7006,2801,46,2,64.91,0.15
7007,2801,80,1,81.78,0.0
7008,2801,44,2,59.87,0.05
7009,2802,54,3,20.73,0.1
7010,2802,66,1,106.71,0.1
7011,2802,7,3,1081.5,0.0
7012,2802,72,1,111.1,0.15
7013,2803,48,2,56.46,0.15
7014,2804,75,3,181.68,0.15
7015,2804,30,1,139.26,0.05
7016,2804,29,1,144.47,0.15
7017,2804,51,1,53.62,0.1
7018,2805,77,1,105.72,0.0
7019,2805,11,2,863.36,0.05
7020,2806,5,3,856.49,0.05
7021,2807,32,1,58.98,0.0
7022,2807,64,3,93.19,0.05
7023,2807,76,3,115.79,0.15
7024,2807,6,3,1247.26,0.05
7025,2808,58,2,44.05,0.15
7026,2808,67,2,48.23,0.15
7027,2808,13,1,1416.4,0.1
7028,2809,66,1,106.71,0.1
7029,2809,90,1,100.08,0.15
7030,2809,12,2,876.42,0.1
7031,2810,40,2,52.28,0.15
7032,2810,36,3,67.29,0.05
7033,2810,109,3,67.25,0.05
7034,2810,4,2,1016.95,0.15
7035,2811,67,3,48.23,0.15
7036,2811,12,2,876.42,0.1
7037,2811,88,2,109.47,0.05
7038,2812,40,2,52.28,0.15
7039,2813,43,2,30.23,0.1
7040,2813,104,3,175.21,0.05
7041,2813,56,1,23.54,0.1
7042,2814,109,3,67.25,0.15
7043,2815,86,1,110.76,0.05
7044,2815,104,1,175.21,0.05
7045,2815,67,1,48.23,0.05
7046,2815,9,2,1017.39,0.15
7047,2816,60,1,31.57,0.15
7048,2816,27,3,116.94,0.1
7049,2817,66,2,106.71,0.1
7050,2817,53,3,55.82,0.1
7051,2818,101,3,403.43,0.15
7052,2818,43,3,30.23,0.1
7053,2818,42,3,58.5,0.15
7054,2819,106,3,342.73,0.15
7055,2819,103,3,299.32,0.0
7056,2819,59,1,28.01,0.1
7057,2820,84,2,189.75,0.1
7058,2820,55,1,32.53,0.15
7059,2820,34,1,125.09,0.05
7060,2820,82,2,113.87,0.0
7061,2821,46,2,64.91,0.05
7062,2821,25,1,101.45,0.0
7063,2821,113,2,45.91,0.05
7064,2821,33,1,96.96,0.15
7065,2822,18,2,813.45,0.0
7066,2822,7,3,1081.5,0.0
7067,2822,32,3,58.98,0.1
7068,2823,31,1,69.02,0.1
7069,2824,25,1,101.45,0.15
7070,2824,117,2,75.36,0.15
7071,2824,24,3,1445.96,0.05
7072,2825,100,2,240.04,0.05
7073,2826,6,3,1247.26,0.0
7074,2826,118,3,70.37,0.15
7075,2826,96,1,124.74,0.0
7076,2826,103,2,299.32,0.05
7077,2827,59,3,28.01,0.1
7078,2827,116,3,92.44,0.15
7079,2827,108,2,285.82,0.0
7080,2828,45,3,58.26,0.15
7081,2828,79,1,243.88,0.0
7082,2829,6,1,1247.26,0.15
7083,2829,40,2,52.28,0.1
7084,2830,77,1,105.72,0.05
7085,2831,106,1,342.73,0.1
7086,2831,59,2,28.01,0.05
7087,2832,57,1,62.07,0.0
7088,2832,37,1,36.6,0.15
7089,2833,23,1,1138.4,0.05
7090,2834,66,1,106.71,0.1
7091,2834,3,2,1143.05,0.1
7092,2834,54,2,20.73,0.1
7093,2835,87,1,104.67,0.15
7094,2836,15,2,1466.49,0.15
7095,2836,1,3,1061.42,0.15
7096,2836,114,1,46.87,0.15
7097,2837,23,1,1138.4,0.0
7098,2838,47,1,31.94,0.05
7099,2838,103,3,299.32,0.05
7100,2839,94,2,121.02,0.0
7101,2839,75,2,181.68,0.1
7102,2839,90,2,100.08,0.0
7103,2840,91,3,94.87,0.05
7104,2841,53,2,55.82,0.1
7105,2841,96,3,124.74,0.0
7106,2841,68,3,86.11,0.0
7107,2842,42,3,58.5,0.1
7108,2843,25,2,101.45,0.1
7109,2843,37,3,36.6,0.05
7110,2844,41,2,45.79,0.1
7111,2845,1,3,1061.42,0.1
7112,2846,58,2,44.05,0.0
7113,2846,119,3,62.24,0.05
7114,2847,57,1,62.07,0.1
7115,2847,8,3,1131.13,0.05
7116,2847,15,3,1466.49,0.05
7117,2848,12,3,876.42,0.1
7118,2848,58,2,44.05,0.0
7119,2848,83,2,77.52,0.15
7120,2848,108,3,285.82,0.15
7121,2849,95,3,67.35,0.05
7122,2849,31,1,69.02,0.0
7123,2849,89,1,55.64,0.1
7124,2849,100,3,240.04,0.1
7125,2850,32,3,58.98,0.0
7126,2850,92,2,59.67,0.05
7127,2851,93,2,73.99,0.1
7128,2851,39,3,57.67,0.1
7129,2851,6,2,1247.26,0.05
7130,2852,60,2,31.57,0.15
7131,2852,3,2,1143.05,0.0
7132,2852,85,3,122.17,0.1
7133,2853,55,3,32.53,0.05
7134,2853,19,2,1303.76,0.0
7135,2853,84,3,189.75,0.05
7136,2854,101,1,403.43,0.15
7137,2854,95,3,67.35,0.0
7138,2854,105,3,321.26,0.0
7139,2854,9,1,1017.39,0.05
7140,2855,76,2,115.79,0.0
7141,2856,18,3,813.45,0.15
7142,2856,64,3,93.19,0.05
7143,2857,109,1,67.25,0.1
7144,2857,64,3,93.19,0.15
7145,2857,101,1,403.43,0.15
7146,2857,7,3,1081.5,0.05
7147,2858,40,2,52.28,0.05
7148,2858,56,3,23.54,0.1
7149,2858,4,3,1016.95,0.1
7150,2858,63,2,82.03,0.0
7151,2859,27,2,116.94,0.15
7152,2860,46,1,64.91,0.15
7153,2860,6,2,1247.26,0.0
7154,2861,82,3,113.87,0.0
7155,2861,61,3,73.16,0.05
7156,2861,25,3,101.45,0.0
7157,2861,47,2,31.94,0.15
7158,2862,64,1,93.19,0.1
7159,2862,58,3,44.05,0.1
7160,2862,78,3,198.38,0.1
7161,2863,97,1,308.18,0.0
7162,2863,16,1,1522.38,0.05
7163,2863,23,1,1138.4,0.15
7164,2863,45,2,58.26,0.15
7165,2864,74,1,179.47,0.15
7166,2865,28,3,89.14,0.0
7167,2866,6,3,1247.26,0.15
7168,2866,42,3,58.5,0.05
7169,2867,23,1,1138.4,0.0
7170,2867,55,1,32.53,0.1
7171,2867,89,3,55.64,0.15
7172,2868,72,2,111.1,0.05
7173,2868,21,2,1122.92,0.1
7174,2869,103,1,299.32,0.05
7175,2869,17,1,1005.58,0.15
7176,2870,102,1,188.19,0.1
7177,2871,41,2,45.79,0.15
7178,2872,59,2,28.01,0.05
7179,2873,39,2,57.67,0.05
7180,2873,83,2,77.52,0.05
7181,2874,110,3,31.39,0.05
7182,2875,94,1,121.02,0.15
7183,2876,24,1,1445.96,0.05
7184,2876,113,3,45.91,0.0
7185,2876,79,2,243.88,0.15
7186,2876,33,2,96.96,0.0
7187,2877,30,3,139.26,0.1
7188,2877,100,2,240.04,0.0
7189,2877,119,1,62.24,0.0
7190,2878,34,2,125.09,0.05
7191,2878,80,1,81.78,0.0
7192,2878,25,1,101.45,0.0
7193,2878,45,3,58.26,0.15
7194,2879,48,2,56.46,0.05
7195,2879,58,3,44.05,0.1
7196,2880,5,2,856.49,0.1
7197,2880,110,2,31.39,0.0
7198,2880,25,3,101.45,0.0
7199,2880,39,2,57.67,0.1
7200,2881,117,2,75.36,0.05
7201,2881,42,1,58.5,0.05
7202,2881,37,1,36.6,0.05
7203,2882,19,1,1303.76,0.1
7204,2882,85,1,122.17,0.15
7205,2883,30,2,139.26,0.0
7206,2883,36,3,67.29,0.1
7207,2883,50,2,52.38,0.15
7208,2884,102,1,188.19,0.0
7209,2885,44,1,59.87,0.1
7210,2885,18,3,813.45,0.0
7211,2886,82,2,113.87,0.15
7212,2886,14,1,929.55,0.15
7213,2886,63,3,82.03,0.0
7214,2887,68,3,86.11,0.1
7215,2888,56,2,23.54,0.0
7216,2888,51,1,53.62,0.1
7217,2889,71,3,69.64,0.0
7218,2889,15,3,1466.49,0.1
7219,2889,57,3,62.07,0.15
7220,2890,95,2,67.35,0.05
7221,2890,103,1,299.32,0.0
7222,2891,21,3,1122.92,0.1
7223,2891,74,3,179.47,0.0
7224,2891,75,2,181.68,0.0
7225,2892,89,3,55.64,0.05
7226,2892,91,3,94.87,0.0
7227,2892,51,2,53.62,0.05
7228,2893,107,1,315.32,0.0
7229,2894,7,3,1081.5,0.1
7230,2894,80,3,81.78,0.1
7231,2895,52,3,58.53,0.0
7232,2895,47,3,31.94,0.05
7233,2895,80,2,81.78,0.05
7234,2895,39,3,57.67,0.0
7235,2896,78,2,198.38,0.1
7236,2896,14,2,929.55,0.0
7237,2896,117,2,75.36,0.05
7238,2897,115,1,74.95,0.0
7239,2898,28,2,89.14,0.15
7240,2898,14,3,929.55,0.05
7241,2899,94,1,121.02,0.05
7242,2900,107,1,315.32,0.0
7243,2900,11,1,863.36,0.1
7244,2900,81,1,111.58,0.1
7245,2900,32,1,58.98,0.05
7246,2901,50,1,52.38,0.05
7247,2901,4,3,1016.95,0.15
7248,2901,40,3,52.28,0.15
7249,2901,99,3,181.09,0.15
7250,2902,63,1,82.03,0.15
7251,2902,111,3,99.29,0.1
7252,2902,18,1,813.45,0.1
7253,2902,10,3,783.62,0.0
7254,2903,110,3,31.39,0.15
7255,2903,10,1,783.62,0.1
7256,2903,3,2,1143.05,0.05
7257,2904,114,3,46.87,0.05
7258,2904,9,3,1017.39,0.05
7259,2904,56,2,23.54,0.15
7260,2905,29,3,144.47,0.0
7261,2905,72,3,111.1,0.05
7262,2906,100,2,240.04,0.15
7263,2906,107,3,315.32,0.0
7264,2907,46,2,64.91,0.05
7265,2907,116,1,92.44,0.1
7266,2908,87,3,104.67,0.05
7267,2908,11,2,863.36,0.05
7268,2909,1,3,1061.42,0.0
7269,2909,105,2,321.26,0.15
7270,2909,61,2,73.16,0.0
7271,2910,26,2,114.37,0.15
7272,2910,101,3,403.43,0.15
7273,2910,45,1,58.26,0.0
7274,2910,59,1,28.01,0.0
7275,2911,71,2,69.64,0.1
7276,2911,36,3,67.29,0.05
7277,2911,95,1,67.35,0.1
7278,2912,91,3,94.87,0.1
7279,2912,5,3,856.49,0.0
7280,2913,85,2,122.17,0.0
7281,2913,89,3,55.64,0.0
7282,2914,14,2,929.55,0.05
7283,2914,87,2,104.67,0.1
7284,2914,30,3,139.26,0.0
7285,2915,31,1,69.02,0.05
7286,2915,64,1,93.19,0.1
7287,2915,114,1,46.87,0.15
7288,2915,118,3,70.37,0.15
7289,2916,114,3,46.87,0.05
7290,2916,106,1,342.73,0.0
7291,2917,46,2,64.91,0.15
7292,2917,111,3,99.29,0.1
7293,2918,57,2,62.07,0.15
7294,2918,96,1,124.74,0.15
7295,2919,31,1,69.02,0.15
7296,2919,14,1,929.55,0.05
7297,2920,101,2,403.43,0.0
7298,2920,75,1,181.68,0.05
7299,2920,114,3,46.87,0.0
7300,2921,92,1,59.67,0.0
7301,2921,12,1,876.42,0.0
7302,2921,87,3,104.67,0.05
7303,2922,58,1,44.05,0.05
7304,2923,69,3,114.57,0.05
7305,2923,58,1,44.05,0.0
7306,2923,83,2,77.52,0.15
7307,2923,102,1,188.19,0.05
7308,2924,86,1,110.76,0.05
7309,2924,64,2,93.19,0.1
7310,2924,33,1,96.96,0.0
7311,2925,104,1,175.21,0.1
7312,2926,15,1,1466.49,0.1
7313,2926,26,2,114.37,0.1
7314,2926,16,3,1522.38,0.15
7315,2927,88,3,109.47,0.05
7316,2927,17,3,1005.58,0.1
7317,2928,63,2,82.03,0.0
7318,2929,63,2,82.03,0.1
7319,2929,55,1,32.53,0.05
7320,2929,61,3,73.16,0.15
7321,2929,95,2,67.35,0.0
7322,2930,69,3,114.57,0.05
7323,2931,36,3,67.29,0.15
7324,2932,41,3,45.79,0.15
7325,2932,44,3,59.87,0.0
7326,2932,95,3,67.35,0.15
7327,2933,64,3,93.19,0.15
7328,2934,45,2,58.26,0.1
7329,2935,99,3,181.09,0.1
7330,2936,47,2,31.94,0.1
7331,2937,11,2,863.36,0.0
7332,2937,87,2,104.67,0.05
7333,2937,73,3,117.31,0.1
7334,2937,41,2,45.79,0.15
7335,2938,99,2,181.09,0.05
7336,2939,88,2,109.47,0.1
7337,2940,35,1,109.54,0.15
7338,2940,37,3,36.6,0.15
7339,2940,120,2,64.19,0.15
7340,2941,103,1,299.32,0.0
7341,2941,14,2,929.55,0.05
7342,2942,64,1,93.19,0.05
7343,2942,98,2,406.86,0.15
7344,2942,9,1,1017.39,0.15
7345,2943,115,2,74.95,0.0
7346,2944,62,2,99.59,0.1
7347,2944,11,1,863.36,0.15
7348,2944,67,1,48.23,0.1
7349,2944,54,2,20.73,0.15
7350,2945,61,1,73.16,0.0
7351,2945,11,3,863.36,0.15
7352,2945,15,2,1466.49,0.0
7353,2945,104,1,175.21,0.05
7354,2946,85,1,122.17,0.15
7355,2946,38,1,53.59,0.05
7356,2946,29,2,144.47,0.15
7357,2947,77,1,105.72,0.05
7358,2947,104,3,175.21,0.0
7359,2947,87,2,104.67,0.05
7360,2948,34,3,125.09,0.05
7361,2948,52,2,58.53,0.15
7362,2949,8,3,1131.13,0.15
7363,2949,12,2,876.42,0.05
7364,2950,89,2,55.64,0.0
7365,2950,49,3,53.79,0.0
7366,2950,105,1,321.26,0.15
7367,2951,8,1,1131.13,0.15
7368,2951,3,2,1143.05,0.05
7369,2951,32,3,58.98,0.05
7370,2951,35,2,109.54,0.15
7371,2952,27,2,116.94,0.0
7372,2952,49,3,53.79,0.05
7373,2952,18,1,813.45,0.0
7374,2953,15,3,1466.49,0.0
7375,2954,32,3,58.98,0.15
7376,2955,23,3,1138.4,0.1
7377,2955,10,2,783.62,0.05
7378,2956,96,2,124.74,0.05
7379,2956,97,3,308.18,0.1
7380,2957,107,2,315.32,0.0
7381,2958,35,2,109.54,0.0
7382,2958,95,3,67.35,0.1
7383,2958,19,2,1303.76,0.1
7384,2959,52,1,58.53,0.1
7385,2959,68,1,86.11,0.0
7386,2960,5,1,856.49,0.05
7387,2960,24,1,1445.96,0.1
7388,2960,103,3,299.32,0.1
7389,2961,86,3,110.76,0.1
7390,2961,95,3,67.35,0.05
7391,2962,41,3,45.79,0.0
7392,2962,6,3,1247.26,0.15
7393,2962,112,1,66.68,0.1
7394,2962,64,2,93.19,0.1
7395,2963,64,2,93.19,0.1
7396,2963,63,3,82.03,0.15
7397,2963,62,2,99.59,0.05
7398,2963,33,1,96.96,0.1
7399,2964,50,3,52.38,0.05
7400,2965,47,2,31.94,0.15
7401,2965,104,3,175.21,0.05
7402,2965,103,3,299.32,0.1
7403,2965,27,3,116.94,0.1
7404,2966,3,2,1143.05,0.0
7405,2967,94,2,121.02,0.0
7406,2967,26,1,114.37,0.15
7407,2967,78,1,198.38,0.05
7408,2968,73,2,117.31,0.0
7409,2968,19,3,1303.76,0.15
7410,2968,51,2,53.62,0.05
7411,2968,18,1,813.45,0.15
7412,2969,96,3,124.74,0.1
7413,2969,88,1,109.47,0.1
7414,2970,20,1,1272.89,0.15
7415,2970,88,1,109.47,0.15
7416,2970,119,3,62.24,0.1
7417,2971,78,2,198.38,0.1
7418,2971,90,2,100.08,0.0
7419,2971,96,1,124.74,0.15
7420,2972,88,3,109.47,0.05
7421,2972,94,2,121.02,0.0
7422,2972,111,3,99.29,0.05
7423,2973,116,1,92.44,0.05
7424,2973,4,2,1016.95,0.05
7425,2973,21,2,1122.92,0.15
7426,2974,91,3,94.87,0.1
7427,2974,4,1,1016.95,0.1
7428,2974,99,3,181.09,0.15
7429,2975,71,1,69.64,0.0
7430,2975,49,1,53.79,0.0
7431,2976,69,3,114.57,0.05
7432,2976,92,1,59.67,0.15
7433,2977,22,3,845.9,0.05
7434,2977,102,2,188.19,0.15
7435,2977,120,2,64.19,0.15
7436,2978,90,1,100.08,0.15
7437,2978,34,1,125.09,0.05
7438,2978,28,3,89.14,0.15
7439,2979,11,2,863.36,0.0
7440,2979,106,1,342.73,0.0
7441,2980,9,1,1017.39,0.1
7442,2980,33,3,96.96,0.15
7443,2981,28,1,89.14,0.1
7444,2981,112,2,66.68,0.15
7445,2981,64,1,93.19,0.0
7446,2982,9,2,1017.39,0.05
7447,2982,72,1,111.1,0.1
7448,2983,60,1,31.57,0.0
7449,2983,58,1,44.05,0.15
7450,2984,67,1,48.23,0.15
7451,2984,44,3,59.87,0.1
7452,2984,7,3,1081.5,0.0
7453,2985,78,1,198.38,0.15
7454,2986,11,1,863.36,0.1
7455,2986,112,2,66.68,0.05
7456,2986,21,1,1122.92,0.1
7457,2986,97,3,308.18,0.15
7458,2987,104,3,175.21,0.15
7459,2987,80,2,81.78,0.0
7460,2987,117,2,75.36,0.1
7461,2988,26,3,114.37,0.0
7462,2988,2,2,1276.88,0.0
7463,2989,22,3,845.9,0.1
7464,2990,57,3,62.07,0.15
7465,2991,42,2,58.5,0.0
7466,2991,44,3,59.87,0.1
7467,2991,88,3,109.47,0.0
7468,2991,70,2,54.65,0.1
7469,2992,23,2,1138.4,0.1
7470,2992,116,3,92.44,0.15
7471,2992,32,1,58.98,0.15
7472,2992,51,1,53.62,0.15
7473,2993,99,1,181.09,0.1
7474,2993,89,1,55.64,0.1
7475,2993,18,3,813.45,0.1
7476,2994,19,2,1303.76,0.1
7477,2994,14,3,929.55,0.05
7478,2994,63,2,82.03,0.05
7479,2994,113,3,45.91,0.1
7480,2995,58,3,44.05,0.15
7481,2995,33,3,96.96,0.1
7482,2995,5,3,856.49,0.1
7483,2995,57,2,62.07,0.1
7484,2996,59,2,28.01,0.0
7485,2996,83,3,77.52,0.15
7486,2996,20,3,1272.89,0.05
7487,2996,55,3,32.53,0.15
7488,2997,21,2,1122.92,0.05
7489,2998,119,2,62.24,0.05
7490,2998,115,2,74.95,0.0
7491,2999,81,2,111.58,0.0
7492,2999,76,3,115.79,0.15
7493,2999,26,2,114.37,0.15
7494,2999,50,3,52.38,0.05
7495,3000,107,1,315.32,0.05
7496,3001,16,2,1522.38,0.05
7497,3001,19,1,1303.76,0.05
7498,3001,47,1,31.94,0.0
7499,3001,50,1,52.38,0.1
7500,3002,101,2,403.43,0.05
7501,3002,76,1,115.79,0.1
7502,3002,15,1,1466.49,0.1
7503,3003,113,2,45.91,0.15
7504,3004,4,2,1016.95,0.0
7505,3004,26,1,114.37,0.15
7506,3005,56,3,23.54,0.1
7507,3005,94,3,121.02,0.15
7508,3005,120,3,64.19,0.15
7509,3006,6,2,1247.26,0.0
7510,3006,4,2,1016.95,0.05
7511,3006,64,1,93.19,0.15
7512,3006,35,1,109.54,0.0
7513,3007,40,2,52.28,0.15
7514,3007,115,1,74.95,0.15
7515,3007,37,1,36.6,0.15
7516,3007,26,2,114.37,0.05
7517,3008,103,3,299.32,0.1
7518,3008,39,2,57.67,0.1
7519,3008,107,3,315.32,0.15
7520,3008,1,2,1061.42,0.0
7521,3009,40,2,52.28,0.1
7522,3009,9,1,1017.39,0.0
7523,3009,36,2,67.29,0.0
7524,3009,22,3,845.9,0.15
7525,3010,11,1,863.36,0.05
7526,3010,82,1,113.87,0.05
7527,3011,2,2,1276.88,0.0
7528,3012,38,3,53.59,0.1
7529,3013,119,2,62.24,0.1
7530,3013,102,1,188.19,0.15
7531,3013,62,3,99.59,0.15
7532,3013,10,2,783.62,0.0
7533,3014,74,1,179.47,0.15
7534,3014,11,3,863.36,0.1
7535,3015,97,2,308.18,0.15
7536,3015,105,3,321.26,0.15
7537,3015,52,2,58.53,0.15
7538,3015,120,2,64.19,0.15
7539,3016,65,3,94.35,0.1
7540,3017,119,2,62.24,0.1
7541,3017,24,1,1445.96,0.1
7542,3017,10,3,783.62,0.15
7543,3018,60,2,31.57,0.1
7544,3018,47,1,31.94,0.05
7545,3019,89,3,55.64,0.05
7546,3019,6,3,1247.26,0.15
7547,3019,54,3,20.73,0.05
7548,3020,49,2,53.79,0.05
7549,3021,32,1,58.98,0.0
7550,3022,73,1,117.31,0.05
7551,3022,106,1,342.73,0.0
7552,3023,86,2,110.76,0.1
7553,3023,3,3,1143.05,0.1
7554,3023,52,2,58.53,0.15
7555,3024,20,1,1272.89,0.1
7556,3024,73,1,117.31,0.1
7557,3024,51,1,53.62,0.15
7558,3025,41,2,45.79,0.05
7559,3025,10,3,783.62,0.15
7560,3026,55,1,32.53,0.05
7561,3026,117,3,75.36,0.1
7562,3026,80,3,81.78,0.15
7563,3026,56,3,23.54,0.1
7564,3027,42,2,58.5,0.0
7565,3027,88,3,109.47,0.0
7566,3028,120,2,64.19,0.15
7567,3028,78,3,198.38,0.05
7568,3028,40,3,52.28,0.05
7569,3028,82,2,113.87,0.1
7570,3029,63,3,82.03,0.15
7571,3030,12,1,876.42,0.05
7572,3031,87,3,104.67,0.1
7573,3032,21,1,1122.92,0.1
7574,3032,13,3,1416.4,0.0
7575,3032,118,3,70.37,0.0
7576,3032,17,3,1005.58,0.1
7577,3033,105,2,321.26,0.05
7578,3033,93,1,73.99,0.0
7579,3033,35,1,109.54,0.15
7580,3034,78,3,198.38,0.1
7581,3034,28,1,89.14,0.05
7582,3035,31,1,69.02,0.1
7583,3035,87,1,104.67,0.05
7584,3035,69,1,114.57,0.15
7585,3036,115,1,74.95,0.1
7586,3036,21,3,1122.92,0.1
7587,3036,8,1,1131.13,0.1
7588,3037,95,1,67.35,0.05
7589,3037,111,3,99.29,0.0
7590,3038,39,1,57.67,0.0
7591,3039,13,1,1416.4,0.1
7592,3039,86,3,110.76,0.05
7593,3039,72,1,111.1,0.15
7594,3039,23,2,1138.4,0.05
7595,3040,51,2,53.62,0.1
7596,3040,9,2,1017.39,0.05
7597,3040,57,2,62.07,0.1
7598,3040,17,2,1005.58,0.0
7599,3041,53,3,55.82,0.05
7600,3041,55,3,32.53,0.05
7601,3041,14,3,929.55,0.05
7602,3041,44,3,59.87,0.1
7603,3042,45,1,58.26,0.0
7604,3043,82,3,113.87,0.0
7605,3043,32,2,58.98,0.05
7606,3044,65,2,94.35,0.15
7607,3044,24,2,1445.96,0.05
7608,3044,115,1,74.95,0.0
7609,3045,58,1,44.05,0.0
7610,3045,118,1,70.37,0.15
7611,3046,41,1,45.79,0.1
7612,3046,60,1,31.57,0.0
7613,3046,86,3,110.76,0.0
7614,3047,107,3,315.32,0.15
7615,3048,107,2,315.32,0.1
7616,3048,33,1,96.96,0.15
7617,3048,25,2,101.45,0.1
7618,3049,76,1,115.79,0.0
7619,3049,12,3,876.42,0.0
7620,3049,33,2,96.96,0.05
7621,3049,19,1,1303.76,0.15
7622,3050,60,1,31.57,0.15
7623,3050,66,3,106.71,0.1
7624,3051,25,2,101.45,0.05
7625,3051,70,1,54.65,0.0
7626,3052,28,3,89.14,0.15
7627,3052,82,3,113.87,0.15
7628,3052,18,2,813.45,0.1
7629,3052,44,2,59.87,0.15
7630,3053,71,2,69.64,0.15
7631,3053,85,3,122.17,0.0
7632,3054,29,3,144.47,0.1
7633,3054,24,2,1445.96,0.1
7634,3055,43,2,30.23,0.15
7635,3056,27,3,116.94,0.1
7636,3056,41,1,45.79,0.15
7637,3056,97,2,308.18,0.15
7638,3056,9,2,1017.39,0.1
7639,3057,101,3,403.43,0.05
7640,3058,95,3,67.35,0.05
7641,3058,35,1,109.54,0.0
7642,3058,67,3,48.23,0.05
7643,3058,33,1,96.96,0.05
7644,3059,118,3,70.37,0.05
7645,3059,76,2,115.79,0.05
7646,3059,82,1,113.87,0.15
7647,3059,48,2,56.46,0.15
7648,3060,40,3,52.28,0.15
7649,3060,28,1,89.14,0.0
7650,3060,8,1,1131.13,0.15
7651,3060,24,1,1445.96,0.05
7652,3061,47,1,31.94,0.1
7653,3061,82,3,113.87,0.05
7654,3062,12,3,876.42,0.1
7655,3063,59,2,28.01,0.1
7656,3064,69,3,114.57,0.1
7657,3064,120,2,64.19,0.15
7658,3064,28,2,89.14,0.0
7659,3064,85,1,122.17,0.15
7660,3065,49,3,53.79,0.05
7661,3065,78,2,198.38,0.0
7662,3065,40,3,52.28,0.1
7663,3065,89,1,55.64,0.15
7664,3066,68,2,86.11,0.1
7665,3067,74,1,179.47,0.15
7666,3067,62,2,99.59,0.05
7667,3068,63,3,82.03,0.1
7668,3068,32,3,58.98,0.15
7669,3069,60,3,31.57,0.05
7670,3069,23,2,1138.4,0.1
7671,3069,25,2,101.45,0.15
7672,3070,77,2,105.72,0.0
7673,3070,94,3,121.02,0.0
7674,3070,96,2,124.74,0.15
7675,3071,79,3,243.88,0.1
7676,3071,22,1,845.9,0.05
7677,3071,35,3,109.54,0.1
7678,3071,33,1,96.96,0.15
7679,3072,35,3,109.54,0.05
7680,3072,7,3,1081.5,0.05
7681,3072,109,1,67.25,0.05
7682,3073,35,2,109.54,0.0
7683,3073,61,1,73.16,0.05
7684,3074,81,3,111.58,0.0
7685,3074,79,1,243.88,0.05
7686,3075,13,2,1416.4,0.05
7687,3075,65,1,94.35,0.0
7688,3076,28,1,89.14,0.05
7689,3076,10,2,783.62,0.05
7690,3077,11,2,863.36,0.0
7691,3077,22,1,845.9,0.05
7692,3078,24,1,1445.96,0.1
7693,3078,5,3,856.49,0.0
7694,3078,107,1,315.32,0.0
7695,3078,15,3,1466.49,0.15
7696,3079,1,3,1061.42,0.0
7697,3080,60,2,31.57,0.1
7698,3081,109,1,67.25,0.1
7699,3081,40,1,52.28,0.15
7700,3081,68,1,86.11,0.1
7701,3082,56,1,23.54,0.15
7702,3082,80,3,81.78,0.0
7703,3082,15,3,1466.49,0.15
7704,3083,116,2,92.44,0.0
7705,3083,5,1,856.49,0.05
7706,3084,23,1,1138.4,0.05
7707,3085,23,3,1138.4,0.0
7708,3085,34,3,125.09,0.05
7709,3086,92,2,59.67,0.05
7710,3086,58,2,44.05,0.05
7711,3087,13,2,1416.4,0.15
7712,3088,22,2,845.9,0.15
7713,3088,114,3,46.87,0.0
7714,3089,65,2,94.35,0.15
7715,3089,15,3,1466.49,0.05
7716,3089,103,3,299.32,0.0
7717,3089,56,1,23.54,0.1
7718,3090,97,2,308.18,0.05
7719,3090,22,1,845.9,0.05
7720,3090,56,1,23.54,0.0
7721,3091,27,1,116.94,0.1
7722,3091,83,3,77.52,0.0
7723,3091,110,2,31.39,0.05
7724,3092,8,3,1131.13,0.1
7725,3093,68,2,86.11,0.1
7726,3094,58,2,44.05,0.1
7727,3094,8,2,1131.13,0.15
7728,3094,30,3,139.26,0.15
7729,3094,101,1,403.43,0.0
7730,3095,85,1,122.17,0.1
7731,3095,38,3,53.59,0.05
7732,3095,107,2,315.32,0.1
7733,3096,22,2,845.9,0.05
7734,3096,59,3,28.01,0.05
7735,3096,83,3,77.52,0.05
7736,3096,77,3,105.72,0.0
7737,3097,17,2,1005.58,0.0
7738,3097,2,1,1276.88,0.05
7739,3098,115,3,74.95,0.0
7740,3098,26,1,114.37,0.0
7741,3098,109,2,67.25,0.0
7742,3098,50,1,52.38,0.1
7743,3099,82,2,113.87,0.0
7744,3099,92,3,59.67,0.0
7745,3099,107,2,315.32,0.0
7746,3099,35,3,109.54,0.15
7747,3100,73,3,117.31,0.15
7748,3100,56,1,23.54,0.0
7749,3100,117,1,75.36,0.1
7750,3100,66,1,106.71,0.15
7751,3101,32,3,58.98,0.0
7752,3102,106,3,342.73,0.15
7753,3102,117,2,75.36,0.15
7754,3102,43,2,30.23,0.15
7755,3103,17,2,1005.58,0.0
7756,3103,35,1,109.54,0.15
7757,3103,73,1,117.31,0.05
7758,3104,120,2,64.19,0.15
7759,3105,33,3,96.96,0.1
7760,3106,57,3,62.07,0.05
7761,3106,59,2,28.01,0.05
7762,3107,69,3,114.57,0.15
7763,3107,35,1,109.54,0.1
7764,3108,28,3,89.14,0.1
7765,3108,81,3,111.58,0.15
7766,3109,115,3,74.95,0.05
7767,3110,99,3,181.09,0.1
7768,3110,50,2,52.38,0.05
7769,3110,37,3,36.6,0.15
7770,3111,102,3,188.19,0.05
7771,3111,87,3,104.67,0.0
7772,3111,45,3,58.26,0.15
7773,3111,17,3,1005.58,0.15
7774,3112,32,1,58.98,0.1
7775,3112,43,1,30.23,0.15
7776,3112,111,3,99.29,0.05
7777,3112,29,1,144.47,0.0
7778,3113,15,2,1466.49,0.05
7779,3114,113,1,45.91,0.15
7780,3114,89,1,55.64,0.15
7781,3114,44,1,59.87,0.15
7782,3115,5,2,856.49,0.1
7783,3115,37,3,36.6,0.0
7784,3115,36,3,67.29,0.1
7785,3115,35,1,109.54,0.1
7786,3116,60,2,31.57,0.1
7787,3117,22,1,845.9,0.1
7788,3117,98,1,406.86,0.1
7789,3117,105,2,321.26,0.05
7790,3118,16,2,1522.38,0.1
7791,3119,85,1,122.17,0.15
7792,3119,50,1,52.38,0.1
7793,3119,37,2,36.6,0.05
7794,3120,48,1,56.46,0.1
7795,3120,98,1,406.86,0.0
7796,3120,83,1,77.52,0.15
7797,3120,73,2,117.31,0.0
7798,3121,110,2,31.39,0.05
7799,3121,36,3,67.29,0.05
7800,3122,34,3,125.09,0.05
7801,3122,42,1,58.5,0.0
7802,3123,116,2,92.44,0.15
7803,3123,31,1,69.02,0.1
7804,3123,96,1,124.74,0.0
7805,3124,55,2,32.53,0.15
7806,3125,32,2,58.98,0.0
7807,3125,96,1,124.74,0.0
7808,3125,58,3,44.05,0.15
7809,3125,117,3,75.36,0.0
7810,3126,57,3,62.07,0.0
7811,3126,11,1,863.36,0.0
7812,3126,45,1,58.26,0.1
7813,3127,54,1,20.73,0.0
7814,3128,22,3,845.9,0.15
7815,3128,72,3,111.1,0.05
7816,3128,119,3,62.24,0.05
7817,3128,104,1,175.21,0.05
7818,3129,96,3,124.74,0.1
7819,3129,90,1,100.08,0.1
7820,3129,79,1,243.88,0.15
7821,3130,65,1,94.35,0.0
7822,3130,113,3,45.91,0.0
7823,3130,34,2,125.09,0.0
7824,3130,21,2,1122.92,0.1
7825,3131,29,1,144.47,0.15
7826,3131,108,1,285.82,0.1
7827,3131,63,3,82.03,0.1
7828,3131,22,1,845.9,0.1
7829,3132,28,3,89.14,0.05
7830,3132,115,3,74.95,0.05
7831,3132,97,1,308.18,0.1
7832,3132,63,2,82.03,0.15
7833,3133,50,2,52.38,0.0
7834,3133,57,2,62.07,0.1
7835,3134,94,1,121.02,0.1
7836,3134,87,1,104.67,0.1
7837,3134,69,1,114.57,0.0
7838,3135,68,3,86.11,0.15
7839,3135,46,3,64.91,0.15
7840,3136,28,2,89.14,0.15
7841,3136,46,1,64.91,0.15
7842,3136,40,2,52.28,0.0
7843,3136,87,1,104.67,0.0
7844,3137,22,2,845.9,0.1
7845,3137,85,1,122.17,0.0
7846,3137,18,1,813.45,0.1
7847,3137,49,2,53.79,0.1
7848,3138,42,2,58.5,0.05
7849,3138,52,2,58.53,0.05
7850,3139,98,1,406.86,0.15
7851,3139,94,3,121.02,0.15
7852,3139,76,3,115.79,0.1
7853,3139,43,2,30.23,0.15
7854,3140,94,1,121.02,0.1
7855,3140,118,1,70.37,0.05
7856,3140,96,1,124.74,0.1
7857,3141,11,3,863.36,0.15
7858,3142,76,1,115.79,0.1
7859,3142,97,3,308.18,0.15
7860,3142,82,2,113.87,0.05
7861,3142,117,1,75.36,0.15
7862,3143,19,1,1303.76,0.05
7863,3144,72,2,111.1,0.0
7864,3145,37,2,36.6,0.1
7865,3145,19,2,1303.76,0.1
7866,3146,87,2,104.67,0.15
7867,3146,78,3,198.38,0.05
7868,3147,40,1,52.28,0.15
7869,3148,19,1,1303.76,0.05
7870,3148,3,2,1143.05,0.15
7871,3148,51,1,53.62,0.0
7872,3149,67,3,48.23,0.15
7873,3149,23,2,1138.4,0.05
7874,3150,92,3,59.67,0.0
7875,3151,7,3,1081.5,0.05
7876,3151,32,1,58.98,0.1
7877,3151,26,2,114.37,0.1
7878,3151,107,1,315.32,0.1
7879,3152,7,1,1081.5,0.05
7880,3152,86,1,110.76,0.05
7881,3152,24,2,1445.96,0.0
7882,3152,87,3,104.67,0.05
7883,3153,63,2,82.03,0.15
7884,3153,93,2,73.99,0.15
7885,3153,120,1,64.19,0.15
7886,3153,53,2,55.82,0.15
7887,3154,80,1,81.78,0.1
7888,3154,114,3,46.87,0.0
7889,3154,8,3,1131.13,0.1
7890,3155,14,1,929.55,0.05
7891,3156,27,1,116.94,0.05
7892,3156,31,1,69.02,0.05
7893,3156,106,1,342.73,0.0
7894,3157,40,3,52.28,0.1
7895,3158,19,2,1303.76,0.1
7896,3159,2,3,1276.88,0.0
7897,3159,50,2,52.38,0.0
7898,3159,57,3,62.07,0.1
7899,3159,37,2,36.6,0.15
7900,3160,37,2,36.6,0.05
7901,3160,72,2,111.1,0.15
7902,3160,32,1,58.98,0.0
7903,3160,95,1,67.35,0.1
7904,3161,118,1,70.37,0.05
7905,3161,22,1,845.9,0.1
7906,3161,45,3,58.26,0.05
7907,3161,86,2,110.76,0.15
7908,3162,68,3,86.11,0.0
7909,3162,99,3,181.09,0.1
7910,3162,72,3,111.1,0.1
7911,3163,96,3,124.74,0.1
7912,3164,39,2,57.67,0.05
7913,3164,56,1,23.54,0.0
7914,3164,33,1,96.96,0.1
7915,3165,113,3,45.91,0.15
7916,3165,110,2,31.39,0.1
7917,3166,65,3,94.35,0.15
7918,3167,16,3,1522.38,0.1
7919,3168,55,1,32.53,0.1
7920,3168,63,1,82.03,0.05
7921,3169,60,2,31.57,0.0
7922,3170,6,2,1247.26,0.0
7923,3170,87,1,104.67,0.1
7924,3170,32,1,58.98,0.15
7925,3170,14,3,929.55,0.05
7926,3171,108,2,285.82,0.1
7927,3171,23,3,1138.4,0.05
7928,3171,63,3,82.03,0.05
7929,3172,88,1,109.47,0.1
7930,3172,116,3,92.44,0.0
7931,3172,65,2,94.35,0.15
7932,3172,44,3,59.87,0.0
7933,3173,47,3,31.94,0.15
7934,3173,107,1,315.32,0.15
7935,3173,54,2,20.73,0.1
7936,3174,50,2,52.38,0.0
7937,3174,33,2,96.96,0.1
7938,3175,29,1,144.47,0.1
7939,3176,120,1,64.19,0.1
7940,3176,10,2,783.62,0.15
7941,3176,66,1,106.71,0.05
7942,3177,116,3,92.44,0.1
7943,3177,73,3,117.31,0.15
7944,3177,58,3,44.05,0.15
7945,3177,109,3,67.25,0.1
7946,3178,95,2,67.35,0.05
7947,3178,26,1,114.37,0.1
7948,3178,11,1,863.36,0.15
7949,3178,74,3,179.47,0.0
7950,3179,24,2,1445.96,0.0
7951,3179,98,2,406.86,0.1
7952,3180,62,2,99.59,0.0
7953,3180,37,1,36.6,0.15
7954,3181,74,3,179.47,0.15
7955,3182,86,2,110.76,0.0
7956,3182,45,2,58.26,0.05
7957,3182,29,1,144.47,0.05
7958,3183,27,2,116.94,0.15
7959,3183,83,2,77.52,0.15
7960,3183,95,3,67.35,0.1
7961,3183,46,1,64.91,0.1
7962,3184,108,3,285.82,0.0
7963,3185,28,1,89.14,0.1
7964,3186,27,1,116.94,0.05
7965,3186,96,2,124.74,0.15
7966,3186,102,1,188.19,0.0
7967,3186,42,3,58.5,0.05
7968,3187,88,2,109.47,0.1
7969,3188,26,3,114.37,0.0
7970,3188,118,3,70.37,0.0
7971,3188,84,1,189.75,0.05
7972,3189,104,1,175.21,0.15
7973,3190,62,1,99.59,0.05
7974,3190,23,1,1138.4,0.15
7975,3190,65,2,94.35,0.1
7976,3191,79,3,243.88,0.1
7977,3191,7,1,1081.5,0.05
7978,3191,92,2,59.67,0.1
7979,3191,23,1,1138.4,0.1
7980,3192,91,3,94.87,0.1
7981,3192,33,1,96.96,0.15
7982,3193,7,3,1081.5,0.05
7983,3193,105,1,321.26,0.1
7984,3193,104,2,175.21,0.15
7985,3194,43,3,30.23,0.1
7986,3194,20,3,1272.89,0.0
7987,3194,37,3,36.6,0.1
7988,3194,109,1,67.25,0.05
7989,3195,42,1,58.5,0.1
7990,3196,32,2,58.98,0.0
7991,3197,18,1,813.45,0.05
7992,3197,66,3,106.71,0.15
7993,3197,116,1,92.44,0.1
7994,3198,114,1,46.87,0.1
7995,3199,95,2,67.35,0.15
7996,3199,110,2,31.39,0.15
7997,3199,41,1,45.79,0.05
7998,3200,91,3,94.87,0.0
7999,3201,66,3,106.71,0.1
8000,3201,25,3,101.45,0.05
8001,3201,19,2,1303.76,0.0
8002,3201,27,1,116.94,0.1
8003,3202,14,3,929.55,0.05
8004,3202,72,2,111.1,0.0
8005,3202,100,3,240.04,0.15
8006,3202,42,3,58.5,0.0
8007,3203,116,1,92.44,0.05
8008,3204,51,1,53.62,0.15
8009,3204,110,1,31.39,0.0
8010,3204,62,1,99.59,0.15
8011,3204,55,1,32.53,0.1
8012,3205,47,2,31.94,0.0
8013,3205,54,3,20.73,0.0
8014,3205,62,2,99.59,0.15
8015,3205,1,3,1061.42,0.1
8016,3206,76,2,115.79,0.15
8017,3206,53,1,55.82,0.1
8018,3207,10,2,783.62,0.0
8019,3207,51,3,53.62,0.1
8020,3208,96,1,124.74,0.1
8021,3208,31,3,69.02,0.15
8022,3208,92,3,59.67,0.0
8023,3208,85,1,122.17,0.05
8024,3209,55,2,32.53,0.05
8025,3209,108,2,285.82,0.1
8026,3210,73,2,117.31,0.0
8027,3211,16,2,1522.38,0.0
8028,3211,107,1,315.32,0.0
8029,3211,41,1,45.79,0.0
8030,3211,78,1,198.38,0.15
8031,3212,51,3,53.62,0.05
8032,3212,57,3,62.07,0.1
8033,3212,118,3,70.37,0.15
8034,3213,105,3,321.26,0.0
8035,3213,74,3,179.47,0.1
8036,3214,74,1,179.47,0.05
8037,3214,49,1,53.79,0.0
8038,3214,64,1,93.19,0.0
8039,3215,84,1,189.75,0.1
8040,3215,102,3,188.19,0.0
8041,3215,91,1,94.87,0.0
8042,3216,74,2,179.47,0.05
8043,3217,80,1,81.78,0.05
8044,3217,95,1,67.35,0.05
8045,3217,106,3,342.73,0.15
8046,3217,76,3,115.79,0.15
8047,3218,107,3,315.32,0.1
8048,3218,22,1,845.9,0.05
8049,3218,108,2,285.82,0.0
8050,3218,94,3,121.02,0.05
8051,3219,38,3,53.59,0.05
8052,3219,86,1,110.76,0.0
8053,3219,90,3,100.08,0.05
8054,3220,82,3,113.87,0.15
8055,3220,80,3,81.78,0.0
8056,3221,113,2,45.91,0.0
8057,3221,1,2,1061.42,0.1
8058,3222,106,1,342.73,0.0
8059,3222,111,2,99.29,0.15
8060,3223,108,3,285.82,0.05
8061,3223,58,3,44.05,0.05
8062,3223,64,1,93.19,0.05
8063,3223,10,1,783.62,0.05
8064,3224,65,1,94.35,0.05
8065,3224,80,3,81.78,0.0
8066,3224,97,1,308.18,0.15
8067,3225,15,1,1466.49,0.1
8068,3225,77,3,105.72,0.15
8069,3225,112,3,66.68,0.05
8070,3225,83,2,77.52,0.1
8071,3226,37,2,36.6,0.1
8072,3226,74,3,179.47,0.1
8073,3226,108,1,285.82,0.1
8074,3226,54,2,20.73,0.05
8075,3227,104,3,175.21,0.05
8076,3227,39,2,57.67,0.05
8077,3227,87,3,104.67,0.15
8078,3228,14,1,929.55,0.0
8079,3228,98,2,406.86,0.15
8080,3228,119,2,62.24,0.05
8081,3229,55,2,32.53,0.0
8082,3229,37,3,36.6,0.1
8083,3229,95,1,67.35,0.15
8084,3229,54,3,20.73,0.0
8085,3230,111,3,99.29,0.05
8086,3231,98,2,406.86,0.15
8087,3231,63,1,82.03,0.05
8088,3232,26,1,114.37,0.05
8089,3232,89,1,55.64,0.1
8090,3232,31,3,69.02,0.1
8091,3232,110,1,31.39,0.1
8092,3233,111,2,99.29,0.15
8093,3233,113,3,45.91,0.05
8094,3233,112,2,66.68,0.05
8095,3234,35,3,109.54,0.05
8096,3234,87,2,104.67,0.0
8097,3235,99,3,181.09,0.15
8098,3235,21,3,1122.92,0.15
8099,3235,92,3,59.67,0.1
8100,3235,119,2,62.24,0.15
8101,3236,27,3,116.94,0.1
8102,3237,53,1,55.82,0.05
8103,3237,68,1,86.11,0.05
8104,3238,99,3,181.09,0.05
8105,3239,111,2,99.29,0.05
8106,3240,117,3,75.36,0.1
8107,3241,41,3,45.79,0.05
8108,3241,69,1,114.57,0.1
8109,3242,4,1,1016.95,0.05
8110,3242,26,2,114.37,0.15
8111,3243,40,2,52.28,0.15
8112,3244,84,1,189.75,0.1
8113,3244,18,1,813.45,0.15
8114,3244,12,1,876.42,0.15
8115,3244,25,3,101.45,0.1
8116,3245,50,3,52.38,0.05
8117,3245,7,1,1081.5,0.0
8118,3245,88,3,109.47,0.05
8119,3245,68,2,86.11,0.15
8120,3246,51,1,53.62,0.15
8121,3246,27,1,116.94,0.05
8122,3247,61,1,73.16,0.15
8123,3248,90,2,100.08,0.1
8124,3248,114,3,46.87,0.0
8125,3249,74,1,179.47,0.15
8126,3249,11,1,863.36,0.1
8127,3249,81,3,111.58,0.05
8128,3250,50,2,52.38,0.05
8129,3251,68,2,86.11,0.1
8130,3251,36,2,67.29,0.0
8131,3252,59,2,28.01,0.05
8132,3252,79,1,243.88,0.1
8133,3252,117,1,75.36,0.0
8134,3253,5,2,856.49,0.15
8135,3254,111,1,99.29,0.1
8136,3254,50,2,52.38,0.0
8137,3255,26,3,114.37,0.0
8138,3255,66,3,106.71,0.15
8139,3255,107,1,315.32,0.1
8140,3256,81,2,111.58,0.15
8141,3256,63,1,82.03,0.05
8142,3256,70,1,54.65,0.15
8143,3256,37,2,36.6,0.0
8144,3257,100,3,240.04,0.05
8145,3257,68,2,86.11,0.1
8146,3258,83,1,77.52,0.15
8147,3259,32,3,58.98,0.0
8148,3259,85,2,122.17,0.0
8149,3260,30,3,139.26,0.05
8150,3260,120,1,64.19,0.15
8151,3260,29,1,144.47,0.1
8152,3261,95,1,67.35,0.05
8153,3261,104,2,175.21,0.05
8154,3261,9,1,1017.39,0.0
8155,3262,7,3,1081.5,0.1
8156,3262,66,1,106.71,0.0
8157,3263,105,1,321.26,0.15
8158,3264,98,3,406.86,0.05
8159,3264,8,3,1131.13,0.05
8160,3264,62,2,99.59,0.0
8161,3265,32,3,58.98,0.05
8162,3266,105,3,321.26,0.05
8163,3266,20,3,1272.89,0.1
8164,3266,101,2,403.43,0.0
8165,3266,31,3,69.02,0.05
8166,3267,77,3,105.72,0.1
8167,3267,75,1,181.68,0.1
8168,3268,82,2,113.87,0.15
8169,3268,33,3,96.96,0.05
8170,3268,106,1,342.73,0.0
8171,3268,13,3,1416.4,0.1
8172,3269,120,2,64.19,0.0
8173,3269,86,2,110.76,0.0
8174,3269,66,2,106.71,0.0
8175,3270,14,3,929.55,0.0
8176,3270,8,2,1131.13,0.1
8177,3271,73,3,117.31,0.0
8178,3271,14,2,929.55,0.0
8179,3272,4,1,1016.95,0.1
8180,3273,43,1,30.23,0.15
8181,3273,87,2,104.67,0.1
8182,3273,120,3,64.19,0.15
8183,3273,63,2,82.03,0.15
8184,3274,94,2,121.02,0.1
8185,3274,8,1,1131.13,0.05
8186,3274,99,1,181.09,0.0
8187,3274,38,3,53.59,0.0
8188,3275,46,1,64.91,0.1
8189,3275,108,1,285.82,0.1
8190,3276,52,1,58.53,0.05
8191,3277,57,2,62.07,0.15
8192,3277,48,3,56.46,0.1
8193,3277,17,3,1005.58,0.0
8194,3277,89,1,55.64,0.0
8195,3278,59,2,28.01,0.05
8196,3279,44,2,59.87,0.15
8197,3279,32,2,58.98,0.05
8198,3280,80,2,81.78,0.05
8199,3280,98,3,406.86,0.1
8200,3281,25,3,101.45,0.15
8201,3281,24,1,1445.96,0.1
8202,3281,77,3,105.72,0.0
8203,3282,107,2,315.32,0.1
8204,3282,93,3,73.99,0.15
8205,3282,39,1,57.67,0.15
8206,3282,59,2,28.01,0.0
8207,3283,74,2,179.47,0.15
8208,3284,111,2,99.29,0.05
8209,3284,44,3,59.87,0.15
8210,3284,74,1,179.47,0.0
8211,3284,62,3,99.59,0.05
8212,3285,70,3,54.65,0.0
8213,3285,116,1,92.44,0.0
8214,3285,109,2,67.25,0.0
8215,3285,94,3,121.02,0.15
8216,3286,5,3,856.49,0.05
8217,3286,61,1,73.16,0.15
8218,3287,119,2,62.24,0.1
8219,3287,74,3,179.47,0.15
8220,3287,76,1,115.79,0.05
8221,3287,13,2,1416.4,0.05
8222,3288,69,2,114.57,0.15
8223,3288,110,2,31.39,0.0
8224,3288,43,1,30.23,0.15
8225,3289,71,1,69.64,0.0
8226,3290,117,2,75.36,0.0
8227,3290,84,3,189.75,0.15
8228,3290,22,1,845.9,0.1
8229,3291,113,2,45.91,0.05
8230,3291,48,1,56.46,0.1
8231,3291,25,1,101.45,0.15
8232,3292,73,1,117.31,0.15
8233,3292,52,1,58.53,0.15
8234,3292,64,3,93.19,0.1
8235,3293,35,3,109.54,0.1
8236,3294,5,2,856.49,0.15
8237,3294,101,1,403.43,0.05
8238,3294,57,1,62.07,0.0
8239,3295,57,3,62.07,0.15
8240,3296,23,3,1138.4,0.1
8241,3296,94,3,121.02,0.1
8242,3297,76,3,115.79,0.05
8243,3297,92,2,59.67,0.0
8244,3297,63,3,82.03,0.15
8245,3298,36,2,67.29,0.15
8246,3298,58,3,44.05,0.05
8247,3298,94,3,121.02,0.15
8248,3299,25,3,101.45,0.05
8249,3299,76,2,115.79,0.0
8250,3299,96,2,124.74,0.15
8251,3300,1,2,1061.42,0.1
8252,3300,99,1,181.09,0.0
8253,3300,82,2,113.87,0.0
8254,3300,14,1,929.55,0.1
8255,3301,16,1,1522.38,0.15
8256,3301,26,3,114.37,0.15
8257,3301,116,2,92.44,0.15
8258,3302,57,1,62.07,0.05
8259,3303,14,3,929.55,0.1
8260,3303,57,1,62.07,0.15
8261,3303,56,2,23.54,0.05
8262,3303,28,3,89.14,0.15
8263,3304,89,2,55.64,0.05
8264,3305,51,1,53.62,0.15
8265,3305,18,1,813.45,0.05
8266,3305,120,3,64.19,0.1
8267,3305,111,2,99.29,0.05
8268,3306,74,2,179.47,0.1
8269,3306,9,2,1017.39,0.1
8270,3307,50,3,52.38,0.05
8271,3307,104,3,175.21,0.0
8272,3307,60,3,31.57,0.05
8273,3308,41,3,45.79,0.1
8274,3309,31,2,69.02,0.0
8275,3310,102,3,188.19,0.0
8276,3310,99,3,181.09,0.15
8277,3311,37,2,36.6,0.05
8278,3311,84,3,189.75,0.05
8279,3311,1,2,1061.42,0.05
8280,3312,29,1,144.47,0.15
8281,3312,43,1,30.23,0.15
8282,3312,90,3,100.08,0.0
8283,3313,43,2,30.23,0.05
8284,3314,110,3,31.39,0.15
8285,3314,72,2,111.1,0.1
8286,3314,97,2,308.18,0.1
8287,3314,120,1,64.19,0.15
8288,3315,95,2,67.35,0.1
8289,3316,80,1,81.78,0.15
8290,3316,48,3,56.46,0.15
8291,3317,44,3,59.87,0.15
8292,3317,119,3,62.24,0.05
8293,3318,32,1,58.98,0.15
8294,3318,41,3,45.79,0.05
8295,3318,56,2,23.54,0.1
8296,3318,4,1,1016.95,0.1
8297,3319,10,1,783.62,0.15
8298,3319,111,3,99.29,0.1
8299,3319,75,3,181.68,0.1
8300,3320,35,2,109.54,0.1
8301,3320,98,3,406.86,0.0
8302,3321,15,2,1466.49,0.15
8303,3321,26,1,114.37,0.15
8304,3322,90,2,100.08,0.1
8305,3322,103,1,299.32,0.05
8306,3323,116,2,92.44,0.0
8307,3323,113,3,45.91,0.0
8308,3323,100,1,240.04,0.0
8309,3324,10,2,783.62,0.0
8310,3324,79,3,243.88,0.1
8311,3324,72,1,111.1,0.15
8312,3324,69,2,114.57,0.0
8313,3325,97,1,308.18,0.0
8314,3325,119,3,62.24,0.0
8315,3325,77,2,105.72,0.0
8316,3325,32,2,58.98,0.0
8317,3326,92,2,59.67,0.0
8318,3326,108,3,285.82,0.0
8319,3326,4,3,1016.95,0.0
8320,3327,104,3,175.21,0.05
8321,3327,103,1,299.32,0.05
8322,3327,76,1,115.79,0.0
8323,3327,5,2,856.49,0.15
8324,3328,21,2,1122.92,0.15
8325,3329,65,1,94.35,0.1
8326,3329,15,3,1466.49,0.05
8327,3330,80,3,81.78,0.1
8328,3330,66,3,106.71,0.1
8329,3330,106,3,342.73,0.0
8330,3331,1,1,1061.42,0.0
8331,3331,32,3,58.98,0.1
8332,3332,64,1,93.19,0.15
8333,3332,92,2,59.67,0.1
8334,3332,116,2,92.44,0.0
8335,3333,109,1,67.25,0.15
8336,3333,8,2,1131.13,0.0
8337,3333,39,2,57.67,0.1
8338,3334,25,1,101.45,0.05
8339,3334,102,1,188.19,0.0
8340,3334,114,2,46.87,0.05
8341,3335,50,1,52.38,0.15
8342,3335,33,1,96.96,0.05
8343,3335,13,3,1416.4,0.1
8344,3335,118,2,70.37,0.15
8345,3336,89,2,55.64,0.05
8346,3337,35,2,109.54,0.05
8347,3337,82,3,113.87,0.15
8348,3337,105,3,321.26,0.1
8349,3338,48,1,56.46,0.1
8350,3338,49,3,53.79,0.15
8351,3338,79,1,243.88,0.15
8352,3338,26,2,114.37,0.05
8353,3339,104,1,175.21,0.15
8354,3340,79,3,243.88,0.1
8355,3340,95,2,67.35,0.15
8356,3341,12,2,876.42,0.15
8357,3342,47,1,31.94,0.05
8358,3342,112,3,66.68,0.15
8359,3342,118,3,70.37,0.1
8360,3343,36,3,67.29,0.1
8361,3343,13,3,1416.4,0.05
8362,3344,95,1,67.35,0.15
8363,3344,90,3,100.08,0.15
8364,3345,55,2,32.53,0.15
8365,3345,82,2,113.87,0.05
8366,3345,63,1,82.03,0.0
8367,3345,96,1,124.74,0.0
8368,3346,32,3,58.98,0.05
8369,3346,95,2,67.35,0.0
8370,3346,60,1,31.57,0.15
8371,3347,83,3,77.52,0.1
8372,3347,29,1,144.47,0.05
8373,3347,25,2,101.45,0.05
8374,3348,17,2,1005.58,0.15
8375,3348,47,2,31.94,0.05
8376,3348,114,2,46.87,0.15
8377,3349,22,1,845.9,0.1
8378,3350,68,1,86.11,0.05
8379,3350,40,3,52.28,0.15
8380,3350,56,1,23.54,0.05
8381,3351,23,1,1138.4,0.1
8382,3351,104,2,175.21,0.1
8383,3351,101,3,403.43,0.05
8384,3352,58,1,44.05,0.15
8385,3352,97,3,308.18,0.05
8386,3352,61,3,73.16,0.05
8387,3353,20,2,1272.89,0.1
8388,3354,76,2,115.79,0.15
8389,3354,38,3,53.59,0.0
8390,3354,53,3,55.82,0.15
8391,3354,96,1,124.74,0.15
8392,3355,80,3,81.78,0.1
8393,3355,92,3,59.67,0.05
8394,3355,38,3,53.59,0.0
8395,3356,23,3,1138.4,0.0
8396,3356,30,1,139.26,0.1
8397,3356,81,2,111.58,0.05
8398,3356,43,2,30.23,0.15
8399,3357,114,3,46.87,0.15
8400,3357,107,3,315.32,0.15
8401,3357,46,3,64.91,0.0
8402,3357,38,3,53.59,0.15
8403,3358,6,3,1247.26,0.0
8404,3359,23,2,1138.4,0.15
8405,3359,65,3,94.35,0.0
8406,3359,105,2,321.26,0.05
8407,3360,14,3,929.55,0.0
8408,3360,33,3,96.96,0.15
8409,3360,111,2,99.29,0.0
8410,3361,81,3,111.58,0.15
8411,3361,46,1,64.91,0.1
8412,3361,66,1,106.71,0.05
8413,3362,113,3,45.91,0.15
8414,3362,93,2,73.99,0.1
8415,3362,89,3,55.64,0.05
8416,3363,45,1,58.26,0.15
8417,3364,9,1,1017.39,0.1
8418,3364,24,1,1445.96,0.05
8419,3364,84,2,189.75,0.05
8420,3365,64,3,93.19,0.05
8421,3365,57,2,62.07,0.1
8422,3365,28,3,89.14,0.15
8423,3365,33,2,96.96,0.0
8424,3366,77,2,105.72,0.15
8425,3366,12,1,876.42,0.05
8426,3366,33,3,96.96,0.0
8427,3366,1,2,1061.42,0.0
8428,3367,114,2,46.87,0.1
8429,3367,91,2,94.87,0.05
8430,3367,53,3,55.82,0.0
8431,3367,78,2,198.38,0.0
8432,3368,55,1,32.53,0.0
8433,3368,65,1,94.35,0.05
8434,3368,85,2,122.17,0.05
8435,3368,104,2,175.21,0.1
8436,3369,94,2,121.02,0.05
8437,3369,95,2,67.35,0.0
8438,3369,114,2,46.87,0.0
8439,3369,49,3,53.79,0.0
8440,3370,104,2,175.21,0.1
8441,3370,60,3,31.57,0.15
8442,3370,108,3,285.82,0.0
8443,3371,85,3,122.17,0.05
8444,3371,52,1,58.53,0.15
8445,3372,33,1,96.96,0.1
8446,3372,29,1,144.47,0.1
8447,3372,75,2,181.68,0.15
8448,3373,50,3,52.38,0.0
8449,3373,19,1,1303.76,0.1
8450,3374,112,3,66.68,0.0
8451,3374,95,2,67.35,0.0
8452,3374,104,1,175.21,0.05
8453,3374,92,3,59.67,0.1
8454,3375,78,2,198.38,0.05
8455,3375,54,2,20.73,0.05
8456,3376,61,2,73.16,0.1
8457,3376,90,3,100.08,0.0
8458,3376,8,2,1131.13,0.0
8459,3376,43,1,30.23,0.15
8460,3377,106,1,342.73,0.0
8461,3377,62,3,99.59,0.05
8462,3378,28,1,89.14,0.15
8463,3379,9,2,1017.39,0.1
8464,3379,32,1,58.98,0.1
8465,3380,68,2,86.11,0.05
8466,3381,97,3,308.18,0.1
8467,3381,11,2,863.36,0.05
8468,3381,61,1,73.16,0.05
8469,3381,56,3,23.54,0.1
8470,3382,72,1,111.1,0.15
8471,3382,63,1,82.03,0.0
8472,3382,86,3,110.76,0.05
8473,3383,103,2,299.32,0.05
8474,3383,31,3,69.02,0.15
8475,3384,45,3,58.26,0.15
8476,3384,103,2,299.32,0.15
8477,3385,35,2,109.54,0.1
8478,3385,53,1,55.82,0.15
8479,3385,36,3,67.29,0.05
8480,3385,87,3,104.67,0.05
8481,3386,71,2,69.64,0.0
8482,3387,95,2,67.35,0.0
8483,3387,40,3,52.28,0.1
8484,3387,105,3,321.26,0.0
8485,3387,120,3,64.19,0.0
8486,3388,63,2,82.03,0.15
8487,3388,77,2,105.72,0.0
8488,3388,103,3,299.32,0.05
8489,3388,34,2,125.09,0.15
8490,3389,50,1,52.38,0.05
8491,3389,98,1,406.86,0.1
8492,3389,43,2,30.23,0.15
8493,3390,26,3,114.37,0.05
8494,3390,62,1,99.59,0.15
8495,3391,45,1,58.26,0.05
8496,3392,32,2,58.98,0.05
8497,3392,37,1,36.6,0.1
8498,3392,41,1,45.79,0.1
8499,3392,7,3,1081.5,0.0
8500,3393,80,2,81.78,0.15
8501,3394,58,1,44.05,0.1
8502,3394,31,3,69.02,0.0
8503,3394,53,3,55.82,0.0
8504,3394,49,2,53.79,0.1
8505,3395,27,3,116.94,0.1
8506,3395,79,3,243.88,0.15
8507,3395,57,2,62.07,0.1
8508,3396,34,3,125.09,0.15
8509,3396,102,1,188.19,0.15
8510,3396,93,1,73.99,0.1
8511,3397,62,3,99.59,0.05
8512,3397,36,1,67.29,0.05
8513,3397,31,1,69.02,0.1
8514,3397,57,3,62.07,0.15
8515,3398,101,3,403.43,0.0
8516,3399,17,1,1005.58,0.0
8517,3399,94,3,121.02,0.0
8518,3400,45,2,58.26,0.05
8519,3400,95,2,67.35,0.1
8520,3400,15,3,1466.49,0.1
8521,3401,74,1,179.47,0.1
8522,3402,111,3,99.29,0.15
8523,3402,85,1,122.17,0.05
8524,3403,100,2,240.04,0.1
8525,3404,113,2,45.91,0.15
8526,3404,92,2,59.67,0.0
8527,3405,77,2,105.72,0.0
8528,3406,82,3,113.87,0.05
8529,3406,61,3,73.16,0.15
8530,3406,65,1,94.35,0.15
8531,3407,59,3,28.01,0.05
8532,3407,29,2,144.47,0.15
8533,3407,75,2,181.68,0.0
8534,3407,83,3,77.52,0.15
8535,3408,102,1,188.19,0.1
8536,3409,77,1,105.72,0.0
8537,3409,52,3,58.53,0.0
8538,3410,89,2,55.64,0.1
8539,3410,19,1,1303.76,0.15
8540,3411,43,3,30.23,0.1
8541,3412,9,2,1017.39,0.15
8542,3413,22,2,845.9,0.0
8543,3413,36,3,67.29,0.15
8544,3413,103,3,299.32,0.0
8545,3413,82,3,113.87,0.1
8546,3414,89,1,55.64,0.1
8547,3414,71,1,69.64,0.15
8548,3415,67,2,48.23,0.0
8549,3415,28,2,89.14,0.0
8550,3415,112,2,66.68,0.0
8551,3415,80,1,81.78,0.0
8552,3416,100,1,240.04,0.0
8553,3417,101,1,403.43,0.15
8554,3417,4,3,1016.95,0.1
8555,3417,106,1,342.73,0.15
8556,3417,120,3,64.19,0.05
8557,3418,11,1,863.36,0.15
8558,3418,29,1,144.47,0.0
8559,3418,61,2,73.16,0.05
8560,3419,5,3,856.49,0.1
8561,3419,53,3,55.82,0.05
8562,3420,55,2,32.53,0.05
8563,3421,6,2,1247.26,0.1
8564,3421,120,2,64.19,0.1
8565,3421,52,2,58.53,0.05
8566,3421,61,3,73.16,0.1
8567,3422,62,2,99.59,0.0
8568,3422,116,2,92.44,0.0
8569,3422,85,1,122.17,0.1
8570,3422,17,3,1005.58,0.0
8571,3423,68,1,86.11,0.1
8572,3423,58,2,44.05,0.1
8573,3423,20,2,1272.89,0.15
8574,3424,15,2,1466.49,0.0
8575,3424,3,2,1143.05,0.0
8576,3424,102,2,188.19,0.1
8577,3425,55,3,32.53,0.0
8578,3426,56,2,23.54,0.0
8579,3426,12,3,876.42,0.1
8580,3426,30,2,139.26,0.1
8581,3426,83,1,77.52,0.0
8582,3427,5,3,856.49,0.05
8583,3427,83,1,77.52,0.15
8584,3427,71,1,69.64,0.15
8585,3428,80,2,81.78,0.1
8586,3428,31,3,69.02,0.0
8587,3428,43,3,30.23,0.05
8588,3429,63,1,82.03,0.1
8589,3429,18,2,813.45,0.1
8590,3429,112,3,66.68,0.0
8591,3430,45,2,58.26,0.05
8592,3430,9,2,1017.39,0.1
8593,3431,99,1,181.09,0.0
8594,3432,35,3,109.54,0.15
8595,3433,39,1,57.67,0.15
8596,3434,27,1,116.94,0.0
8597,3434,10,2,783.62,0.15
8598,3434,64,3,93.19,0.0
8599,3434,106,1,342.73,0.0
8600,3435,78,3,198.38,0.0
8601,3435,14,2,929.55,0.0
8602,3435,87,1,104.67,0.15
8603,3435,24,2,1445.96,0.1
8604,3436,48,1,56.46,0.0
8605,3436,57,1,62.07,0.1
8606,3437,76,1,115.79,0.05
8607,3437,65,3,94.35,0.1
8608,3437,58,2,44.05,0.1
8609,3437,51,2,53.62,0.1
8610,3438,16,3,1522.38,0.05
8611,3438,60,1,31.57,0.1
8612,3438,116,2,92.44,0.0
8613,3438,30,2,139.26,0.0
8614,3439,34,2,125.09,0.15
8615,3440,34,2,125.09,0.05
8616,3440,99,2,181.09,0.1
8617,3440,14,2,929.55,0.1
8618,3441,94,1,121.02,0.0
8619,3441,48,1,56.46,0.15
8620,3441,33,3,96.96,0.0
8621,3442,18,3,813.45,0.05
8622,3442,3,2,1143.05,0.05
8623,3442,78,3,198.38,0.15
8624,3442,25,2,101.45,0.05
8625,3443,1,2,1061.42,0.0
8626,3443,91,2,94.87,0.15
8627,3443,103,2,299.32,0.1
8628,3443,63,1,82.03,0.05
8629,3444,37,2,36.6,0.1
8630,3444,20,2,1272.89,0.15
8631,3445,93,1,73.99,0.1
8632,3445,20,1,1272.89,0.1
8633,3445,107,2,315.32,0.0
8634,3445,12,1,876.42,0.1
8635,3446,99,2,181.09,0.1
8636,3446,19,1,1303.76,0.1
8637,3446,111,2,99.29,0.0
8638,3447,57,1,62.07,0.15
8639,3448,5,1,856.49,0.05
8640,3448,89,2,55.64,0.0
8641,3448,85,3,122.17,0.05
8642,3449,32,2,58.98,0.05
8643,3449,20,2,1272.89,0.15
8644,3450,117,3,75.36,0.0
8645,3450,65,3,94.35,0.1
8646,3450,102,2,188.19,0.15
8647,3451,74,2,179.47,0.05
8648,3451,38,1,53.59,0.05
8649,3452,21,2,1122.92,0.15
8650,3452,111,3,99.29,0.1
8651,3452,107,3,315.32,0.0
8652,3452,94,3,121.02,0.1
8653,3453,98,1,406.86,0.05
8654,3453,24,1,1445.96,0.15
8655,3454,58,1,44.05,0.1
8656,3454,77,1,105.72,0.05
8657,3454,2,3,1276.88,0.05
8658,3454,44,1,59.87,0.05
8659,3455,66,1,106.71,0.0
8660,3456,21,1,1122.92,0.15
8661,3457,65,3,94.35,0.1
8662,3457,68,1,86.11,0.0
8663,3458,73,3,117.31,0.0
8664,3458,62,2,99.59,0.15
8665,3459,3,3,1143.05,0.15
8666,3460,31,2,69.02,0.1
8667,3460,92,1,59.67,0.1
8668,3461,104,2,175.21,0.15
8669,3461,19,3,1303.76,0.05
8670,3462,112,2,66.68,0.0
8671,3462,115,1,74.95,0.1
8672,3463,68,2,86.11,0.0
8673,3464,119,1,62.24,0.0
8674,3464,84,1,189.75,0.15
8675,3464,3,3,1143.05,0.1
8676,3464,51,1,53.62,0.15
8677,3465,54,1,20.73,0.15
8678,3465,71,3,69.64,0.05
8679,3466,61,1,73.16,0.15
8680,3466,26,1,114.37,0.1
8681,3467,78,1,198.38,0.0
8682,3468,62,1,99.59,0.05
8683,3469,115,3,74.95,0.05
8684,3469,84,1,189.75,0.05
8685,3469,58,1,44.05,0.15
8686,3470,20,1,1272.89,0.05
8687,3470,77,1,105.72,0.15
8688,3471,15,2,1466.49,0.05
8689,3472,31,3,69.02,0.15
8690,3472,83,2,77.52,0.1
8691,3472,11,3,863.36,0.1
8692,3473,95,2,67.35,0.05
8693,3473,35,2,109.54,0.15
8694,3474,83,2,77.52,0.05
8695,3474,3,3,1143.05,0.15
8696,3474,36,2,67.29,0.0
8697,3475,79,3,243.88,0.0
8698,3476,81,1,111.58,0.05
8699,3477,27,1,116.94,0.1
8700,3477,31,3,69.02,0.15
8701,3478,40,2,52.28,0.0
8702,3479,42,1,58.5,0.15
8703,3479,24,1,1445.96,0.05
8704,3480,96,2,124.74,0.15
8705,3480,36,1,67.29,0.05
8706,3480,17,1,1005.58,0.15
8707,3480,98,1,406.86,0.1
8708,3481,9,2,1017.39,0.0
8709,3482,6,1,1247.26,0.1
8710,3482,43,1,30.23,0.0
8711,3482,98,3,406.86,0.0
8712,3483,103,2,299.32,0.05
8713,3483,104,2,175.21,0.05
8714,3483,30,2,139.26,0.1
8715,3483,82,1,113.87,0.15
8716,3484,31,3,69.02,0.0
8717,3485,62,2,99.59,0.1
8718,3485,13,3,1416.4,0.15
8719,3485,7,1,1081.5,0.05
8720,3485,51,2,53.62,0.05
8721,3486,11,3,863.36,0.0
8722,3486,86,2,110.76,0.15
8723,3486,39,1,57.67,0.15
8724,3487,111,3,99.29,0.15
8725,3487,88,3,109.47,0.1
8726,3487,80,1,81.78,0.15
8727,3487,120,1,64.19,0.1
8728,3488,52,3,58.53,0.05
8729,3489,12,1,876.42,0.1
8730,3490,90,2,100.08,0.1
8731,3490,104,2,175.21,0.15
8732,3490,65,2,94.35,0.05
8733,3491,10,3,783.62,0.1
8734,3491,119,1,62.24,0.0
8735,3491,95,3,67.35,0.15
8736,3491,61,2,73.16,0.1
8737,3492,61,1,73.16,0.05
8738,3492,95,2,67.35,0.0
8739,3492,105,1,321.26,0.0
8740,3493,4,3,1016.95,0.0
8741,3493,50,1,52.38,0.0
8742,3493,14,3,929.55,0.05
8743,3493,27,2,116.94,0.05
8744,3494,59,1,28.01,0.0
8745,3495,46,1,64.91,0.0
8746,3495,108,1,285.82,0.0
8747,3495,55,3,32.53,0.1
8748,3495,34,2,125.09,0.05
8749,3496,71,2,69.64,0.0
8750,3496,105,1,321.26,0.15
8751,3496,20,2,1272.89,0.05
8752,3496,110,2,31.39,0.05
8753,3497,108,1,285.82,0.1
8754,3498,19,3,1303.76,0.05
8755,3498,36,1,67.29,0.05
8756,3498,117,1,75.36,0.15
8757,3498,97,2,308.18,0.05
8758,3499,52,3,58.53,0.1
8759,3499,8,1,1131.13,0.1
8760,3499,29,3,144.47,0.05
8761,3500,9,2,1017.39,0.1
8762,3500,109,2,67.25,0.1
8763,3501,97,2,308.18,0.0
8764,3501,111,2,99.29,0.0
8765,3501,35,2,109.54,0.1
8766,3501,75,1,181.68,0.0
8767,3502,83,2,77.52,0.15
8768,3502,87,3,104.67,0.05
8769,3503,70,1,54.65,0.15
8770,3503,77,3,105.72,0.15
8771,3503,109,3,67.25,0.1
8772,3503,88,2,109.47,0.15
8773,3504,2,1,1276.88,0.1
8774,3504,36,3,67.29,0.1
8775,3505,31,3,69.02,0.05
8776,3505,35,2,109.54,0.15
8777,3506,13,3,1416.4,0.15
8778,3507,10,3,783.62,0.15
8779,3507,86,2,110.76,0.0
8780,3508,11,3,863.36,0.0
8781,3509,35,3,109.54,0.1
8782,3509,83,1,77.52,0.0
8783,3509,3,2,1143.05,0.1
8784,3509,95,1,67.35,0.1
8785,3510,68,2,86.11,0.15
8786,3511,27,3,116.94,0.05
8787,3511,95,2,67.35,0.0
8788,3511,113,2,45.91,0.0
8789,3511,78,1,198.38,0.1
8790,3512,23,3,1138.4,0.0
8791,3512,95,3,67.35,0.0
8792,3512,63,2,82.03,0.05
8793,3512,66,1,106.71,0.0
8794,3513,120,1,64.19,0.05
8795,3513,75,1,181.68,0.05
8796,3513,43,1,30.23,0.0
8797,3513,78,1,198.38,0.1
8798,3514,106,3,342.73,0.05
8799,3515,55,1,32.53,0.15
8800,3516,102,3,188.19,0.15
8801,3516,23,1,1138.4,0.05
8802,3516,64,1,93.19,0.1
8803,3517,24,1,1445.96,0.1
8804,3517,117,3,75.36,0.05
8805,3517,101,1,403.43,0.1
8806,3518,34,3,125.09,0.15
8807,3518,15,1,1466.49,0.1
8808,3518,48,1,56.46,0.1
8809,3518,84,1,189.75,0.1
8810,3519,29,3,144.47,0.0
8811,3519,112,3,66.68,0.1
8812,3519,116,2,92.44,0.15
8813,3520,51,3,53.62,0.05
8814,3520,38,2,53.59,0.05
8815,3521,67,3,48.23,0.0
8816,3521,93,2,73.99,0.0
8817,3522,14,3,929.55,0.0
8818,3522,85,1,122.17,0.05
8819,3522,114,1,46.87,0.0
8820,3523,23,2,1138.4,0.15
8821,3524,92,1,59.67,0.05
8822,3524,94,1,121.02,0.05
8823,3524,113,3,45.91,0.05
8824,3525,101,2,403.43,0.15
8825,3525,32,1,58.98,0.1
8826,3525,68,1,86.11,0.0
8827,3525,97,1,308.18,0.15
8828,3526,67,1,48.23,0.0
8829,3526,27,1,116.94,0.0
8830,3526,62,2,99.59,0.05
8831,3526,80,1,81.78,0.15
8832,3527,58,2,44.05,0.0
8833,3527,9,3,1017.39,0.05
8834,3528,35,3,109.54,0.05
8835,3528,92,3,59.67,0.0
8836,3528,77,1,105.72,0.15
8837,3529,70,1,54.65,0.05
8838,3529,16,1,1522.38,0.15
8839,3530,22,2,845.9,0.1
8840,3530,40,1,52.28,0.15
8841,3530,108,2,285.82,0.0
8842,3530,47,1,31.94,0.1
8843,3531,110,2,31.39,0.0
8844,3531,27,3,116.94,0.0
8845,3532,67,1,48.23,0.05
8846,3532,42,3,58.5,0.1
8847,3533,44,2,59.87,0.1
8848,3533,66,1,106.71,0.15
8849,3534,42,1,58.5,0.05
8850,3535,54,1,20.73,0.15
8851,3535,88,1,109.47,0.05
8852,3535,115,1,74.95,0.0
8853,3535,64,3,93.19,0.0
8854,3536,44,1,59.87,0.05
8855,3536,96,2,124.74,0.05
8856,3536,29,3,144.47,0.0
8857,3537,64,1,93.19,0.05
8858,3537,80,2,81.78,0.05
8859,3537,10,1,783.62,0.15
8860,3537,60,1,31.57,0.05
8861,3538,67,2,48.23,0.05
8862,3538,17,1,1005.58,0.15
8863,3538,6,1,1247.26,0.1
8864,3539,72,1,111.1,0.05
8865,3539,35,2,109.54,0.1
8866,3539,120,1,64.19,0.15
8867,3539,62,2,99.59,0.05
8868,3540,104,3,175.21,0.0
8869,3540,118,1,70.37,0.0
8870,3540,57,2,62.07,0.05
8871,3540,80,3,81.78,0.0
8872,3541,109,1,67.25,0.1
8873,3542,70,3,54.65,0.1
8874,3542,111,2,99.29,0.1
8875,3542,103,2,299.32,0.1
8876,3542,120,3,64.19,0.15
8877,3543,5,2,856.49,0.0
8878,3543,41,3,45.79,0.1
8879,3544,54,2,20.73,0.0
8880,3544,62,3,99.59,0.05
8881,3544,103,1,299.32,0.0
8882,3545,5,1,856.49,0.0
8883,3545,119,1,62.24,0.1
8884,3546,50,3,52.38,0.15
8885,3547,56,3,23.54,0.1
8886,3547,46,1,64.91,0.0
8887,3547,40,1,52.28,0.0
8888,3548,33,2,96.96,0.15
8889,3548,109,3,67.25,0.05
8890,3548,46,2,64.91,0.15
8891,3548,80,2,81.78,0.05
8892,3549,111,2,99.29,0.15
8893,3549,37,1,36.6,0.1
8894,3550,68,3,86.11,0.15
8895,3550,6,3,1247.26,0.1
8896,3551,102,2,188.19,0.1
8897,3552,48,3,56.46,0.1
8898,3553,57,1,62.07,0.15
8899,3554,62,3,99.59,0.15
8900,3554,103,1,299.32,0.0
8901,3554,110,3,31.39,0.0
8902,3555,75,2,181.68,0.15
8903,3556,13,2,1416.4,0.1
8904,3556,53,2,55.82,0.15
8905,3556,66,2,106.71,0.1
8906,3556,33,3,96.96,0.05
8907,3557,24,1,1445.96,0.0
8908,3557,66,1,106.71,0.15
8909,3558,100,2,240.04,0.1
8910,3558,75,3,181.68,0.0
8911,3559,3,3,1143.05,0.1
8912,3559,114,2,46.87,0.1
8913,3559,1,3,1061.42,0.1
8914,3560,72,3,111.1,0.15
8915,3560,95,3,67.35,0.0
8916,3560,108,3,285.82,0.15
8917,3561,54,3,20.73,0.15
8918,3561,103,1,299.32,0.15
8919,3561,33,3,96.96,0.0
8920,3561,110,2,31.39,0.05
8921,3562,110,3,31.39,0.15
8922,3563,40,2,52.28,0.15
8923,3563,57,2,62.07,0.15
8924,3563,56,1,23.54,0.0
8925,3563,104,3,175.21,0.0
8926,3564,17,3,1005.58,0.05
8927,3564,44,1,59.87,0.15
8928,3564,74,2,179.47,0.15
8929,3565,41,3,45.79,0.1
8930,3565,74,3,179.47,0.15
8931,3565,15,3,1466.49,0.05
8932,3565,4,3,1016.95,0.15
8933,3566,101,2,403.43,0.0
8934,3566,58,2,44.05,0.0
8935,3566,62,2,99.59,0.15
8936,3567,96,1,124.74,0.1
8937,3567,3,2,1143.05,0.1
8938,3567,90,2,100.08,0.1
8939,3568,59,1,28.01,0.1
8940,3568,104,2,175.21,0.05
8941,3568,42,2,58.5,0.1
8942,3569,44,3,59.87,0.15
8943,3569,94,2,121.02,0.15
8944,3569,91,1,94.87,0.05
8945,3570,91,2,94.87,0.0
8946,3571,21,2,1122.92,0.05
8947,3571,61,3,73.16,0.05
8948,3571,119,2,62.24,0.15
8949,3571,94,3,121.02,0.1
8950,3572,108,3,285.82,0.15
8951,3572,111,2,99.29,0.0
8952,3572,21,1,1122.92,0.15
8953,3573,100,2,240.04,0.1
8954,3573,60,2,31.57,0.05
8955,3574,78,1,198.38,0.15
8956,3574,107,2,315.32,0.05
8957,3574,51,2,53.62,0.15
8958,3574,103,2,299.32,0.1
8959,3575,73,1,117.31,0.15
8960,3575,9,1,1017.39,0.15
8961,3575,76,3,115.79,0.1
8962,3576,44,1,59.87,0.1
8963,3576,78,1,198.38,0.0
8964,3577,68,3,86.11,0.05
8965,3577,8,1,1131.13,0.0
8966,3577,62,2,99.59,0.0
8967,3577,80,1,81.78,0.0
8968,3578,19,1,1303.76,0.15
8969,3579,74,2,179.47,0.1
8970,3579,111,1,99.29,0.0
8971,3579,92,1,59.67,0.15
8972,3579,23,3,1138.4,0.1
8973,3580,54,1,20.73,0.05
8974,3580,116,1,92.44,0.0
8975,3580,34,3,125.09,0.05
8976,3581,76,1,115.79,0.05
8977,3581,45,1,58.26,0.05
8978,3581,13,1,1416.4,0.0
8979,3582,83,1,77.52,0.1
8980,3582,75,1,181.68,0.05
8981,3582,33,3,96.96,0.15
8982,3582,20,2,1272.89,0.1
8983,3583,61,2,73.16,0.05
8984,3583,93,2,73.99,0.1
8985,3584,112,2,66.68,0.05
8986,3584,58,3,44.05,0.0
8987,3585,21,2,1122.92,0.1
8988,3585,46,1,64.91,0.05
8989,3585,6,2,1247.26,0.15
8990,3585,108,3,285.82,0.05
8991,3586,89,1,55.64,0.15
8992,3586,60,3,31.57,0.15
8993,3587,111,1,99.29,0.15
8994,3587,77,2,105.72,0.05
8995,3587,11,3,863.36,0.15
8996,3588,118,2,70.37,0.0
8997,3588,79,2,243.88,0.15
8998,3588,11,3,863.36,0.05
8999,3588,7,3,1081.5,0.15
9000,3589,13,2,1416.4,0.05
9001,3589,96,1,124.74,0.0
9002,3589,41,1,45.79,0.0
9003,3590,59,1,28.01,0.0
9004,3591,59,1,28.01,0.15
9005,3591,8,2,1131.13,0.15
9006,3592,41,3,45.79,0.05
9007,3592,4,2,1016.95,0.05
9008,3592,11,1,863.36,0.0
9009,3593,48,1,56.46,0.0
9010,3593,51,1,53.62,0.15
9011,3593,57,1,62.07,0.0
9012,3594,12,2,876.42,0.1
9013,3594,116,2,92.44,0.0
9014,3595,91,3,94.87,0.15
9015,3596,104,1,175.21,0.0
9016,3596,82,1,113.87,0.1
9017,3596,85,3,122.17,0.05
9018,3596,6,2,1247.26,0.05
9019,3597,118,1,70.37,0.1
9020,3597,111,1,99.29,0.0
9021,3598,35,3,109.54,0.15
9022,3598,109,2,67.25,0.0
9023,3598,89,1,55.64,0.1
9024,3599,107,2,315.32,0.15
9025,3600,101,1,403.43,0.1
9026,3601,119,3,62.24,0.0
9027,3601,9,3,1017.39,0.1
9028,3602,52,3,58.53,0.1
9029,3602,77,2,105.72,0.15
9030,3602,100,3,240.04,0.15
9031,3602,25,2,101.45,0.0
9032,3603,49,2,53.79,0.1
9033,3603,20,1,1272.89,0.1
9034,3603,41,1,45.79,0.05
9035,3604,76,3,115.79,0.15
9036,3604,113,1,45.91,0.15
9037,3604,34,2,125.09,0.1
9038,3604,85,1,122.17,0.05
9039,3605,39,3,57.67,0.0
9040,3606,10,3,783.62,0.15
9041,3607,52,3,58.53,0.15
9042,3607,63,2,82.03,0.0
9043,3608,116,1,92.44,0.1
9044,3608,36,1,67.29,0.15
9045,3608,96,2,124.74,0.0
9046,3609,43,1,30.23,0.05
9047,3610,53,2,55.82,0.15
9048,3610,66,1,106.71,0.1
9049,3611,38,1,53.59,0.0
9050,3612,57,3,62.07,0.0
9051,3613,29,3,144.47,0.15
9052,3613,55,1,32.53,0.05
9053,3613,47,3,31.94,0.15
9054,3614,33,2,96.96,0.0
9055,3614,16,2,1522.38,0.0
9056,3614,111,1,99.29,0.15
9057,3615,45,3,58.26,0.0
9058,3615,97,1,308.18,0.15
9059,3615,15,2,1466.49,0.1
9060,3615,91,1,94.87,0.1
9061,3616,118,2,70.37,0.15
9062,3616,62,2,99.59,0.05
9063,3616,103,3,299.32,0.0
9064,3616,6,3,1247.26,0.05
9065,3617,34,1,125.09,0.0
9066,3618,96,3,124.74,0.15
9067,3618,47,3,31.94,0.05
9068,3619,101,3,403.43,0.0
9069,3619,89,1,55.64,0.0
9070,3619,7,2,1081.5,0.1
9071,3620,76,3,115.79,0.0
9072,3620,95,1,67.35,0.05
9073,3620,109,3,67.25,0.05
9074,3620,69,2,114.57,0.15
9075,3621,96,1,124.74,0.0
9076,3622,102,1,188.19,0.15
9077,3623,92,1,59.67,0.1
9078,3623,31,2,69.02,0.1
9079,3623,59,3,28.01,0.0
9080,3623,8,2,1131.13,0.0
9081,3624,91,2,94.87,0.1
9082,3624,53,3,55.82,0.15
9083,3624,20,3,1272.89,0.05
9084,3624,74,2,179.47,0.0
9085,3625,66,1,106.71,0.0
9086,3625,63,3,82.03,0.05
9087,3625,25,1,101.45,0.1
9088,3625,119,2,62.24,0.1
9089,3626,50,3,52.38,0.1
9090,3627,105,3,321.26,0.15
9091,3627,27,1,116.94,0.05
9092,3627,106,3,342.73,0.1
9093,3627,116,1,92.44,0.0
9094,3628,70,2,54.65,0.05
9095,3628,38,3,53.59,0.05
9096,3628,66,1,106.71,0.0
9097,3629,108,2,285.82,0.0
9098,3629,84,3,189.75,0.15
9099,3629,92,1,59.67,0.15
9100,3630,80,2,81.78,0.1
9101,3630,102,2,188.19,0.0
9102,3630,1,3,1061.42,0.1
9103,3631,63,3,82.03,0.0
9104,3631,84,1,189.75,0.15
9105,3632,1,1,1061.42,0.1
9106,3632,88,3,109.47,0.0
9107,3633,118,2,70.37,0.15
9108,3633,63,1,82.03,0.0
9109,3633,43,3,30.23,0.1
9110,3634,66,3,106.71,0.1
9111,3634,22,1,845.9,0.15
9112,3635,48,3,56.46,0.05
9113,3636,15,1,1466.49,0.1
9114,3637,71,2,69.64,0.0
9115,3637,66,3,106.71,0.1
9116,3637,61,1,73.16,0.05
9117,3637,87,3,104.67,0.0
9118,3638,106,2,342.73,0.0
9119,3639,64,2,93.19,0.0
9120,3640,75,1,181.68,0.05
9121,3640,78,1,198.38,0.15
9122,3640,118,2,70.37,0.05
9123,3640,108,2,285.82,0.1
9124,3641,6,1,1247.26,0.1
9125,3641,73,1,117.31,0.05
9126,3642,26,2,114.37,0.0
9127,3642,53,1,55.82,0.1
9128,3642,104,1,175.21,0.05
9129,3642,6,2,1247.26,0.05
9130,3643,69,3,114.57,0.05
9131,3643,105,2,321.26,0.15
9132,3643,9,3,1017.39,0.1
9133,3644,45,1,58.26,0.1
9134,3644,87,3,104.67,0.1
9135,3644,89,3,55.64,0.1
9136,3644,25,2,101.45,0.15
9137,3645,14,2,929.55,0.05
9138,3645,118,3,70.37,0.0
9139,3645,38,3,53.59,0.15
9140,3646,87,1,104.67,0.05
9141,3646,98,1,406.86,0.0
9142,3647,105,3,321.26,0.05
9143,3647,29,1,144.47,0.15
9144,3648,64,2,93.19,0.0
9145,3648,3,1,1143.05,0.1
9146,3649,55,1,32.53,0.15
9147,3649,66,3,106.71,0.05
9148,3649,39,2,57.67,0.0
9149,3649,60,3,31.57,0.05
9150,3650,55,1,32.53,0.1
9151,3650,26,1,114.37,0.15
9152,3650,53,1,55.82,0.0
9153,3650,65,3,94.35,0.05
9154,3651,12,3,876.42,0.05
9155,3652,47,2,31.94,0.05
9156,3652,13,1,1416.4,0.0
9157,3652,68,3,86.11,0.15
9158,3652,89,1,55.64,0.15
9159,3653,113,2,45.91,0.15
9160,3654,110,3,31.39,0.0
9161,3654,102,1,188.19,0.15
9162,3654,65,3,94.35,0.0
9163,3654,88,2,109.47,0.05
9164,3655,55,3,32.53,0.0
9165,3656,13,3,1416.4,0.15
9166,3656,86,3,110.76,0.15
9167,3656,79,1,243.88,0.05
9168,3657,34,3,125.09,0.0
9169,3657,72,3,111.1,0.1
9170,3658,105,2,321.26,0.05
9171,3659,70,3,54.65,0.15
9172,3659,49,3,53.79,0.05
9173,3659,118,2,70.37,0.0
9174,3660,55,3,32.53,0.15
9175,3661,82,3,113.87,0.0
9176,3661,88,3,109.47,0.15
9177,3661,39,3,57.67,0.0
9178,3661,29,3,144.47,0.05
9179,3662,91,1,94.87,0.15
9180,3662,119,1,62.24,0.05
9181,3662,108,2,285.82,0.15
9182,3663,63,1,82.03,0.05
9183,3663,70,3,54.65,0.15
9184,3663,82,1,113.87,0.0
9185,3664,108,2,285.82,0.1
9186,3665,93,1,73.99,0.0
9187,3665,33,2,96.96,0.05
9188,3665,32,2,58.98,0.05
9189,3666,18,1,813.45,0.15
9190,3666,5,3,856.49,0.1
9191,3666,68,3,86.11,0.15
9192,3666,40,2,52.28,0.0
9193,3667,50,3,52.38,0.15
9194,3667,18,3,813.45,0.1
9195,3667,15,2,1466.49,0.1
9196,3667,77,3,105.72,0.05
9197,3668,20,3,1272.89,0.15
9198,3668,34,2,125.09,0.15
9199,3668,43,1,30.23,0.05
9200,3669,61,2,73.16,0.0
9201,3669,79,1,243.88,0.1
9202,3669,35,2,109.54,0.0
9203,3669,6,1,1247.26,0.05
9204,3670,31,1,69.02,0.05
9205,3670,79,3,243.88,0.15
9206,3671,55,3,32.53,0.15
9207,3671,84,1,189.75,0.15
9208,3671,65,2,94.35,0.0
9209,3672,35,3,109.54,0.1
9210,3672,83,1,77.52,0.15
9211,3672,71,3,69.64,0.0
9212,3672,7,3,1081.5,0.1
9213,3673,1,1,1061.42,0.0
9214,3673,83,3,77.52,0.0
9215,3673,52,1,58.53,0.15
9216,3674,75,2,181.68,0.0
9217,3675,1,1,1061.42,0.0
9218,3676,40,3,52.28,0.05
9219,3676,44,1,59.87,0.0
9220,3676,120,1,64.19,0.15
9221,3677,94,3,121.02,0.05
9222,3677,39,1,57.67,0.1
9223,3677,111,1,99.29,0.05
9224,3677,98,2,406.86,0.15
9225,3678,21,2,1122.92,0.15
9226,3678,14,2,929.55,0.15
9227,3679,97,1,308.18,0.15
9228,3679,117,1,75.36,0.05
9229,3679,9,3,1017.39,0.1
9230,3679,111,1,99.29,0.05
9231,3680,19,2,1303.76,0.1
9232,3680,59,1,28.01,0.1
9233,3681,118,3,70.37,0.1
9234,3681,56,1,23.54,0.1
9235,3682,11,1,863.36,0.1
9236,3682,53,3,55.82,0.1
9237,3682,2,1,1276.88,0.15
9238,3683,119,3,62.24,0.05
9239,3683,41,1,45.79,0.1
9240,3683,73,3,117.31,0.0
9241,3683,120,3,64.19,0.1
9242,3684,98,1,406.86,0.0
9243,3684,30,2,139.26,0.1
9244,3685,78,2,198.38,0.1
9245,3685,64,2,93.19,0.1
9246,3686,76,2,115.79,0.1
9247,3686,90,3,100.08,0.15
9248,3687,113,2,45.91,0.15
9249,3687,91,2,94.87,0.05
9250,3687,7,2,1081.5,0.15
9251,3688,85,2,122.17,0.0
9252,3688,100,3,240.04,0.0
9253,3689,3,1,1143.05,0.15
9254,3690,75,1,181.68,0.0
9255,3690,73,2,117.31,0.1
9256,3691,46,2,64.91,0.0
9257,3691,65,1,94.35,0.1
9258,3691,45,3,58.26,0.0
9259,3691,78,1,198.38,0.1
9260,3692,47,3,31.94,0.1
9261,3693,45,1,58.26,0.1
9262,3693,15,1,1466.49,0.1
9263,3693,84,2,189.75,0.0
9264,3693,19,3,1303.76,0.15
9265,3694,10,1,783.62,0.1
9266,3694,94,3,121.02,0.1
9267,3695,110,1,31.39,0.15
9268,3695,42,1,58.5,0.0
9269,3695,80,1,81.78,0.05
9270,3696,51,3,53.62,0.05
9271,3696,40,1,52.28,0.0
9272,3697,99,3,181.09,0.15
9273,3697,60,1,31.57,0.15
9274,3698,83,3,77.52,0.15
9275,3698,93,1,73.99,0.15
9276,3698,3,3,1143.05,0.05
9277,3699,92,1,59.67,0.05
9278,3699,85,2,122.17,0.1
9279,3699,112,2,66.68,0.05
9280,3700,33,3,96.96,0.15
9281,3701,57,3,62.07,0.15
9282,3701,78,2,198.38,0.1
9283,3702,107,1,315.32,0.1
9284,3702,25,2,101.45,0.1
9285,3702,50,2,52.38,0.0
9286,3702,73,3,117.31,0.05
9287,3703,52,1,58.53,0.0
9288,3703,104,1,175.21,0.15
9289,3704,22,2,845.9,0.15
9290,3704,62,3,99.59,0.15
9291,3704,119,1,62.24,0.1
9292,3705,10,2,783.62,0.05
9293,3705,83,1,77.52,0.05
9294,3706,113,2,45.91,0.0
9295,3706,9,2,1017.39,0.15
9296,3706,79,2,243.88,0.0
9297,3706,107,1,315.32,0.0
9298,3707,64,2,93.19,0.1
9299,3707,68,3,86.11,0.1
9300,3708,82,1,113.87,0.1
9301,3709,25,1,101.45,0.1
9302,3709,13,1,1416.4,0.15
9303,3709,79,2,243.88,0.05
9304,3709,90,1,100.08,0.15
9305,3710,100,3,240.04,0.15
9306,3710,24,2,1445.96,0.05
9307,3710,23,1,1138.4,0.0
9308,3710,51,3,53.62,0.1
9309,3711,69,1,114.57,0.0
9310,3711,63,2,82.03,0.1
9311,3712,111,2,99.29,0.1
9312,3712,84,1,189.75,0.15
9313,3712,39,3,57.67,0.1
9314,3713,23,1,1138.4,0.1
9315,3713,82,1,113.87,0.05
9316,3713,34,2,125.09,0.15
9317,3713,86,3,110.76,0.0
9318,3714,68,2,86.11,0.0
9319,3714,43,2,30.23,0.0
9320,3714,1,3,1061.42,0.05
9321,3714,83,2,77.52,0.0
9322,3715,84,3,189.75,0.15
9323,3716,36,2,67.29,0.1
9324,3717,104,3,175.21,0.15
9325,3717,52,1,58.53,0.0
9326,3717,94,3,121.02,0.1
9327,3717,59,1,28.01,0.1
9328,3718,24,2,1445.96,0.1
9329,3719,48,2,56.46,0.1
9330,3719,54,3,20.73,0.15
9331,3719,109,1,67.25,0.05
9332,3719,83,3,77.52,0.15
9333,3720,44,1,59.87,0.15
9334,3721,31,1,69.02,0.1
9335,3721,32,2,58.98,0.05
9336,3722,111,2,99.29,0.0
9337,3723,29,1,144.47,0.1
9338,3723,108,1,285.82,0.1
9339,3723,107,1,315.32,0.0
9340,3723,102,2,188.19,0.0
9341,3724,15,2,1466.49,0.0
9342,3724,46,1,64.91,0.15
9343,3724,112,2,66.68,0.0
9344,3724,8,2,1131.13,0.0
9345,3725,35,1,109.54,0.0
9346,3726,57,1,62.07,0.0
9347,3726,78,3,198.38,0.1
9348,3726,56,2,23.54,0.15
9349,3726,87,1,104.67,0.15
9350,3727,106,1,342.73,0.05
9351,3727,9,1,1017.39,0.15
9352,3727,111,3,99.29,0.1
9353,3727,20,3,1272.89,0.15
9354,3728,33,1,96.96,0.15
9355,3728,100,2,240.04,0.15
9356,3729,58,3,44.05,0.05
9357,3729,33,3,96.96,0.05
9358,3730,9,2,1017.39,0.1
9359,3730,116,3,92.44,0.1
9360,3730,42,1,58.5,0.0
9361,3730,33,1,96.96,0.05
9362,3731,9,2,1017.39,0.15
9363,3732,3,3,1143.05,0.05
9364,3732,69,2,114.57,0.15
9365,3732,21,2,1122.92,0.0
9366,3733,8,3,1131.13,0.05
9367,3733,73,3,117.31,0.05
9368,3733,36,3,67.29,0.0
9369,3734,61,1,73.16,0.05
9370,3734,69,1,114.57,0.0
9371,3735,49,3,53.79,0.0
9372,3735,104,1,175.21,0.1
9373,3736,37,1,36.6,0.1
9374,3736,77,3,105.72,0.0
9375,3736,34,2,125.09,0.0
9376,3737,72,3,111.1,0.0
9377,3737,73,3,117.31,0.05
9378,3737,114,2,46.87,0.0
9379,3737,12,1,876.42,0.15
9380,3738,115,2,74.95,0.1
9381,3739,13,2,1416.4,0.05
9382,3739,14,3,929.55,0.1
9383,3739,62,1,99.59,0.0
9384,3739,98,2,406.86,0.15
9385,3740,71,3,69.64,0.0
9386,3740,20,2,1272.89,0.15
9387,3740,36,2,67.29,0.1
9388,3741,30,1,139.26,0.05
9389,3742,12,3,876.42,0.15
9390,3742,58,1,44.05,0.05
9391,3742,45,3,58.26,0.1
9392,3742,76,3,115.79,0.1
9393,3743,79,2,243.88,0.1
9394,3744,11,1,863.36,0.05
9395,3745,19,2,1303.76,0.15
9396,3745,57,1,62.07,0.1
9397,3746,31,3,69.02,0.1
9398,3746,79,3,243.88,0.1
9399,3747,12,3,876.42,0.0
9400,3747,31,1,69.02,0.0
9401,3748,100,2,240.04,0.0
9402,3748,13,1,1416.4,0.1
9403,3748,87,2,104.67,0.05
9404,3749,65,1,94.35,0.15
9405,3750,105,1,321.26,0.05
9406,3750,41,1,45.79,0.1
9407,3751,73,3,117.31,0.15
9408,3751,45,3,58.26,0.15
9409,3752,63,1,82.03,0.05
9410,3753,110,2,31.39,0.0
9411,3753,89,2,55.64,0.05
9412,3753,42,3,58.5,0.1
9413,3754,24,3,1445.96,0.15
9414,3754,47,3,31.94,0.05
9415,3754,95,3,67.35,0.05
9416,3754,45,3,58.26,0.15
9417,3755,81,2,111.58,0.15
9418,3755,82,3,113.87,0.05
9419,3756,69,3,114.57,0.05
9420,3756,18,2,813.45,0.05
9421,3756,106,1,342.73,0.0
9422,3757,11,2,863.36,0.05
9423,3758,107,1,315.32,0.1
9424,3758,39,2,57.67,0.15
9425,3759,28,1,89.14,0.15
9426,3759,95,3,67.35,0.15
9427,3759,63,1,82.03,0.0
9428,3759,12,3,876.42,0.1
9429,3760,103,1,299.32,0.05
9430,3761,58,2,44.05,0.05
9431,3761,89,3,55.64,0.15
9432,3761,96,2,124.74,0.1
9433,3762,119,1,62.24,0.05
9434,3762,50,1,52.38,0.05
9435,3762,20,2,1272.89,0.15
9436,3763,76,3,115.79,0.15
9437,3763,73,1,117.31,0.05
9438,3764,6,3,1247.26,0.05
9439,3764,118,3,70.37,0.1
9440,3764,94,2,121.02,0.0
9441,3764,56,1,23.54,0.15
9442,3765,10,1,783.62,0.15
9443,3765,49,1,53.79,0.1
9444,3766,102,1,188.19,0.05
9445,3766,103,2,299.32,0.05
9446,3766,14,3,929.55,0.0
9447,3766,97,2,308.18,0.15
9448,3767,41,1,45.79,0.15
9449,3767,81,3,111.58,0.1
9450,3768,87,3,104.67,0.15
9451,3769,59,1,28.01,0.1
9452,3770,32,2,58.98,0.0
9453,3771,27,2,116.94,0.05
9454,3771,103,1,299.32,0.05
9455,3771,107,1,315.32,0.15
9456,3772,100,3,240.04,0.0
9457,3772,10,3,783.62,0.0
9458,3773,6,3,1247.26,0.15
9459,3773,99,3,181.09,0.15
9460,3774,23,1,1138.4,0.0
9461,3774,16,1,1522.38,0.15
9462,3774,72,2,111.1,0.15
9463,3775,14,1,929.55,0.15
9464,3775,16,2,1522.38,0.15
9465,3776,88,1,109.47,0.05
9466,3776,28,1,89.14,0.15
9467,3777,112,2,66.68,0.1
9468,3777,18,3,813.45,0.0
9469,3778,4,1,1016.95,0.0
9470,3778,54,2,20.73,0.0
9471,3779,113,1,45.91,0.0
9472,3779,51,1,53.62,0.1
9473,3780,59,3,28.01,0.05
9474,3781,20,3,1272.89,0.0
9475,3781,25,1,101.45,0.05
9476,3782,107,3,315.32,0.1
9477,3783,50,3,52.38,0.05
9478,3783,79,2,243.88,0.0
9479,3783,11,2,863.36,0.15
9480,3784,47,3,31.94,0.0
9481,3784,7,2,1081.5,0.05
9482,3784,90,3,100.08,0.1
9483,3785,52,3,58.53,0.05
9484,3786,40,3,52.28,0.1
9485,3787,113,2,45.91,0.0
9486,3788,4,2,1016.95,0.15
9487,3788,76,1,115.79,0.0
9488,3789,82,1,113.87,0.1
9489,3790,29,2,144.47,0.05
9490,3791,76,2,115.79,0.0
9491,3792,51,1,53.62,0.15
9492,3793,56,3,23.54,0.0
9493,3793,67,2,48.23,0.15
9494,3793,31,2,69.02,0.0
9495,3794,112,3,66.68,0.1
9496,3794,108,2,285.82,0.1
9497,3794,47,3,31.94,0.05
9498,3795,18,1,813.45,0.05
9499,3796,77,3,105.72,0.0
9500,3797,110,2,31.39,0.1
9501,3798,50,2,52.38,0.15
9502,3798,105,3,321.26,0.1
9503,3799,83,3,77.52,0.1
9504,3799,21,1,1122.92,0.15
9505,3799,85,2,122.17,0.15
9506,3799,19,3,1303.76,0.15
9507,3800,109,1,67.25,0.0
9508,3800,72,1,111.1,0.15
9509,3800,63,3,82.03,0.1
9510,3801,12,1,876.42,0.15
9511,3801,33,1,96.96,0.15
9512,3801,38,2,53.59,0.1
9513,3802,46,1,64.91,0.0
9514,3802,2,1,1276.88,0.0
9515,3802,72,2,111.1,0.1
9516,3803,117,2,75.36,0.05
9517,3803,118,3,70.37,0.1
9518,3803,33,1,96.96,0.15
9519,3803,18,3,813.45,0.0
9520,3804,34,1,125.09,0.0
9521,3804,42,2,58.5,0.15
9522,3805,54,2,20.73,0.1
9523,3805,1,1,1061.42,0.15
9524,3806,47,2,31.94,0.1
9525,3806,22,1,845.9,0.0
9526,3807,24,1,1445.96,0.1
9527,3807,70,2,54.65,0.0
9528,3808,50,1,52.38,0.15
9529,3809,71,2,69.64,0.05
9530,3809,15,3,1466.49,0.05
9531,3810,4,3,1016.95,0.05
9532,3811,14,2,929.55,0.1
9533,3811,18,2,813.45,0.1
9534,3811,104,3,175.21,0.15
9535,3811,8,2,1131.13,0.15
9536,3812,22,3,845.9,0.1
9537,3812,43,2,30.23,0.0
9538,3812,116,3,92.44,0.0
9539,3812,7,3,1081.5,0.1
9540,3813,113,3,45.91,0.05
9541,3814,81,1,111.58,0.1
9542,3814,43,1,30.23,0.05
9543,3814,98,2,406.86,0.1
9544,3815,44,3,59.87,0.0
9545,3815,107,3,315.32,0.0
9546,3815,73,2,117.31,0.05
9547,3815,16,3,1522.38,0.05
9548,3816,63,3,82.03,0.05
9549,3816,29,1,144.47,0.05
9550,3816,114,3,46.87,0.1
9551,3816,2,1,1276.88,0.0
9552,3817,76,1,115.79,0.0
9553,3817,19,3,1303.76,0.0
9554,3817,90,2,100.08,0.0
9555,3817,89,2,55.64,0.0
9556,3818,38,2,53.59,0.1
9557,3818,117,1,75.36,0.15
9558,3818,98,3,406.86,0.0
9559,3818,40,2,52.28,0.05
9560,3819,32,3,58.98,0.1
9561,3819,15,3,1466.49,0.1
9562,3819,99,2,181.09,0.15
9563,3820,80,1,81.78,0.15
9564,3820,21,1,1122.92,0.05
9565,3820,73,3,117.31,0.15
9566,3820,49,1,53.79,0.05
9567,3821,25,3,101.45,0.0
9568,3822,88,2,109.47,0.0
9569,3822,104,3,175.21,0.05
9570,3822,14,2,929.55,0.05
9571,3823,20,3,1272.89,0.15
9572,3823,74,2,179.47,0.0
9573,3824,75,1,181.68,0.15
9574,3825,55,1,32.53,0.15
9575,3825,96,2,124.74,0.05
9576,3826,10,2,783.62,0.05
9577,3826,68,2,86.11,0.0
9578,3827,96,1,124.74,0.0
9579,3827,72,1,111.1,0.1
9580,3827,19,2,1303.76,0.15
9581,3827,53,1,55.82,0.0
9582,3828,114,3,46.87,0.1
9583,3828,102,2,188.19,0.0
9584,3828,97,2,308.18,0.1
9585,3828,30,2,139.26,0.15
9586,3829,100,2,240.04,0.1
9587,3830,2,3,1276.88,0.1
9588,3831,71,2,69.64,0.0
9589,3831,86,2,110.76,0.1
9590,3831,47,2,31.94,0.0
9591,3832,115,3,74.95,0.0
9592,3832,9,3,1017.39,0.05
9593,3832,66,2,106.71,0.1
9594,3833,56,2,23.54,0.05
9595,3833,9,2,1017.39,0.15
9596,3834,98,2,406.86,0.05
9597,3834,104,1,175.21,0.1
9598,3835,58,1,44.05,0.05
9599,3835,117,3,75.36,0.05
9600,3836,1,3,1061.42,0.05
9601,3836,100,2,240.04,0.0
9602,3837,75,2,181.68,0.05
9603,3837,24,3,1445.96,0.15
9604,3837,93,3,73.99,0.0
9605,3838,84,1,189.75,0.15
9606,3838,17,3,1005.58,0.0
9607,3838,114,3,46.87,0.0
9608,3838,90,2,100.08,0.1
9609,3839,5,1,856.49,0.0
9610,3839,120,1,64.19,0.15
9611,3840,32,2,58.98,0.0
9612,3840,65,3,94.35,0.15
9613,3841,40,1,52.28,0.15
9614,3841,77,3,105.72,0.1
9615,3841,2,3,1276.88,0.0
9616,3841,61,1,73.16,0.1
9617,3842,23,3,1138.4,0.05
9618,3843,116,1,92.44,0.0
9619,3843,82,3,113.87,0.05
9620,3843,73,1,117.31,0.15
9621,3844,76,1,115.79,0.15
9622,3844,41,3,45.79,0.05
9623,3845,22,3,845.9,0.15
9624,3845,81,1,111.58,0.0
9625,3845,39,2,57.67,0.15
9626,3845,105,3,321.26,0.05
9627,3846,9,3,1017.39,0.1
9628,3847,91,1,94.87,0.0
9629,3847,10,2,783.62,0.1
9630,3847,109,2,67.25,0.0
9631,3848,17,2,1005.58,0.1
9632,3848,37,2,36.6,0.05
9633,3848,71,1,69.64,0.15
9634,3848,58,3,44.05,0.15
9635,3849,103,2,299.32,0.15
9636,3849,58,1,44.05,0.15
9637,3850,53,3,55.82,0.0
9638,3850,72,2,111.1,0.1
9639,3851,83,2,77.52,0.15
9640,3851,29,3,144.47,0.05
9641,3851,114,3,46.87,0.05
9642,3852,116,3,92.44,0.1
9643,3853,92,2,59.67,0.05
9644,3853,64,3,93.19,0.1
9645,3853,114,2,46.87,0.05
9646,3853,68,2,86.11,0.0
9647,3854,25,3,101.45,0.15
9648,3854,98,1,406.86,0.1
9649,3855,45,2,58.26,0.15
9650,3855,107,3,315.32,0.0
9651,3856,80,3,81.78,0.0
9652,3856,43,2,30.23,0.0
9653,3857,27,2,116.94,0.0
9654,3857,98,1,406.86,0.0
9655,3857,21,2,1122.92,0.05
9656,3857,76,2,115.79,0.1
9657,3858,66,3,106.71,0.15
9658,3859,100,3,240.04,0.15
9659,3859,110,1,31.39,0.15
9660,3859,14,3,929.55,0.05
9661,3859,79,3,243.88,0.05
9662,3860,22,3,845.9,0.15
9663,3861,9,2,1017.39,0.1
9664,3862,67,3,48.23,0.05
9665,3862,49,3,53.79,0.0
9666,3862,28,1,89.14,0.15
9667,3863,41,3,45.79,0.1
9668,3863,62,1,99.59,0.0
9669,3863,27,3,116.94,0.15
9670,3864,106,3,342.73,0.0
9671,3864,15,3,1466.49,0.1
9672,3864,53,1,55.82,0.0
9673,3864,113,2,45.91,0.15
9674,3865,38,2,53.59,0.15
9675,3865,89,3,55.64,0.0
9676,3865,48,3,56.46,0.0
9677,3866,111,2,99.29,0.1
9678,3866,80,2,81.78,0.1
9679,3866,58,2,44.05,0.0
9680,3866,43,2,30.23,0.05
9681,3867,25,3,101.45,0.05
9682,3867,31,3,69.02,0.1
9683,3867,112,3,66.68,0.15
9684,3868,66,2,106.71,0.1
9685,3869,25,2,101.45,0.05
9686,3870,18,3,813.45,0.15
9687,3871,79,1,243.88,0.05
9688,3871,8,1,1131.13,0.1
9689,3871,111,2,99.29,0.05
9690,3871,22,1,845.9,0.05
9691,3872,43,3,30.23,0.0
9692,3872,107,1,315.32,0.15
9693,3872,57,1,62.07,0.1
9694,3873,17,3,1005.58,0.05
9695,3873,32,2,58.98,0.1
9696,3873,8,2,1131.13,0.05
9697,3873,49,2,53.79,0.0
9698,3874,52,2,58.53,0.15
9699,3874,63,2,82.03,0.15
9700,3875,96,3,124.74,0.05
9701,3875,17,2,1005.58,0.15
9702,3876,61,2,73.16,0.0
9703,3876,41,1,45.79,0.0
9704,3876,43,3,30.23,0.1
9705,3876,100,2,240.04,0.1
9706,3877,116,3,92.44,0.05
9707,3877,39,2,57.67,0.15
9708,3877,27,2,116.94,0.1
9709,3878,99,2,181.09,0.15
9710,3878,70,3,54.65,0.0
9711,3878,67,3,48.23,0.15
9712,3879,16,1,1522.38,0.1
9713,3879,70,3,54.65,0.0
9714,3879,89,3,55.64,0.1
9715,3880,60,2,31.57,0.0
9716,3880,36,2,67.29,0.05
9717,3880,24,2,1445.96,0.1
9718,3881,9,2,1017.39,0.15
9719,3881,8,3,1131.13,0.05
9720,3881,78,3,198.38,0.15
9721,3881,43,2,30.23,0.0
9722,3882,79,2,243.88,0.15
9723,3882,16,1,1522.38,0.05
9724,3883,30,2,139.26,0.15
9725,3884,69,2,114.57,0.0
9726,3884,64,3,93.19,0.15
9727,3884,62,2,99.59,0.0
9728,3885,108,3,285.82,0.05
9729,3885,103,2,299.32,0.15
9730,3886,99,2,181.09,0.05
9731,3886,87,1,104.67,0.15
9732,3886,104,2,175.21,0.0
9733,3887,95,2,67.35,0.0
9734,3887,98,2,406.86,0.05
9735,3887,109,1,67.25,0.15
9736,3887,68,1,86.11,0.0
9737,3888,17,3,1005.58,0.15
9738,3888,39,2,57.67,0.0
9739,3888,88,3,109.47,0.1
9740,3888,105,2,321.26,0.15
9741,3889,4,2,1016.95,0.1
9742,3889,100,2,240.04,0.05
9743,3889,41,2,45.79,0.1
9744,3889,29,2,144.47,0.0
9745,3890,7,3,1081.5,0.0
9746,3890,116,1,92.44,0.05
9747,3891,69,1,114.57,0.05
9748,3891,2,1,1276.88,0.1
9749,3892,82,3,113.87,0.15
9750,3892,46,3,64.91,0.15
9751,3892,52,3,58.53,0.0
9752,3893,25,2,101.45,0.05
9753,3893,12,2,876.42,0.0
9754,3894,42,3,58.5,0.05
9755,3894,66,2,106.71,0.15
9756,3894,89,3,55.64,0.15
9757,3894,35,1,109.54,0.05
9758,3895,103,1,299.32,0.05
9759,3895,31,2,69.02,0.15
9760,3896,33,2,96.96,0.15
9761,3896,102,2,188.19,0.0
9762,3896,42,2,58.5,0.05
9763,3897,28,1,89.14,0.1
9764,3898,82,2,113.87,0.05
9765,3898,53,1,55.82,0.1
9766,3899,37,1,36.6,0.05
9767,3899,55,3,32.53,0.0
9768,3899,96,1,124.74,0.1
9769,3900,39,1,57.67,0.05
9770,3900,87,3,104.67,0.0
9771,3900,7,2,1081.5,0.05
9772,3901,106,3,342.73,0.15
9773,3901,24,1,1445.96,0.15
9774,3901,44,3,59.87,0.0
9775,3902,101,2,403.43,0.15
9776,3902,65,2,94.35,0.0
9777,3903,87,3,104.67,0.1
9778,3903,35,1,109.54,0.1
9779,3903,80,3,81.78,0.05
9780,3903,12,3,876.42,0.1
9781,3904,99,3,181.09,0.1
9782,3904,35,1,109.54,0.05
9783,3904,54,1,20.73,0.15
9784,3905,99,1,181.09,0.15
9785,3905,76,1,115.79,0.1
9786,3905,59,1,28.01,0.0
9787,3906,40,2,52.28,0.1
9788,3906,30,1,139.26,0.0
9789,3906,98,3,406.86,0.1
9790,3906,77,2,105.72,0.0
9791,3907,14,2,929.55,0.0
9792,3907,74,2,179.47,0.15
9793,3908,109,1,67.25,0.05
9794,3909,113,1,45.91,0.0
9795,3909,50,2,52.38,0.1
9796,3910,105,2,321.26,0.15
9797,3910,19,2,1303.76,0.15
9798,3910,114,2,46.87,0.15
9799,3910,65,3,94.35,0.05
9800,3911,27,3,116.94,0.1
9801,3911,10,1,783.62,0.1
9802,3911,4,2,1016.95,0.15
9803,3912,87,3,104.67,0.1
9804,3913,78,3,198.38,0.05
9805,3913,58,1,44.05,0.0
9806,3914,52,3,58.53,0.0
9807,3914,97,2,308.18,0.1
9808,3914,102,2,188.19,0.15
9809,3915,82,1,113.87,0.05
9810,3915,60,2,31.57,0.0
9811,3915,1,3,1061.42,0.15
9812,3915,115,2,74.95,0.15
9813,3916,5,2,856.49,0.05
9814,3916,63,1,82.03,0.1
9815,3917,27,3,116.94,0.15
9816,3917,75,2,181.68,0.1
9817,3917,3,2,1143.05,0.15
9818,3918,81,2,111.58,0.0
9819,3918,102,3,188.19,0.15
9820,3918,33,1,96.96,0.0
9821,3919,16,1,1522.38,0.05
9822,3920,117,3,75.36,0.0
9823,3920,24,3,1445.96,0.15
9824,3920,79,3,243.88,0.1
9825,3920,88,1,109.47,0.15
9826,3921,85,1,122.17,0.0
9827,3921,54,2,20.73,0.05
9828,3921,36,2,67.29,0.05
9829,3921,62,2,99.59,0.1
9830,3922,70,1,54.65,0.0
9831,3923,11,1,863.36,0.05
9832,3923,82,1,113.87,0.1
9833,3923,111,1,99.29,0.0
9834,3923,68,1,86.11,0.15
9835,3924,27,2,116.94,0.0
9836,3924,5,2,856.49,0.05
9837,3924,71,3,69.64,0.05
9838,3925,109,2,67.25,0.1
9839,3925,39,2,57.67,0.15
9840,3926,8,1,1131.13,0.15
9841,3926,56,2,23.54,0.05
9842,3926,59,1,28.01,0.1
9843,3926,83,1,77.52,0.0
9844,3927,65,3,94.35,0.1
9845,3928,84,1,189.75,0.15
9846,3929,60,3,31.57,0.15
9847,3929,82,3,113.87,0.1
9848,3929,112,3,66.68,0.1
9849,3930,114,1,46.87,0.05
9850,3931,82,3,113.87,0.1
9851,3931,76,2,115.79,0.0
9852,3931,97,1,308.18,0.05
9853,3932,41,1,45.79,0.0
9854,3932,21,2,1122.92,0.1
9855,3932,28,1,89.14,0.05
9856,3932,99,2,181.09,0.05
9857,3933,4,2,1016.95,0.0
9858,3933,101,1,403.43,0.0
9859,3934,58,3,44.05,0.15
9860,3934,45,2,58.26,0.0
9861,3934,26,2,114.37,0.05
9862,3935,105,1,321.26,0.0
9863,3935,82,1,113.87,0.1
9864,3936,50,3,52.38,0.05
9865,3936,29,1,144.47,0.0
9866,3937,69,3,114.57,0.15
9867,3938,39,2,57.67,0.05
9868,3939,119,1,62.24,0.05
9869,3939,62,2,99.59,0.0
9870,3939,17,3,1005.58,0.15
9871,3939,12,3,876.42,0.0
9872,3940,54,2,20.73,0.05
9873,3940,116,1,92.44,0.1
9874,3940,55,1,32.53,0.15
9875,3940,30,2,139.26,0.05
9876,3941,120,2,64.19,0.15
9877,3942,13,1,1416.4,0.1
9878,3942,38,3,53.59,0.1
9879,3942,61,2,73.16,0.1
9880,3943,44,2,59.87,0.15
9881,3943,23,2,1138.4,0.15
9882,3944,88,3,109.47,0.1
9883,3944,107,1,315.32,0.15
9884,3945,85,3,122.17,0.0
9885,3945,62,1,99.59,0.1
9886,3946,87,2,104.67,0.0
9887,3947,94,1,121.02,0.05
9888,3947,86,1,110.76,0.0
9889,3947,81,3,111.58,0.1
9890,3947,95,2,67.35,0.15
9891,3948,47,3,31.94,0.1
9892,3949,51,1,53.62,0.0
9893,3950,42,3,58.5,0.15
9894,3951,45,1,58.26,0.05
9895,3952,53,2,55.82,0.15
9896,3952,32,3,58.98,0.0
9897,3953,37,1,36.6,0.1
9898,3953,63,3,82.03,0.1
9899,3954,13,3,1416.4,0.15
9900,3954,103,3,299.32,0.1
9901,3955,39,1,57.67,0.05
9902,3955,17,2,1005.58,0.05
9903,3955,78,3,198.38,0.1
9904,3955,82,3,113.87,0.15
9905,3956,14,1,929.55,0.0
9906,3956,54,3,20.73,0.1
9907,3956,87,2,104.67,0.1
9908,3957,29,1,144.47,0.1
9909,3957,14,3,929.55,0.0
9910,3958,29,1,144.47,0.15
9911,3958,35,3,109.54,0.1
9912,3958,1,2,1061.42,0.15
9913,3958,33,2,96.96,0.1
9914,3959,67,1,48.23,0.15
9915,3959,103,3,299.32,0.05
9916,3959,43,1,30.23,0.15
9917,3959,98,2,406.86,0.0
9918,3960,81,2,111.58,0.1
9919,3960,71,2,69.64,0.15
9920,3961,81,1,111.58,0.1
9921,3962,63,2,82.03,0.15
9922,3963,29,3,144.47,0.05
9923,3964,69,2,114.57,0.1
9924,3964,99,3,181.09,0.05
9925,3964,31,3,69.02,0.05
9926,3964,26,2,114.37,0.1
9927,3965,112,2,66.68,0.05
9928,3965,2,2,1276.88,0.0
9929,3965,85,2,122.17,0.15
9930,3965,25,3,101.45,0.1
9931,3966,14,3,929.55,0.0
9932,3967,111,3,99.29,0.0
9933,3967,29,3,144.47,0.05
9934,3967,73,3,117.31,0.05
9935,3967,83,2,77.52,0.1
9936,3968,59,1,28.01,0.05
9937,3968,61,2,73.16,0.15
9938,3969,25,3,101.45,0.0
9939,3969,106,3,342.73,0.0
9940,3969,107,3,315.32,0.15
9941,3970,2,1,1276.88,0.05
9942,3970,117,1,75.36,0.05
9943,3970,68,1,86.11,0.0
9944,3971,42,1,58.5,0.05
9945,3971,72,3,111.1,0.05
9946,3971,96,2,124.74,0.15
9947,3971,38,2,53.59,0.1
9948,3972,17,1,1005.58,0.05
9949,3972,68,3,86.11,0.15
9950,3972,2,2,1276.88,0.15
9951,3972,119,1,62.24,0.15
9952,3973,86,1,110.76,0.0
9953,3974,119,3,62.24,0.05
9954,3974,25,3,101.45,0.15
9955,3974,59,3,28.01,0.15
9956,3975,7,1,1081.5,0.0
9957,3975,117,2,75.36,0.0
9958,3976,74,3,179.47,0.15
9959,3976,95,2,67.35,0.15
9960,3976,22,1,845.9,0.0
9961,3976,27,2,116.94,0.1
9962,3977,58,1,44.05,0.05
9963,3978,107,3,315.32,0.1
9964,3978,106,1,342.73,0.15
9965,3979,40,1,52.28,0.15
9966,3979,75,1,181.68,0.15
9967,3980,7,3,1081.5,0.05
9968,3981,59,3,28.01,0.05
9969,3981,109,2,67.25,0.15
9970,3981,20,3,1272.89,0.05
9971,3982,45,2,58.26,0.15
9972,3983,76,1,115.79,0.1
9973,3983,53,3,55.82,0.0
9974,3984,81,3,111.58,0.0
9975,3984,85,1,122.17,0.15
9976,3984,21,3,1122.92,0.0
9977,3985,104,1,175.21,0.0
9978,3986,101,3,403.43,0.15
9979,3986,67,2,48.23,0.1
9980,3986,39,1,57.67,0.0
9981,3987,45,1,58.26,0.15
9982,3987,95,3,67.35,0.05
9983,3987,70,1,54.65,0.0
9984,3987,108,3,285.82,0.0
9985,3988,37,3,36.6,0.1
9986,3988,111,2,99.29,0.1
9987,3988,27,3,116.94,0.05
9988,3988,98,3,406.86,0.05
9989,3989,65,3,94.35,0.1
9990,3989,4,2,1016.95,0.0
9991,3989,90,1,100.08,0.0
9992,3989,89,2,55.64,0.0
9993,3990,35,1,109.54,0.1
9994,3990,91,3,94.87,0.1
9995,3991,15,1,1466.49,0.15
9996,3991,74,3,179.47,0.15
9997,3991,89,1,55.64,0.1
9998,3992,104,2,175.21,0.05
9999,3992,61,2,73.16,0.15
10000,3992,89,2,55.64,0.1
10001,3993,88,3,109.47,0.05
10002,3994,80,1,81.78,0.0
10003,3995,35,2,109.54,0.1
10004,3995,83,3,77.52,0.0
10005,3996,6,1,1247.26,0.05
10006,3996,87,1,104.67,0.0
10007,3997,59,2,28.01,0.05
10008,3997,32,3,58.98,0.15
10009,3997,28,2,89.14,0.1
10010,3998,66,2,106.71,0.15
10011,3998,53,3,55.82,0.1
10012,3998,72,1,111.1,0.15
10013,3999,85,2,122.17,0.15
10014,3999,52,1,58.53,0.05
10015,4000,34,2,125.09,0.1
10016,4000,52,1,58.53,0.05
10017,4000,83,2,77.52,0.15
10018,4001,37,2,36.6,0.0
10019,4001,59,3,28.01,0.1
10020,4001,1,2,1061.42,0.0
10021,4002,62,2,99.59,0.1
10022,4002,6,3,1247.26,0.0
10023,4003,26,3,114.37,0.15
10024,4004,21,3,1122.92,0.0
10025,4004,23,3,1138.4,0.05
10026,4004,74,1,179.47,0.05
10027,4005,109,1,67.25,0.0
10028,4005,114,3,46.87,0.0
10029,4005,60,1,31.57,0.15
10030,4005,93,2,73.99,0.15
10031,4006,70,3,54.65,0.1
10032,4006,80,3,81.78,0.05
10033,4006,1,2,1061.42,0.0
10034,4007,61,1,73.16,0.1
10035,4007,33,2,96.96,0.15
10036,4007,78,3,198.38,0.05
10037,4008,90,3,100.08,0.15
10038,4009,68,3,86.11,0.1
10039,4009,87,1,104.67,0.0
10040,4009,8,3,1131.13,0.15
10041,4010,108,3,285.82,0.0
10042,4010,73,2,117.31,0.05
10043,4010,95,3,67.35,0.0
10044,4010,5,1,856.49,0.15
10045,4011,39,3,57.67,0.1
10046,4011,8,2,1131.13,0.1
10047,4011,18,3,813.45,0.15
10048,4011,117,2,75.36,0.1
10049,4012,67,2,48.23,0.05
10050,4012,12,2,876.42,0.05
10051,4012,30,1,139.26,0.05
10052,4012,5,2,856.49,0.1
10053,4013,42,1,58.5,0.05
10054,4013,75,1,181.68,0.1
10055,4013,92,3,59.67,0.0
10056,4014,10,2,783.62,0.05
10057,4014,118,3,70.37,0.15
10058,4014,14,2,929.55,0.05
10059,4014,99,2,181.09,0.0
10060,4015,26,1,114.37,0.05
10061,4015,18,1,813.45,0.0
10062,4015,64,2,93.19,0.1
10063,4015,90,3,100.08,0.0
10064,4016,1,2,1061.42,0.15
10065,4016,100,1,240.04,0.1
10066,4016,81,2,111.58,0.05
10067,4016,110,1,31.39,0.1
10068,4017,27,2,116.94,0.1
10069,4017,32,1,58.98,0.15
10070,4017,93,3,73.99,0.05
10071,4017,47,3,31.94,0.15
10072,4018,47,3,31.94,0.0
10073,4019,45,1,58.26,0.15
10074,4019,110,1,31.39,0.05
10075,4020,94,3,121.02,0.1
10076,4020,96,3,124.74,0.1
10077,4020,102,1,188.19,0.15
10078,4021,43,3,30.23,0.15
10079,4021,37,1,36.6,0.05
10080,4022,103,1,299.32,0.0
10081,4022,105,2,321.26,0.0
10082,4022,115,1,74.95,0.05
10083,4023,61,3,73.16,0.05
10084,4023,47,1,31.94,0.1
10085,4024,54,3,20.73,0.05
10086,4024,72,1,111.1,0.1
10087,4024,102,2,188.19,0.1
10088,4025,68,1,86.11,0.1
10089,4026,68,3,86.11,0.0
10090,4026,102,1,188.19,0.1
10091,4026,50,3,52.38,0.1
10092,4027,117,1,75.36,0.15
10093,4027,68,3,86.11,0.05
10094,4028,2,2,1276.88,0.1
10095,4028,39,1,57.67,0.0
10096,4028,33,2,96.96,0.1
10097,4029,45,3,58.26,0.0
10098,4029,101,3,403.43,0.15
10099,4029,42,2,58.5,0.15
10100,4029,67,3,48.23,0.15
10101,4030,6,1,1247.26,0.0
10102,4030,33,1,96.96,0.15
10103,4031,106,2,342.73,0.15
10104,4032,44,1,59.87,0.0
10105,4032,76,2,115.79,0.05
10106,4033,18,1,813.45,0.05
10107,4034,35,1,109.54,0.05
10108,4035,34,3,125.09,0.05
10109,4035,95,1,67.35,0.1
10110,4036,100,1,240.04,0.0
10111,4036,90,1,100.08,0.0
10112,4037,70,3,54.65,0.05
10113,4037,85,2,122.17,0.05
10114,4038,43,1,30.23,0.1
10115,4038,30,2,139.26,0.0
10116,4039,53,2,55.82,0.1
10117,4039,95,1,67.35,0.15
10118,4039,63,2,82.03,0.1
10119,4040,71,1,69.64,0.0
10120,4041,115,1,74.95,0.15
10121,4041,120,1,64.19,0.05
10122,4042,55,3,32.53,0.05
10123,4042,61,2,73.16,0.0
10124,4042,108,2,285.82,0.05
10125,4043,104,3,175.21,0.15
10126,4043,77,3,105.72,0.15
10127,4043,86,2,110.76,0.05
10128,4044,9,2,1017.39,0.05
10129,4044,36,3,67.29,0.05
10130,4045,26,3,114.37,0.0
10131,4045,67,1,48.23,0.1
10132,4046,50,1,52.38,0.15
10133,4047,118,1,70.37,0.0
10134,4047,105,2,321.26,0.1
10135,4047,109,1,67.25,0.05
10136,4048,33,2,96.96,0.15
10137,4048,104,2,175.21,0.0
10138,4049,5,1,856.49,0.05
10139,4049,36,1,67.29,0.15
10140,4049,54,2,20.73,0.0
10141,4050,27,3,116.94,0.15
10142,4050,92,3,59.67,0.1
10143,4051,98,3,406.86,0.1
10144,4051,5,2,856.49,0.15
10145,4052,45,2,58.26,0.05
10146,4052,104,1,175.21,0.05
10147,4053,112,2,66.68,0.1
10148,4053,114,3,46.87,0.1
10149,4053,9,2,1017.39,0.15
10150,4053,72,2,111.1,0.15
10151,4054,95,3,67.35,0.15
10152,4054,47,2,31.94,0.0
10153,4055,59,3,28.01,0.0
10154,4055,109,3,67.25,0.05
10155,4056,103,3,299.32,0.1
10156,4056,82,3,113.87,0.0
10157,4056,86,1,110.76,0.0
10158,4057,10,3,783.62,0.15
10159,4057,19,2,1303.76,0.15
10160,4057,55,3,32.53,0.0
10161,4058,39,1,57.67,0.15
10162,4058,62,2,99.59,0.05
10163,4058,5,2,856.49,0.1
10164,4058,32,1,58.98,0.05
10165,4059,18,3,813.45,0.0
10166,4059,53,2,55.82,0.05
10167,4060,62,2,99.59,0.05
10168,4060,10,3,783.62,0.1
10169,4061,43,3,30.23,0.15
10170,4062,31,3,69.02,0.05
10171,4062,94,1,121.02,0.1
10172,4062,10,1,783.62,0.15
10173,4063,8,3,1131.13,0.15
10174,4063,56,2,23.54,0.1
10175,4063,57,1,62.07,0.15
10176,4063,84,3,189.75,0.05
10177,4064,68,3,86.11,0.0
10178,4064,11,3,863.36,0.0
10179,4064,95,1,67.35,0.05
10180,4064,6,2,1247.26,0.1
10181,4065,17,3,1005.58,0.15
10182,4065,14,2,929.55,0.0
10183,4065,15,1,1466.49,0.1
10184,4066,57,1,62.07,0.05
10185,4067,4,3,1016.95,0.05
10186,4067,37,1,36.6,0.15
10187,4068,8,2,1131.13,0.0
10188,4069,48,1,56.46,0.0
10189,4069,101,2,403.43,0.15
10190,4069,2,3,1276.88,0.1
10191,4070,57,1,62.07,0.1
10192,4070,104,1,175.21,0.1
10193,4070,46,3,64.91,0.05
10194,4070,83,2,77.52,0.0
10195,4071,35,3,109.54,0.05
10196,4072,44,1,59.87,0.15
10197,4073,117,3,75.36,0.15
10198,4074,27,3,116.94,0.05
10199,4074,97,2,308.18,0.0
10200,4074,48,1,56.46,0.15
10201,4075,81,2,111.58,0.15
10202,4076,109,3,67.25,0.0
10203,4077,19,2,1303.76,0.05
10204,4077,1,2,1061.42,0.0
10205,4078,119,3,62.24,0.15
10206,4078,3,3,1143.05,0.0
10207,4078,71,3,69.64,0.15
10208,4079,5,3,856.49,0.05
10209,4079,13,1,1416.4,0.0
10210,4079,87,3,104.67,0.1
10211,4079,2,1,1276.88,0.0
10212,4080,102,3,188.19,0.05
10213,4081,94,3,121.02,0.1
10214,4081,10,3,783.62,0.05
10215,4081,43,2,30.23,0.1
10216,4082,52,2,58.53,0.05
10217,4082,55,2,32.53,0.05
10218,4083,71,1,69.64,0.0
10219,4083,9,2,1017.39,0.0
10220,4083,113,1,45.91,0.05
10221,4084,64,1,93.19,0.15
10222,4084,61,2,73.16,0.15
10223,4084,80,3,81.78,0.0
10224,4084,67,1,48.23,0.15
10225,4085,65,3,94.35,0.05
10226,4086,25,1,101.45,0.1
10227,4086,96,2,124.74,0.05
10228,4087,50,2,52.38,0.05
10229,4087,11,1,863.36,0.0
10230,4087,107,2,315.32,0.05
10231,4087,91,3,94.87,0.1
10232,4088,8,2,1131.13,0.15
10233,4088,113,1,45.91,0.0
10234,4088,88,1,109.47,0.1
10235,4088,72,1,111.1,0.05
10236,4089,51,2,53.62,0.0
10237,4089,115,3,74.95,0.15
10238,4089,62,1,99.59,0.05
10239,4089,28,1,89.14,0.1
10240,4090,55,2,32.53,0.1
10241,4090,2,1,1276.88,0.0
10242,4090,102,3,188.19,0.0
10243,4090,92,2,59.67,0.0
10244,4091,47,3,31.94,0.0
10245,4091,7,2,1081.5,0.1
10246,4092,75,3,181.68,0.1
10247,4093,9,1,1017.39,0.05
10248,4093,51,3,53.62,0.0
10249,4093,7,2,1081.5,0.15
10250,4093,48,1,56.46,0.0
10251,4094,53,3,55.82,0.1
10252,4094,64,3,93.19,0.0
10253,4095,57,3,62.07,0.0
10254,4095,36,1,67.29,0.15
10255,4095,73,2,117.31,0.15
10256,4095,107,2,315.32,0.1
10257,4096,36,1,67.29,0.15
10258,4097,43,2,30.23,0.1
10259,4098,92,3,59.67,0.05
10260,4099,28,2,89.14,0.15
10261,4100,113,2,45.91,0.05
10262,4100,51,2,53.62,0.0
10263,4100,61,2,73.16,0.05
10264,4101,64,3,93.19,0.0
10265,4101,1,1,1061.42,0.0
10266,4102,27,2,116.94,0.0
10267,4103,103,1,299.32,0.05
10268,4103,111,1,99.29,0.1
10269,4104,74,2,179.47,0.1
10270,4105,15,2,1466.49,0.0
10271,4105,114,3,46.87,0.0
10272,4105,52,2,58.53,0.15
10273,4106,36,1,67.29,0.1
10274,4107,17,1,1005.58,0.15
10275,4107,89,3,55.64,0.15
10276,4108,100,1,240.04,0.05
10277,4108,83,3,77.52,0.15
10278,4108,102,1,188.19,0.05
10279,4109,75,1,181.68,0.1
10280,4109,19,2,1303.76,0.15
10281,4109,116,2,92.44,0.05
10282,4110,46,3,64.91,0.0
10283,4110,25,3,101.45,0.0
10284,4110,113,1,45.91,0.05
10285,4111,39,3,57.67,0.05
10286,4111,33,3,96.96,0.15
10287,4111,29,1,144.47,0.15
10288,4112,44,2,59.87,0.1
10289,4112,29,2,144.47,0.15
10290,4112,100,1,240.04,0.0
10291,4112,95,3,67.35,0.05
10292,4113,21,2,1122.92,0.05
10293,4114,38,3,53.59,0.0
10294,4114,52,2,58.53,0.0
10295,4115,106,3,342.73,0.15
10296,4116,112,3,66.68,0.15
10297,4116,41,3,45.79,0.05
10298,4116,65,3,94.35,0.1
10299,4116,114,1,46.87,0.1
10300,4117,72,2,111.1,0.1
10301,4117,105,3,321.26,0.0
10302,4118,89,1,55.64,0.15
10303,4119,49,1,53.79,0.0
10304,4119,50,2,52.38,0.1
10305,4119,78,3,198.38,0.15
10306,4120,29,3,144.47,0.05
10307,4120,24,1,1445.96,0.1
10308,4120,88,3,109.47,0.05
10309,4121,80,1,81.78,0.1
10310,4122,46,1,64.91,0.05
10311,4123,23,3,1138.4,0.05
10312,4124,26,2,114.37,0.0
10313,4124,100,2,240.04,0.15
10314,4125,29,1,144.47,0.0
10315,4125,68,1,86.11,0.1
10316,4125,109,3,67.25,0.0
10317,4126,111,2,99.29,0.05
10318,4126,43,3,30.23,0.1
10319,4126,1,2,1061.42,0.15
10320,4126,5,3,856.49,0.0
10321,4127,50,2,52.38,0.05
10322,4127,9,2,1017.39,0.15
10323,4128,107,2,315.32,0.05
10324,4129,83,2,77.52,0.05
10325,4130,10,1,783.62,0.15
10326,4130,57,3,62.07,0.1
10327,4130,68,3,86.11,0.15
10328,4131,34,2,125.09,0.0
10329,4132,77,2,105.72,0.1
10330,4133,42,3,58.5,0.05
10331,4133,53,3,55.82,0.1
10332,4134,81,3,111.58,0.15
10333,4134,104,2,175.21,0.15
10334,4135,39,1,57.67,0.1
10335,4135,61,2,73.16,0.0
10336,4136,100,1,240.04,0.05
10337,4137,44,3,59.87,0.15
10338,4137,24,2,1445.96,0.1
10339,4137,73,2,117.31,0.05
10340,4137,29,2,144.47,0.1
10341,4138,75,3,181.68,0.05
10342,4138,82,3,113.87,0.15
10343,4138,66,2,106.71,0.1
10344,4139,24,1,1445.96,0.1
10345,4139,88,2,109.47,0.0
10346,4140,46,3,64.91,0.05
10347,4140,65,3,94.35,0.0
10348,4140,113,1,45.91,0.15
10349,4140,91,2,94.87,0.05
10350,4141,116,3,92.44,0.15
10351,4141,93,1,73.99,0.1
10352,4141,19,3,1303.76,0.05
10353,4142,4,3,1016.95,0.15
10354,4142,17,3,1005.58,0.05
10355,4143,103,1,299.32,0.05
10356,4143,36,3,67.29,0.1
10357,4144,90,3,100.08,0.0
10358,4144,93,3,73.99,0.15
10359,4144,114,2,46.87,0.05
10360,4144,81,2,111.58,0.05
10361,4145,14,3,929.55,0.15
10362,4145,15,1,1466.49,0.15
10363,4145,45,3,58.26,0.0
10364,4145,58,2,44.05,0.15
10365,4146,28,1,89.14,0.05
10366,4146,49,3,53.79,0.15
10367,4146,120,1,64.19,0.0
10368,4146,61,2,73.16,0.0
10369,4147,51,2,53.62,0.15
10370,4148,80,3,81.78,0.15
10371,4148,93,2,73.99,0.15
10372,4148,70,1,54.65,0.0
10373,4148,67,3,48.23,0.05
10374,4149,17,2,1005.58,0.15
10375,4149,33,3,96.96,0.15
10376,4150,108,2,285.82,0.1
10377,4150,57,2,62.07,0.05
10378,4150,12,2,876.42,0.15
10379,4150,82,3,113.87,0.1
10380,4151,4,3,1016.95,0.05
10381,4152,31,1,69.02,0.1
10382,4152,33,2,96.96,0.0
10383,4152,44,1,59.87,0.1
10384,4152,35,2,109.54,0.05
10385,4153,11,3,863.36,0.0
10386,4153,57,2,62.07,0.0
10387,4153,12,2,876.42,0.15
10388,4154,106,1,342.73,0.05
10389,4154,112,1,66.68,0.15
10390,4155,52,2,58.53,0.05
10391,4155,114,2,46.87,0.1
10392,4156,32,3,58.98,0.05
10393,4156,89,3,55.64,0.0
10394,4157,90,2,100.08,0.0
10395,4157,52,2,58.53,0.1
10396,4157,58,3,44.05,0.15
10397,4158,1,3,1061.42,0.05
10398,4158,47,2,31.94,0.05
10399,4158,55,1,32.53,0.0
10400,4158,69,1,114.57,0.1
10401,4159,101,2,403.43,0.05
10402,4159,51,2,53.62,0.15
10403,4160,86,2,110.76,0.0
10404,4160,40,1,52.28,0.15
10405,4160,93,1,73.99,0.05
10406,4161,82,2,113.87,0.0
10407,4161,4,2,1016.95,0.05
10408,4162,97,1,308.18,0.05
10409,4162,10,2,783.62,0.15
10410,4163,7,3,1081.5,0.15
10411,4163,56,3,23.54,0.05
10412,4163,78,1,198.38,0.05
10413,4164,120,1,64.19,0.05
10414,4164,3,3,1143.05,0.05
10415,4165,80,2,81.78,0.15
10416,4165,45,1,58.26,0.15
10417,4165,39,3,57.67,0.0
10418,4166,40,3,52.28,0.0
10419,4167,112,1,66.68,0.0
10420,4167,54,3,20.73,0.05
10421,4167,67,1,48.23,0.1
10422,4168,64,1,93.19,0.0
10423,4168,34,3,125.09,0.0
10424,4168,26,1,114.37,0.1
10425,4169,74,3,179.47,0.15
10426,4169,11,3,863.36,0.0
10427,4170,31,2,69.02,0.1
10428,4171,3,2,1143.05,0.1
10429,4171,117,3,75.36,0.05
10430,4172,54,3,20.73,0.0
10431,4173,95,1,67.35,0.15
10432,4173,54,2,20.73,0.05
10433,4174,27,3,116.94,0.15
10434,4174,17,1,1005.58,0.0
10435,4174,8,2,1131.13,0.05
10436,4174,1,2,1061.42,0.05
10437,4175,56,2,23.54,0.0
10438,4175,96,2,124.74,0.15
10439,4175,23,1,1138.4,0.1
10440,4176,42,3,58.5,0.15
10441,4176,46,3,64.91,0.05
10442,4176,13,1,1416.4,0.1
10443,4177,97,2,308.18,0.0
10444,4177,102,1,188.19,0.05
10445,4177,87,2,104.67,0.05
10446,4177,101,3,403.43,0.0
10447,4178,89,2,55.64,0.15
10448,4179,20,2,1272.89,0.15
10449,4179,10,3,783.62,0.0
10450,4179,65,2,94.35,0.05
10451,4180,42,3,58.5,0.1
10452,4180,100,2,240.04,0.05
10453,4181,61,1,73.16,0.0
10454,4181,27,2,116.94,0.15
10455,4181,97,3,308.18,0.1
10456,4181,11,3,863.36,0.1
10457,4182,71,2,69.64,0.0
10458,4182,10,3,783.62,0.1
10459,4182,103,3,299.32,0.0
10460,4182,25,2,101.45,0.0
10461,4183,32,3,58.98,0.15
10462,4184,66,2,106.71,0.0
10463,4184,105,3,321.26,0.05
10464,4184,46,3,64.91,0.05
10465,4185,87,2,104.67,0.1
10466,4185,42,1,58.5,0.15
10467,4185,22,1,845.9,0.1
10468,4186,120,1,64.19,0.15
10469,4187,16,1,1522.38,0.1
10470,4187,43,1,30.23,0.15
10471,4188,66,2,106.71,0.0
10472,4188,30,3,139.26,0.15
10473,4188,21,3,1122.92,0.1
10474,4189,17,1,1005.58,0.15
10475,4190,118,3,70.37,0.0
10476,4191,29,1,144.47,0.0
10477,4191,90,2,100.08,0.15
10478,4192,84,1,189.75,0.05
10479,4192,60,3,31.57,0.05
10480,4192,116,2,92.44,0.1
10481,4192,32,1,58.98,0.1
10482,4193,23,3,1138.4,0.0
10483,4193,103,3,299.32,0.15
10484,4194,26,3,114.37,0.0
10485,4194,66,2,106.71,0.1
10486,4194,87,1,104.67,0.1
10487,4195,51,2,53.62,0.15
10488,4195,20,2,1272.89,0.05
10489,4196,60,1,31.57,0.0
10490,4196,37,2,36.6,0.0
10491,4197,48,2,56.46,0.1
10492,4198,22,2,845.9,0.05
10493,4198,80,3,81.78,0.1
10494,4198,55,1,32.53,0.05
10495,4199,19,3,1303.76,0.15
10496,4199,34,3,125.09,0.05
10497,4199,100,3,240.04,0.0
10498,4200,23,1,1138.4,0.05
10499,4200,50,3,52.38,0.1
10500,4200,41,1,45.79,0.0
10501,4200,100,2,240.04,0.1
10502,4201,14,2,929.55,0.15
10503,4201,38,1,53.59,0.1
10504,4202,36,1,67.29,0.05
10505,4202,109,1,67.25,0.0
10506,4203,39,1,57.67,0.1
10507,4203,107,1,315.32,0.15
10508,4203,40,3,52.28,0.15
10509,4203,24,3,1445.96,0.0
10510,4204,95,2,67.35,0.15
10511,4204,18,1,813.45,0.05
10512,4205,80,3,81.78,0.15
10513,4205,120,3,64.19,0.05
10514,4205,84,2,189.75,0.15
10515,4205,61,3,73.16,0.15
10516,4206,110,2,31.39,0.15
10517,4207,91,3,94.87,0.15
10518,4207,52,3,58.53,0.0
10519,4207,25,1,101.45,0.15
10520,4207,28,1,89.14,0.0
10521,4208,82,1,113.87,0.0
10522,4208,24,1,1445.96,0.05
10523,4208,17,2,1005.58,0.0
10524,4209,120,1,64.19,0.05
10525,4209,73,3,117.31,0.05
10526,4209,93,1,73.99,0.0
10527,4210,56,2,23.54,0.15
10528,4211,75,1,181.68,0.1
10529,4211,63,1,82.03,0.0
10530,4211,6,1,1247.26,0.1
10531,4211,15,2,1466.49,0.15
10532,4212,16,3,1522.38,0.15
10533,4212,42,1,58.5,0.05
10534,4212,83,2,77.52,0.1
10535,4212,48,1,56.46,0.05
10536,4213,44,3,59.87,0.1
10537,4213,103,3,299.32,0.15
10538,4213,66,3,106.71,0.05
10539,4214,45,3,58.26,0.0
10540,4214,111,2,99.29,0.15
10541,4214,4,3,1016.95,0.0
10542,4214,67,1,48.23,0.15
10543,4215,20,3,1272.89,0.15
10544,4216,36,1,67.29,0.15
10545,4216,40,3,52.28,0.05
10546,4217,40,2,52.28,0.15
10547,4217,69,1,114.57,0.0
10548,4217,97,3,308.18,0.0
10549,4218,92,2,59.67,0.15
10550,4218,57,2,62.07,0.1
10551,4218,83,3,77.52,0.15
10552,4218,29,2,144.47,0.1
10553,4219,89,3,55.64,0.0
10554,4219,32,3,58.98,0.0
10555,4220,16,2,1522.38,0.1
10556,4220,105,3,321.26,0.1
10557,4220,28,2,89.14,0.15
10558,4221,61,2,73.16,0.0
10559,4222,4,1,1016.95,0.15
10560,4222,3,1,1143.05,0.0
10561,4223,76,3,115.79,0.05
10562,4223,23,3,1138.4,0.1
10563,4223,14,2,929.55,0.15
10564,4224,101,3,403.43,0.05
10565,4224,83,2,77.52,0.0
10566,4224,118,2,70.37,0.15
10567,4225,119,2,62.24,0.1
10568,4225,84,1,189.75,0.1
10569,4226,101,1,403.43,0.05
10570,4226,20,1,1272.89,0.0
10571,4227,6,2,1247.26,0.05
10572,4227,59,3,28.01,0.0
10573,4227,21,3,1122.92,0.0
10574,4227,49,3,53.79,0.1
10575,4228,30,1,139.26,0.0
10576,4228,57,3,62.07,0.05
10577,4228,22,1,845.9,0.0
10578,4228,48,3,56.46,0.1
10579,4229,8,3,1131.13,0.0
10580,4229,48,2,56.46,0.1
10581,4230,87,3,104.67,0.1
10582,4231,51,3,53.62,0.1
10583,4231,33,1,96.96,0.0
10584,4232,5,3,856.49,0.15
10585,4232,69,2,114.57,0.15
10586,4233,19,2,1303.76,0.0
10587,4233,32,3,58.98,0.15
10588,4233,24,2,1445.96,0.0
10589,4233,13,3,1416.4,0.15
10590,4234,4,2,1016.95,0.05
10591,4234,44,1,59.87,0.1
10592,4234,67,3,48.23,0.05
10593,4234,56,2,23.54,0.05
10594,4235,28,3,89.14,0.0
10595,4235,11,2,863.36,0.15
10596,4235,102,1,188.19,0.05
10597,4236,117,1,75.36,0.15
10598,4236,65,2,94.35,0.1
10599,4236,73,1,117.31,0.15
10600,4237,86,1,110.76,0.0
10601,4237,111,1,99.29,0.0
10602,4237,68,1,86.11,0.05
10603,4237,58,1,44.05,0.1
10604,4238,68,2,86.11,0.05
10605,4238,29,1,144.47,0.05
10606,4239,102,1,188.19,0.15
10607,4239,68,3,86.11,0.05
10608,4239,103,3,299.32,0.05
10609,4240,5,3,856.49,0.05
10610,4240,36,2,67.29,0.0
10611,4240,109,2,67.25,0.1
10612,4240,15,2,1466.49,0.1
10613,4241,8,2,1131.13,0.15
10614,4241,17,1,1005.58,0.15
10615,4241,16,3,1522.38,0.0
10616,4241,114,2,46.87,0.15
10617,4242,85,2,122.17,0.1
10618,4242,98,1,406.86,0.0
10619,4242,84,2,189.75,0.05
10620,4242,47,2,31.94,0.15
10621,4243,119,1,62.24,0.05
10622,4243,113,2,45.91,0.15
10623,4243,5,1,856.49,0.05
10624,4243,43,2,30.23,0.05
10625,4244,2,2,1276.88,0.0
10626,4244,38,1,53.59,0.0
10627,4244,69,2,114.57,0.1
10628,4244,98,2,406.86,0.05
10629,4245,78,1,198.38,0.15
10630,4245,10,3,783.62,0.1
10631,4245,98,1,406.86,0.05
10632,4245,15,2,1466.49,0.05
10633,4246,52,3,58.53,0.1
10634,4247,119,1,62.24,0.1
10635,4247,45,1,58.26,0.15
10636,4248,12,3,876.42,0.15
10637,4248,63,1,82.03,0.05
10638,4248,52,3,58.53,0.1
10639,4248,48,2,56.46,0.05
10640,4249,31,2,69.02,0.0
10641,4249,85,3,122.17,0.05
10642,4250,46,3,64.91,0.05
10643,4251,70,1,54.65,0.15
10644,4252,7,1,1081.5,0.05
10645,4253,85,2,122.17,0.0
10646,4253,105,3,321.26,0.05
10647,4253,3,3,1143.05,0.0
10648,4253,36,1,67.29,0.05
10649,4254,28,2,89.14,0.1
10650,4255,75,3,181.68,0.05
10651,4255,23,3,1138.4,0.15
10652,4256,106,1,342.73,0.05
10653,4256,54,3,20.73,0.05
10654,4256,95,2,67.35,0.05
10655,4256,113,1,45.91,0.1
10656,4257,101,3,403.43,0.1
10657,4258,76,3,115.79,0.0
10658,4259,51,1,53.62,0.15
10659,4259,93,1,73.99,0.1
10660,4260,78,2,198.38,0.15
10661,4260,34,1,125.09,0.05
10662,4260,18,3,813.45,0.15
10663,4261,45,2,58.26,0.0
10664,4261,31,1,69.02,0.15
10665,4261,19,3,1303.76,0.05
10666,4262,11,3,863.36,0.15
10667,4263,23,3,1138.4,0.1
10668,4263,100,1,240.04,0.05
10669,4263,38,1,53.59,0.15
10670,4263,107,2,315.32,0.0
10671,4264,83,2,77.52,0.15
10672,4264,74,3,179.47,0.1
10673,4265,28,1,89.14,0.0
10674,4266,75,3,181.68,0.0
10675,4267,111,2,99.29,0.05
10676,4267,7,2,1081.5,0.1
10677,4267,100,1,240.04,0.15
10678,4268,46,3,64.91,0.0
10679,4268,80,3,81.78,0.15
10680,4268,97,2,308.18,0.15
10681,4269,36,3,67.29,0.1
10682,4269,40,3,52.28,0.0
10683,4269,74,2,179.47,0.05
10684,4269,91,2,94.87,0.0
10685,4270,78,2,198.38,0.05
10686,4270,14,2,929.55,0.05
10687,4270,110,1,31.39,0.15
10688,4271,19,1,1303.76,0.1
10689,4271,24,1,1445.96,0.0
10690,4271,13,3,1416.4,0.15
10691,4272,118,1,70.37,0.1
10692,4273,5,3,856.49,0.05
10693,4274,2,1,1276.88,0.05
10694,4274,65,1,94.35,0.15
10695,4274,95,1,67.35,0.0
10696,4275,12,3,876.42,0.15
10697,4275,28,3,89.14,0.05
10698,4275,41,3,45.79,0.1
10699,4276,78,3,198.38,0.0
10700,4277,58,3,44.05,0.1
10701,4277,81,2,111.58,0.05
10702,4277,11,1,863.36,0.05
10703,4278,70,3,54.65,0.05
10704,4278,74,1,179.47,0.15
10705,4278,19,3,1303.76,0.05
10706,4278,89,3,55.64,0.1
10707,4279,45,3,58.26,0.15
10708,4279,59,3,28.01,0.0
10709,4279,16,3,1522.38,0.0
10710,4280,77,1,105.72,0.1
10711,4280,78,2,198.38,0.05
10712,4280,26,3,114.37,0.15
10713,4281,15,2,1466.49,0.1
10714,4281,101,2,403.43,0.0
10715,4281,29,2,144.47,0.0
10716,4281,54,2,20.73,0.0
10717,4282,62,3,99.59,0.05
10718,4283,62,3,99.59,0.1
10719,4283,1,1,1061.42,0.0
10720,4283,54,1,20.73,0.0
10721,4284,110,3,31.39,0.15
10722,4284,1,3,1061.42,0.15
10723,4284,85,1,122.17,0.15
10724,4285,22,3,845.9,0.0
10725,4285,79,3,243.88,0.15
10726,4285,26,2,114.37,0.15
10727,4285,9,2,1017.39,0.15
10728,4286,78,1,198.38,0.1
10729,4287,42,2,58.5,0.15
10730,4287,103,1,299.32,0.15
10731,4287,1,1,1061.42,0.1
10732,4288,17,2,1005.58,0.1
10733,4288,109,2,67.25,0.15
10734,4288,49,2,53.79,0.0
10735,4288,62,3,99.59,0.1
10736,4289,79,2,243.88,0.15
10737,4290,83,3,77.52,0.05
10738,4290,42,1,58.5,0.0
10739,4290,21,1,1122.92,0.05
10740,4291,26,3,114.37,0.1
10741,4291,120,3,64.19,0.0
10742,4291,46,3,64.91,0.15
10743,4292,91,1,94.87,0.05
10744,4292,103,2,299.32,0.1
10745,4292,85,1,122.17,0.15
10746,4292,74,3,179.47,0.15
10747,4293,13,1,1416.4,0.15
10748,4293,10,2,783.62,0.05
10749,4293,60,3,31.57,0.1
10750,4293,104,3,175.21,0.1
10751,4294,55,3,32.53,0.1
10752,4295,101,1,403.43,0.15
10753,4295,103,3,299.32,0.05
10754,4296,58,3,44.05,0.05
10755,4297,34,1,125.09,0.0
10756,4298,75,2,181.68,0.15
10757,4299,64,2,93.19,0.0
10758,4299,34,2,125.09,0.05
10759,4299,5,3,856.49,0.15
10760,4300,33,2,96.96,0.15
10761,4300,118,1,70.37,0.0
10762,4300,60,2,31.57,0.15
10763,4301,75,1,181.68,0.15
10764,4302,80,2,81.78,0.0
10765,4303,14,2,929.55,0.0
10766,4303,47,3,31.94,0.0
10767,4303,93,2,73.99,0.0
10768,4303,6,3,1247.26,0.05
10769,4304,12,1,876.42,0.0
10770,4304,97,1,308.18,0.05
10771,4304,90,3,100.08,0.1
10772,4305,57,3,62.07,0.15
10773,4305,33,1,96.96,0.0
10774,4305,116,3,92.44,0.1
10775,4306,89,1,55.64,0.1
10776,4306,80,3,81.78,0.15
10777,4307,49,2,53.79,0.1
10778,4307,119,1,62.24,0.15
10779,4307,70,1,54.65,0.05
10780,4308,114,2,46.87,0.1
10781,4308,94,1,121.02,0.0
10782,4308,111,1,99.29,0.1
10783,4309,12,1,876.42,0.15
10784,4309,27,1,116.94,0.15
10785,4309,6,3,1247.26,0.1
10786,4310,82,1,113.87,0.1
10787,4310,96,1,124.74,0.15
10788,4310,73,3,117.31,0.15
10789,4311,120,3,64.19,0.0
10790,4311,97,3,308.18,0.15
10791,4312,81,3,111.58,0.05
10792,4313,86,1,110.76,0.0
10793,4313,25,3,101.45,0.15
10794,4313,73,2,117.31,0.0
10795,4313,22,3,845.9,0.0
10796,4314,20,1,1272.89,0.05
10797,4315,99,3,181.09,0.05
10798,4316,101,2,403.43,0.1
10799,4316,46,2,64.91,0.0
10800,4317,89,1,55.64,0.15
10801,4317,24,1,1445.96,0.1
10802,4317,67,1,48.23,0.05
10803,4317,51,1,53.62,0.1
10804,4318,80,2,81.78,0.0
10805,4318,10,3,783.62,0.0
10806,4318,34,3,125.09,0.0
10807,4319,18,3,813.45,0.05
10808,4319,67,3,48.23,0.1
10809,4319,115,1,74.95,0.0
10810,4319,49,1,53.79,0.15
10811,4320,57,2,62.07,0.05
10812,4320,50,2,52.38,0.0
10813,4321,67,1,48.23,0.05
10814,4321,79,3,243.88,0.1
10815,4321,74,3,179.47,0.1
10816,4321,91,3,94.87,0.1
10817,4322,82,3,113.87,0.1
10818,4323,63,1,82.03,0.15
10819,4323,77,2,105.72,0.0
10820,4323,19,2,1303.76,0.0
10821,4324,14,3,929.55,0.15
10822,4324,93,2,73.99,0.1
10823,4325,74,1,179.47,0.05
10824,4325,10,1,783.62,0.0
10825,4326,17,1,1005.58,0.05
10826,4326,66,3,106.71,0.15
10827,4326,98,1,406.86,0.1
10828,4326,9,2,1017.39,0.1
10829,4327,60,3,31.57,0.0
10830,4327,8,2,1131.13,0.15
10831,4328,45,2,58.26,0.15
10832,4328,14,2,929.55,0.15
10833,4329,54,1,20.73,0.05
10834,4329,21,2,1122.92,0.1
10835,4329,13,3,1416.4,0.1
10836,4330,51,3,53.62,0.05
10837,4330,21,3,1122.92,0.1
10838,4330,9,3,1017.39,0.0
10839,4331,64,1,93.19,0.15
10840,4331,47,2,31.94,0.05
10841,4331,118,2,70.37,0.05
10842,4332,70,2,54.65,0.15
10843,4332,55,2,32.53,0.15
10844,4332,117,3,75.36,0.1
10845,4333,42,1,58.5,0.15
10846,4334,119,1,62.24,0.0
10847,4334,36,2,67.29,0.0
10848,4334,111,2,99.29,0.05
10849,4334,44,2,59.87,0.15
10850,4335,34,3,125.09,0.1
10851,4335,49,1,53.79,0.0
10852,4335,79,2,243.88,0.15
10853,4335,64,2,93.19,0.0
10854,4336,65,1,94.35,0.1
10855,4336,48,1,56.46,0.15
10856,4337,4,3,1016.95,0.05
10857,4337,82,1,113.87,0.1
10858,4338,72,1,111.1,0.1
10859,4338,2,2,1276.88,0.15
10860,4339,93,2,73.99,0.15
10861,4339,13,2,1416.4,0.15
10862,4339,114,3,46.87,0.0
10863,4340,36,3,67.29,0.05
10864,4340,48,3,56.46,0.1
10865,4340,97,1,308.18,0.05
10866,4341,56,3,23.54,0.1
10867,4342,19,3,1303.76,0.15
10868,4342,18,3,813.45,0.1
10869,4342,71,1,69.64,0.05
10870,4343,64,3,93.19,0.1
10871,4344,115,1,74.95,0.05
10872,4344,78,2,198.38,0.0
10873,4344,55,3,32.53,0.0
10874,4345,78,3,198.38,0.0
10875,4345,97,3,308.18,0.15
10876,4345,50,3,52.38,0.1
10877,4346,47,2,31.94,0.1
10878,4346,100,2,240.04,0.1
10879,4346,67,1,48.23,0.0
10880,4346,27,1,116.94,0.1
10881,4347,113,3,45.91,0.05
10882,4348,71,2,69.64,0.0
10883,4348,57,3,62.07,0.1
10884,4348,23,2,1138.4,0.0
10885,4348,42,2,58.5,0.0
10886,4349,98,2,406.86,0.15
10887,4349,60,3,31.57,0.0
10888,4349,1,3,1061.42,0.15
10889,4349,108,1,285.82,0.15
10890,4350,22,3,845.9,0.1
10891,4351,76,3,115.79,0.05
10892,4351,107,2,315.32,0.15
10893,4351,47,3,31.94,0.0
10894,4352,54,3,20.73,0.0
10895,4352,77,2,105.72,0.15
10896,4353,109,3,67.25,0.05
10897,4354,92,2,59.67,0.0
10898,4354,29,3,144.47,0.05
10899,4355,47,2,31.94,0.0
10900,4355,76,2,115.79,0.15
10901,4355,91,1,94.87,0.1
10902,4356,26,3,114.37,0.1
10903,4356,27,3,116.94,0.0
10904,4356,62,1,99.59,0.15
10905,4356,46,3,64.91,0.15
10906,4357,16,3,1522.38,0.05
10907,4358,27,1,116.94,0.1
10908,4358,26,1,114.37,0.05
10909,4359,86,2,110.76,0.0
10910,4360,31,2,69.02,0.0
10911,4360,32,3,58.98,0.0
10912,4360,96,1,124.74,0.05
10913,4360,66,1,106.71,0.0
10914,4361,67,3,48.23,0.05
10915,4361,38,2,53.59,0.0
10916,4361,85,3,122.17,0.15
10917,4362,15,2,1466.49,0.05
10918,4362,103,3,299.32,0.1
10919,4362,98,3,406.86,0.0
10920,4362,5,1,856.49,0.05
10921,4363,64,1,93.19,0.0
10922,4364,87,1,104.67,0.05
10923,4364,36,1,67.29,0.1
10924,4364,27,3,116.94,0.15
10925,4364,33,3,96.96,0.05
10926,4365,29,2,144.47,0.0
10927,4365,32,1,58.98,0.15
10928,4366,110,3,31.39,0.15
10929,4366,20,3,1272.89,0.15
10930,4366,79,3,243.88,0.1
10931,4367,58,2,44.05,0.05
10932,4367,2,1,1276.88,0.05
10933,4367,82,1,113.87,0.05
10934,4367,7,2,1081.5,0.0
10935,4368,86,2,110.76,0.05
10936,4368,105,3,321.26,0.05
10937,4368,28,1,89.14,0.05
10938,4369,33,2,96.96,0.1
10939,4369,119,1,62.24,0.05
10940,4369,78,3,198.38,0.0
10941,4370,46,3,64.91,0.1
10942,4370,35,3,109.54,0.15
10943,4370,86,1,110.76,0.1
10944,4371,37,2,36.6,0.1
10945,4372,53,2,55.82,0.0
10946,4372,30,2,139.26,0.15
10947,4372,73,2,117.31,0.0
10948,4373,63,1,82.03,0.1
10949,4373,40,3,52.28,0.1
10950,4373,67,1,48.23,0.1
10951,4374,39,1,57.67,0.05
10952,4374,49,1,53.79,0.1
10953,4374,41,1,45.79,0.0
10954,4374,111,2,99.29,0.1
10955,4375,29,2,144.47,0.15
10956,4376,63,1,82.03,0.15
10957,4376,62,3,99.59,0.0
10958,4377,15,1,1466.49,0.05
10959,4377,22,3,845.9,0.05
10960,4377,41,2,45.79,0.0
10961,4378,111,2,99.29,0.05
10962,4378,110,1,31.39,0.15
10963,4379,28,1,89.14,0.0
10964,4379,106,2,342.73,0.05
10965,4379,62,1,99.59,0.05
10966,4380,21,3,1122.92,0.1
10967,4380,13,3,1416.4,0.05
10968,4380,1,3,1061.42,0.15
10969,4381,54,1,20.73,0.0
10970,4381,29,3,144.47,0.1
10971,4382,98,3,406.86,0.0
10972,4382,65,3,94.35,0.0
10973,4382,73,1,117.31,0.1
10974,4383,37,3,36.6,0.0
10975,4383,18,2,813.45,0.1
10976,4384,44,2,59.87,0.05
10977,4384,25,1,101.45,0.1
10978,4384,104,3,175.21,0.15
10979,4385,35,1,109.54,0.05
10980,4386,106,1,342.73,0.0
10981,4386,81,3,111.58,0.0
10982,4387,18,3,813.45,0.05
10983,4387,38,1,53.59,0.15
10984,4388,108,3,285.82,0.0
10985,4388,74,2,179.47,0.0
10986,4389,120,1,64.19,0.1
10987,4389,77,1,105.72,0.05
10988,4389,10,2,783.62,0.05
10989,4389,7,2,1081.5,0.1
10990,4390,46,1,64.91,0.05
10991,4391,14,2,929.55,0.0
10992,4391,55,1,32.53,0.0
10993,4391,52,1,58.53,0.1
10994,4392,57,3,62.07,0.05
10995,4392,50,1,52.38,0.0
10996,4392,8,2,1131.13,0.05
10997,4392,15,2,1466.49,0.15
10998,4393,28,2,89.14,0.15
10999,4394,83,2,77.52,0.0
11000,4394,31,3,69.02,0.1
11001,4394,71,2,69.64,0.0
11002,4394,35,2,109.54,0.05
11003,4395,69,1,114.57,0.05
11004,4396,43,1,30.23,0.0
11005,4396,106,1,342.73,0.0
11006,4397,20,2,1272.89,0.0
11007,4397,30,2,139.26,0.15
11008,4397,57,3,62.07,0.1
11009,4397,4,3,1016.95,0.05
11010,4398,42,2,58.5,0.1
11011,4398,37,3,36.6,0.1
11012,4399,78,2,198.38,0.0
11013,4399,12,1,876.42,0.15
11014,4399,39,2,57.67,0.05
11015,4399,48,2,56.46,0.1
11016,4400,56,2,23.54,0.05
11017,4400,55,1,32.53,0.15
11018,4400,58,3,44.05,0.15
11019,4401,76,2,115.79,0.1
11020,4401,2,1,1276.88,0.05
11021,4401,36,2,67.29,0.05
11022,4401,104,3,175.21,0.0
11023,4402,47,3,31.94,0.15
11024,4402,37,3,36.6,0.0
11025,4403,6,2,1247.26,0.15
11026,4403,89,1,55.64,0.0
11027,4403,83,1,77.52,0.15
11028,4403,25,1,101.45,0.0
11029,4404,24,1,1445.96,0.1
11030,4404,119,2,62.24,0.05
11031,4404,12,2,876.42,0.0
11032,4405,28,2,89.14,0.0
11033,4405,108,3,285.82,0.15
11034,4405,82,3,113.87,0.0
11035,4406,115,3,74.95,0.05
11036,4406,46,2,64.91,0.1
11037,4406,65,2,94.35,0.1
11038,4407,34,2,125.09,0.05
11039,4407,18,3,813.45,0.0
11040,4407,45,3,58.26,0.1
11041,4407,94,1,121.02,0.15
11042,4408,75,3,181.68,0.1
11043,4408,64,1,93.19,0.15
11044,4408,114,3,46.87,0.15
11045,4409,8,3,1131.13,0.0
11046,4409,98,2,406.86,0.0
11047,4410,48,3,56.46,0.05
11048,4410,14,3,929.55,0.05
11049,4410,109,2,67.25,0.15
11050,4411,60,1,31.57,0.05
11051,4411,44,2,59.87,0.0
11052,4412,112,2,66.68,0.05
11053,4412,79,2,243.88,0.0
11054,4412,83,3,77.52,0.15
11055,4413,6,3,1247.26,0.05
11056,4413,73,2,117.31,0.0
11057,4414,40,2,52.28,0.0
11058,4414,104,3,175.21,0.15
11059,4414,53,1,55.82,0.1
11060,4415,42,3,58.5,0.05
11061,4415,68,1,86.11,0.1
11062,4415,2,1,1276.88,0.0
11063,4415,50,1,52.38,0.15
11064,4416,91,1,94.87,0.15
11065,4416,63,1,82.03,0.1
11066,4417,61,2,73.16,0.05
11067,4417,103,3,299.32,0.0
11068,4417,90,2,100.08,0.05
11069,4417,30,2,139.26,0.1
11070,4418,11,1,863.36,0.0
11071,4419,61,3,73.16,0.15
11072,4419,38,1,53.59,0.0
11073,4419,7,3,1081.5,0.05
11074,4419,1,1,1061.42,0.1
11075,4420,13,2,1416.4,0.05
11076,4420,1,2,1061.42,0.0
11077,4420,68,1,86.11,0.15
11078,4420,117,1,75.36,0.0
11079,4421,17,1,1005.58,0.05
11080,4421,93,3,73.99,0.15
11081,4422,109,3,67.25,0.0
11082,4423,94,2,121.02,0.05
11083,4424,118,3,70.37,0.15
11084,4424,60,1,31.57,0.0
11085,4424,56,1,23.54,0.1
11086,4424,79,3,243.88,0.1
11087,4425,72,3,111.1,0.05
11088,4425,20,2,1272.89,0.0
11089,4426,65,1,94.35,0.15
11090,4426,81,2,111.58,0.05
11091,4426,50,1,52.38,0.0
11092,4427,110,3,31.39,0.15
11093,4427,39,2,57.67,0.1
11094,4427,101,1,403.43,0.05
11095,4428,109,3,67.25,0.05
11096,4429,43,3,30.23,0.15
11097,4430,38,2,53.59,0.05
11098,4430,19,2,1303.76,0.05
11099,4431,85,2,122.17,0.1
11100,4432,109,3,67.25,0.05
11101,4433,89,1,55.64,0.05
11102,4434,58,2,44.05,0.1
11103,4434,55,2,32.53,0.05
11104,4434,107,1,315.32,0.15
11105,4434,94,3,121.02,0.0
11106,4435,118,2,70.37,0.15
11107,4436,51,2,53.62,0.05
11108,4436,111,3,99.29,0.15
11109,4436,58,1,44.05,0.05
11110,4436,97,3,308.18,0.15
11111,4437,33,3,96.96,0.15
11112,4438,111,2,99.29,0.1
11113,4438,33,3,96.96,0.1
11114,4438,107,2,315.32,0.1
11115,4439,15,1,1466.49,0.15
11116,4439,45,3,58.26,0.05
11117,4439,26,3,114.37,0.05
11118,4439,33,3,96.96,0.15
11119,4440,55,3,32.53,0.1
11120,4440,42,1,58.5,0.15
11121,4440,33,2,96.96,0.1
11122,4440,97,2,308.18,0.1
11123,4441,115,1,74.95,0.0
11124,4441,94,1,121.02,0.0
11125,4442,46,1,64.91,0.05
11126,4442,116,1,92.44,0.05
11127,4442,118,1,70.37,0.1
11128,4443,54,1,20.73,0.15
11129,4443,66,2,106.71,0.15
11130,4443,104,3,175.21,0.1
11131,4443,21,2,1122.92,0.05
11132,4444,15,1,1466.49,0.05
11133,4445,116,2,92.44,0.15
11134,4446,113,1,45.91,0.1
11135,4446,12,3,876.42,0.0
11136,4446,15,3,1466.49,0.15
11137,4447,21,1,1122.92,0.1
11138,4447,71,3,69.64,0.15
11139,4447,10,3,783.62,0.15
11140,4448,26,3,114.37,0.1
11141,4448,115,1,74.95,0.1
11142,4448,77,2,105.72,0.05
11143,4448,58,1,44.05,0.1
11144,4449,8,1,1131.13,0.1
11145,4450,63,1,82.03,0.15
11146,4450,29,2,144.47,0.15
11147,4450,18,3,813.45,0.1
11148,4450,97,1,308.18,0.15
11149,4451,49,1,53.79,0.05
11150,4451,111,2,99.29,0.15
11151,4452,12,2,876.42,0.05
11152,4453,111,3,99.29,0.15
11153,4453,77,1,105.72,0.1
11154,4454,56,2,23.54,0.05
11155,4454,93,3,73.99,0.05
11156,4455,94,1,121.02,0.1
11157,4455,49,1,53.79,0.05
11158,4455,114,3,46.87,0.0
11159,4456,89,3,55.64,0.1
11160,4456,70,2,54.65,0.0
11161,4457,32,3,58.98,0.1
11162,4457,72,2,111.1,0.1
11163,4457,102,1,188.19,0.15
11164,4458,117,3,75.36,0.05
11165,4458,73,1,117.31,0.1
11166,4458,72,2,111.1,0.1
11167,4458,76,3,115.79,0.1
11168,4459,16,1,1522.38,0.0
11169,4459,3,2,1143.05,0.15
11170,4460,103,1,299.32,0.0
11171,4460,36,3,67.29,0.1
11172,4460,48,2,56.46,0.15
11173,4461,77,1,105.72,0.05
11174,4461,23,3,1138.4,0.1
11175,4461,109,1,67.25,0.0
11176,4461,101,1,403.43,0.05
11177,4462,111,3,99.29,0.1
11178,4462,85,2,122.17,0.05
11179,4462,24,2,1445.96,0.15
11180,4463,40,3,52.28,0.15
11181,4463,47,1,31.94,0.0
11182,4464,16,3,1522.38,0.05
11183,4464,63,2,82.03,0.05
11184,4464,31,2,69.02,0.05
11185,4465,44,1,59.87,0.1
11186,4466,114,2,46.87,0.0
11187,4466,71,1,69.64,0.1
11188,4466,61,3,73.16,0.05
11189,4466,9,2,1017.39,0.0
11190,4467,69,1,114.57,0.1
11191,4467,115,2,74.95,0.05
11192,4467,99,3,181.09,0.15
11193,4468,87,1,104.67,0.0
11194,4468,100,2,240.04,0.0
11195,4469,120,2,64.19,0.15
11196,4469,71,3,69.64,0.1
11197,4470,41,1,45.79,0.15
11198,4471,111,2,99.29,0.15
11199,4471,96,3,124.74,0.0
11200,4471,46,3,64.91,0.05
11201,4471,5,3,856.49,0.1
11202,4472,38,2,53.59,0.05
11203,4472,11,1,863.36,0.0
11204,4472,54,1,20.73,0.0
11205,4473,40,2,52.28,0.05
11206,4473,4,1,1016.95,0.0
11207,4473,22,2,845.9,0.0
11208,4474,88,3,109.47,0.0
11209,4474,48,3,56.46,0.1
11210,4475,105,1,321.26,0.0
11211,4475,46,2,64.91,0.05
11212,4475,52,3,58.53,0.15
11213,4475,12,1,876.42,0.1
11214,4476,119,1,62.24,0.0
11215,4476,112,2,66.68,0.1
11216,4476,26,2,114.37,0.15
11217,4477,116,3,92.44,0.1
11218,4477,54,1,20.73,0.05
11219,4477,106,1,342.73,0.15
11220,4478,29,1,144.47,0.15
11221,4478,110,1,31.39,0.0
11222,4478,101,2,403.43,0.15
11223,4479,52,1,58.53,0.05
11224,4479,112,2,66.68,0.0
11225,4479,8,2,1131.13,0.15
11226,4479,59,2,28.01,0.15
11227,4480,3,2,1143.05,0.05
11228,4480,66,2,106.71,0.0
11229,4480,120,1,64.19,0.15
11230,4481,18,2,813.45,0.15
11231,4481,50,2,52.38,0.0
11232,4482,87,2,104.67,0.05
11233,4483,41,2,45.79,0.0
11234,4483,75,1,181.68,0.0
11235,4484,116,3,92.44,0.15
11236,4485,76,1,115.79,0.05
11237,4486,72,1,111.1,0.15
11238,4486,108,3,285.82,0.05
11239,4487,60,3,31.57,0.1
11240,4488,67,2,48.23,0.15
11241,4489,40,1,52.28,0.1
11242,4489,77,1,105.72,0.05
11243,4490,112,3,66.68,0.0
11244,4490,56,2,23.54,0.15
11245,4490,44,1,59.87,0.0
11246,4490,102,1,188.19,0.0
11247,4491,31,2,69.02,0.05
11248,4492,44,2,59.87,0.15
11249,4492,79,3,243.88,0.1
11250,4492,32,1,58.98,0.0
11251,4493,81,2,111.58,0.05
11252,4493,100,3,240.04,0.0
11253,4493,44,2,59.87,0.05
11254,4493,15,2,1466.49,0.0
11255,4494,23,3,1138.4,0.05
11256,4494,69,2,114.57,0.0
11257,4494,12,1,876.42,0.1
11258,4494,112,1,66.68,0.05
11259,4495,40,3,52.28,0.15
11260,4495,76,2,115.79,0.15
11261,4495,54,2,20.73,0.1
11262,4495,109,2,67.25,0.1
11263,4496,66,2,106.71,0.05
11264,4497,66,2,106.71,0.1
11265,4497,70,1,54.65,0.1
11266,4497,63,1,82.03,0.05
11267,4498,48,3,56.46,0.15
11268,4498,7,2,1081.5,0.15
11269,4498,70,3,54.65,0.15
11270,4498,91,3,94.87,0.05
11271,4499,11,1,863.36,0.1
11272,4499,30,3,139.26,0.05
11273,4499,40,3,52.28,0.05
11274,4499,12,2,876.42,0.0
11275,4500,79,3,243.88,0.15
11276,4500,94,2,121.02,0.15
11277,4501,113,2,45.91,0.15
11278,4502,28,2,89.14,0.15
11279,4502,49,2,53.79,0.1
11280,4503,26,1,114.37,0.0
11281,4503,75,3,181.68,0.05
11282,4503,61,3,73.16,0.0
11283,4504,5,1,856.49,0.1
11284,4504,80,3,81.78,0.05
11285,4504,95,2,67.35,0.0
11286,4505,105,1,321.26,0.05
11287,4505,118,1,70.37,0.0
11288,4506,90,3,100.08,0.1
11289,4506,47,2,31.94,0.15
11290,4506,13,3,1416.4,0.15
11291,4506,108,3,285.82,0.1
11292,4507,80,2,81.78,0.15
11293,4507,94,1,121.02,0.0
11294,4507,113,2,45.91,0.0
11295,4507,46,2,64.91,0.1
11296,4508,120,2,64.19,0.05
11297,4509,13,3,1416.4,0.05
11298,4509,3,1,1143.05,0.15
11299,4509,69,3,114.57,0.15
11300,4510,19,1,1303.76,0.15
11301,4510,3,2,1143.05,0.0
11302,4510,30,3,139.26,0.05
11303,4511,13,1,1416.4,0.0
11304,4511,35,3,109.54,0.15
11305,4511,97,2,308.18,0.1
11306,4512,108,2,285.82,0.1
11307,4512,73,2,117.31,0.15
11308,4513,4,3,1016.95,0.1
11309,4514,39,2,57.67,0.05
11310,4515,89,3,55.64,0.15
11311,4515,97,2,308.18,0.15
11312,4516,43,3,30.23,0.1
11313,4516,39,2,57.67,0.0
11314,4517,45,3,58.26,0.05
11315,4518,32,1,58.98,0.0
11316,4518,120,1,64.19,0.1
11317,4518,9,3,1017.39,0.0
11318,4519,36,3,67.29,0.15
11319,4519,14,1,929.55,0.05
11320,4520,103,3,299.32,0.05
11321,4520,63,1,82.03,0.0
11322,4521,9,3,1017.39,0.15
11323,4521,38,1,53.59,0.15
11324,4521,114,2,46.87,0.05
11325,4522,78,3,198.38,0.1
11326,4522,110,3,31.39,0.05
11327,4522,119,3,62.24,0.05
11328,4522,85,1,122.17,0.0
11329,4523,70,1,54.65,0.1
11330,4523,99,1,181.09,0.15
11331,4523,18,2,813.45,0.0
11332,4524,29,1,144.47,0.1
11333,4525,76,1,115.79,0.15
11334,4525,50,3,52.38,0.1
11335,4525,105,1,321.26,0.15
11336,4526,62,2,99.59,0.15
11337,4526,7,3,1081.5,0.15
11338,4526,55,1,32.53,0.05
11339,4527,60,2,31.57,0.0
11340,4527,13,1,1416.4,0.0
11341,4527,87,3,104.67,0.05
11342,4527,114,3,46.87,0.0
11343,4528,82,1,113.87,0.15
11344,4528,2,3,1276.88,0.15
11345,4528,1,1,1061.42,0.1
11346,4528,17,2,1005.58,0.1
11347,4529,26,1,114.37,0.05
11348,4529,1,3,1061.42,0.15
11349,4529,90,3,100.08,0.0
11350,4530,107,3,315.32,0.0
11351,4530,73,3,117.31,0.15
11352,4530,40,3,52.28,0.1
11353,4531,90,1,100.08,0.05
11354,4531,23,3,1138.4,0.05
11355,4532,65,3,94.35,0.05
11356,4532,61,2,73.16,0.1
11357,4532,4,2,1016.95,0.15
11358,4532,83,3,77.52,0.1
11359,4533,114,3,46.87,0.05
11360,4533,42,2,58.5,0.15
11361,4533,28,2,89.14,0.05
11362,4533,1,1,1061.42,0.0
11363,4534,48,1,56.46,0.05
11364,4534,3,2,1143.05,0.15
11365,4534,34,2,125.09,0.05
11366,4534,10,3,783.62,0.1
11367,4535,48,3,56.46,0.15
11368,4535,95,1,67.35,0.0
11369,4535,83,2,77.52,0.05
11370,4536,63,1,82.03,0.05
11371,4536,57,3,62.07,0.05
11372,4536,55,3,32.53,0.0
11373,4537,33,3,96.96,0.15
11374,4537,41,2,45.79,0.0
11375,4538,79,3,243.88,0.05
11376,4538,62,3,99.59,0.05
11377,4538,78,1,198.38,0.05
11378,4538,32,3,58.98,0.05
11379,4539,71,2,69.64,0.05
11380,4539,93,2,73.99,0.0
11381,4540,69,2,114.57,0.05
11382,4540,14,3,929.55,0.05
11383,4540,117,1,75.36,0.1
11384,4540,49,1,53.79,0.15
11385,4541,94,2,121.02,0.05
11386,4541,81,1,111.58,0.0
11387,4542,4,1,1016.95,0.1
11388,4542,86,1,110.76,0.1
11389,4542,26,1,114.37,0.15
11390,4542,119,2,62.24,0.05
11391,4543,115,1,74.95,0.15
11392,4544,104,2,175.21,0.15
11393,4544,100,3,240.04,0.05
11394,4544,69,3,114.57,0.15
11395,4544,110,1,31.39,0.0
11396,4545,117,3,75.36,0.05
11397,4545,56,1,23.54,0.0
11398,4545,65,2,94.35,0.05
11399,4546,33,2,96.96,0.0
11400,4546,18,1,813.45,0.05
11401,4547,64,1,93.19,0.1
11402,4547,25,3,101.45,0.0
11403,4547,50,3,52.38,0.15
11404,4547,45,2,58.26,0.0
11405,4548,31,2,69.02,0.15
11406,4548,47,2,31.94,0.05
11407,4548,61,3,73.16,0.1
11408,4548,24,2,1445.96,0.05
11409,4549,60,1,31.57,0.1
11410,4550,68,1,86.11,0.0
11411,4550,100,3,240.04,0.15
11412,4550,112,2,66.68,0.05
11413,4551,89,2,55.64,0.0
11414,4551,3,2,1143.05,0.0
11415,4551,120,2,64.19,0.15
11416,4552,108,2,285.82,0.05
11417,4552,37,2,36.6,0.1
11418,4553,93,3,73.99,0.15
11419,4553,118,2,70.37,0.05
11420,4553,74,1,179.47,0.05
11421,4553,78,1,198.38,0.15
11422,4554,97,2,308.18,0.05
11423,4555,2,2,1276.88,0.0
11424,4555,18,2,813.45,0.15
11425,4555,59,3,28.01,0.15
11426,4555,100,3,240.04,0.15
11427,4556,14,1,929.55,0.15
11428,4556,33,3,96.96,0.0
11429,4556,46,1,64.91,0.15
11430,4557,7,1,1081.5,0.15
11431,4558,119,3,62.24,0.05
11432,4558,73,1,117.31,0.1
11433,4558,29,2,144.47,0.1
11434,4559,24,1,1445.96,0.1
11435,4559,17,3,1005.58,0.1
11436,4560,84,2,189.75,0.15
11437,4560,11,3,863.36,0.05
11438,4560,117,1,75.36,0.0
11439,4561,76,2,115.79,0.0
11440,4561,117,2,75.36,0.15
11441,4561,6,3,1247.26,0.1
11442,4562,53,1,55.82,0.0
11443,4562,116,1,92.44,0.15
11444,4563,59,1,28.01,0.0
11445,4564,9,2,1017.39,0.05
11446,4564,36,3,67.29,0.15
11447,4565,1,3,1061.42,0.05
11448,4565,100,3,240.04,0.1
11449,4566,7,1,1081.5,0.05
11450,4566,42,3,58.5,0.0
11451,4566,50,3,52.38,0.0
11452,4567,96,2,124.74,0.1
11453,4567,68,2,86.11,0.0
11454,4567,73,3,117.31,0.1
11455,4568,70,2,54.65,0.1
11456,4568,107,2,315.32,0.15
11457,4569,88,2,109.47,0.1
11458,4570,52,1,58.53,0.0
11459,4570,49,3,53.79,0.0
11460,4570,20,2,1272.89,0.15
11461,4571,81,1,111.58,0.1
11462,4571,51,1,53.62,0.0
11463,4571,112,1,66.68,0.05
11464,4572,111,1,99.29,0.1
11465,4572,49,1,53.79,0.1
11466,4572,56,3,23.54,0.0
11467,4573,43,3,30.23,0.05
11468,4573,63,2,82.03,0.05
11469,4573,69,3,114.57,0.0
11470,4573,115,3,74.95,0.1
11471,4574,91,1,94.87,0.1
11472,4575,104,1,175.21,0.0
11473,4575,109,1,67.25,0.15
11474,4575,3,2,1143.05,0.1
11475,4575,76,2,115.79,0.0
11476,4576,22,1,845.9,0.0
11477,4576,11,3,863.36,0.0
11478,4577,31,2,69.02,0.05
11479,4577,63,3,82.03,0.0
11480,4578,79,3,243.88,0.05
11481,4579,63,1,82.03,0.05
11482,4579,69,2,114.57,0.15
11483,4580,66,2,106.71,0.05
11484,4580,57,2,62.07,0.15
11485,4581,96,3,124.74,0.1
11486,4582,118,1,70.37,0.0
11487,4582,113,2,45.91,0.15
11488,4582,90,2,100.08,0.0
11489,4583,59,3,28.01,0.0
11490,4583,70,2,54.65,0.15
11491,4583,14,3,929.55,0.1
11492,4584,45,3,58.26,0.0
11493,4585,33,1,96.96,0.0
11494,4585,15,1,1466.49,0.15
11495,4585,59,2,28.01,0.15
11496,4586,38,2,53.59,0.1
11497,4586,110,1,31.39,0.15
11498,4586,101,1,403.43,0.15
11499,4587,80,1,81.78,0.05
11500,4587,77,2,105.72,0.1
11501,4587,6,1,1247.26,0.05
11502,4588,55,2,32.53,0.0
11503,4588,35,3,109.54,0.15
11504,4588,66,1,106.71,0.1
11505,4588,109,2,67.25,0.05
11506,4589,85,2,122.17,0.05
11507,4590,10,1,783.62,0.1
11508,4590,87,2,104.67,0.0
11509,4591,63,2,82.03,0.15
11510,4591,65,1,94.35,0.1
11511,4592,22,3,845.9,0.0
11512,4592,96,2,124.74,0.15
11513,4592,23,1,1138.4,0.15
11514,4592,30,3,139.26,0.05
11515,4593,85,1,122.17,0.1
11516,4593,26,3,114.37,0.15
11517,4593,16,2,1522.38,0.0
11518,4594,25,3,101.45,0.15
11519,4594,79,1,243.88,0.15
11520,4594,62,2,99.59,0.15
11521,4594,20,2,1272.89,0.15
11522,4595,50,1,52.38,0.05
11523,4596,65,1,94.35,0.1
11524,4597,38,2,53.59,0.05
11525,4597,14,3,929.55,0.15
11526,4598,55,1,32.53,0.15
11527,4599,78,2,198.38,0.1
11528,4599,117,2,75.36,0.05
11529,4599,16,1,1522.38,0.15
11530,4600,49,2,53.79,0.15
11531,4600,79,3,243.88,0.0
11532,4600,13,2,1416.4,0.1
11533,4601,61,3,73.16,0.1
11534,4601,55,1,32.53,0.0
11535,4602,2,3,1276.88,0.0
11536,4603,85,2,122.17,0.1
11537,4604,75,3,181.68,0.1
11538,4604,110,2,31.39,0.05
11539,4604,89,3,55.64,0.15
11540,4605,23,3,1138.4,0.0
11541,4605,77,3,105.72,0.0
11542,4605,51,3,53.62,0.1
11543,4605,55,1,32.53,0.0
11544,4606,110,3,31.39,0.05
11545,4606,60,1,31.57,0.0
11546,4607,36,1,67.29,0.0
11547,4607,33,3,96.96,0.0
11548,4607,44,2,59.87,0.0
11549,4607,1,2,1061.42,0.1
11550,4608,30,1,139.26,0.15
11551,4608,28,3,89.14,0.15
11552,4608,7,1,1081.5,0.05
11553,4608,4,2,1016.95,0.05
11554,4609,79,2,243.88,0.05
11555,4609,110,1,31.39,0.15
11556,4609,42,1,58.5,0.1
11557,4609,8,3,1131.13,0.0
11558,4610,108,2,285.82,0.1
11559,4610,19,2,1303.76,0.05
11560,4610,22,1,845.9,0.1
11561,4611,99,2,181.09,0.0
11562,4611,40,1,52.28,0.1
11563,4612,106,3,342.73,0.15
11564,4612,8,1,1131.13,0.15
11565,4612,92,2,59.67,0.0
11566,4612,4,3,1016.95,0.1
11567,4613,38,3,53.59,0.0
11568,4613,12,3,876.42,0.05
11569,4613,102,2,188.19,0.1
11570,4613,9,2,1017.39,0.1
11571,4614,114,2,46.87,0.0
11572,4614,106,1,342.73,0.15
11573,4614,23,1,1138.4,0.05
11574,4615,109,3,67.25,0.05
11575,4615,60,3,31.57,0.1
11576,4615,78,3,198.38,0.1
11577,4616,83,2,77.52,0.1
11578,4617,59,2,28.01,0.0
11579,4617,46,1,64.91,0.1
11580,4617,51,2,53.62,0.05
11581,4617,47,3,31.94,0.05
11582,4618,8,1,1131.13,0.0
11583,4618,27,1,116.94,0.05
11584,4618,11,3,863.36,0.0
11585,4618,95,1,67.35,0.05
11586,4619,23,2,1138.4,0.05
11587,4619,10,2,783.62,0.1
11588,4619,39,3,57.67,0.1
11589,4620,80,3,81.78,0.05
11590,4620,55,3,32.53,0.05
11591,4621,5,1,856.49,0.1
11592,4621,80,3,81.78,0.05
11593,4622,26,2,114.37,0.15
11594,4622,88,1,109.47,0.15
11595,4622,37,3,36.6,0.05
11596,4622,102,3,188.19,0.1
11597,4623,54,1,20.73,0.0
11598,4623,115,3,74.95,0.0
11599,4623,14,1,929.55,0.05
11600,4624,27,2,116.94,0.1
11601,4624,75,1,181.68,0.05
11602,4625,18,1,813.45,0.1
11603,4625,25,2,101.45,0.0
11604,4626,105,2,321.26,0.05
11605,4626,30,1,139.26,0.1
11606,4626,81,2,111.58,0.1
11607,4626,18,1,813.45,0.15
11608,4627,107,3,315.32,0.15
11609,4628,99,1,181.09,0.0
11610,4629,55,2,32.53,0.05
11611,4629,69,1,114.57,0.05
11612,4630,54,1,20.73,0.05
11613,4630,79,1,243.88,0.15
11614,4630,88,3,109.47,0.05
11615,4631,32,3,58.98,0.0
11616,4631,23,2,1138.4,0.1
11617,4631,26,2,114.37,0.1
11618,4631,91,1,94.87,0.15
11619,4632,113,1,45.91,0.05
11620,4633,2,3,1276.88,0.15
11621,4633,80,3,81.78,0.0
11622,4634,64,3,93.19,0.05
11623,4634,73,3,117.31,0.0
11624,4634,51,3,53.62,0.0
11625,4634,74,3,179.47,0.1
11626,4635,85,3,122.17,0.0
11627,4635,11,1,863.36,0.05
11628,4636,109,2,67.25,0.05
11629,4636,117,2,75.36,0.05
11630,4636,42,2,58.5,0.05
11631,4636,67,1,48.23,0.05
11632,4637,53,3,55.82,0.1
11633,4637,56,3,23.54,0.1
11634,4637,65,1,94.35,0.0
11635,4637,104,1,175.21,0.15
11636,4638,46,1,64.91,0.1
11637,4638,111,3,99.29,0.1
11638,4638,109,2,67.25,0.05
11639,4638,97,3,308.18,0.15
11640,4639,11,2,863.36,0.1
11641,4639,3,2,1143.05,0.15
11642,4640,85,1,122.17,0.15
11643,4641,71,2,69.64,0.05
11644,4641,50,2,52.38,0.1
11645,4641,79,1,243.88,0.1
11646,4642,99,3,181.09,0.0
11647,4642,43,1,30.23,0.1
11648,4642,22,3,845.9,0.15
11649,4643,97,3,308.18,0.0
11650,4644,41,1,45.79,0.1
11651,4645,72,2,111.1,0.0
11652,4646,81,3,111.58,0.15
11653,4646,35,1,109.54,0.15
11654,4646,92,2,59.67,0.0
11655,4646,21,1,1122.92,0.05
11656,4647,89,3,55.64,0.05
11657,4647,29,2,144.47,0.1
11658,4647,90,1,100.08,0.15
11659,4648,69,1,114.57,0.15
11660,4649,87,3,104.67,0.15
11661,4649,31,3,69.02,0.1
11662,4649,119,3,62.24,0.05
11663,4650,3,1,1143.05,0.0
11664,4650,73,1,117.31,0.05
11665,4651,120,2,64.19,0.05
11666,4652,78,2,198.38,0.0
11667,4653,107,3,315.32,0.1
11668,4654,31,2,69.02,0.0
11669,4654,16,1,1522.38,0.1
11670,4655,69,2,114.57,0.0
11671,4656,118,1,70.37,0.1
11672,4656,45,1,58.26,0.15
11673,4656,71,1,69.64,0.15
11674,4656,59,1,28.01,0.0
11675,4657,1,1,1061.42,0.05
11676,4658,35,1,109.54,0.05
11677,4658,57,1,62.07,0.0
11678,4658,98,1,406.86,0.1
11679,4658,33,1,96.96,0.15
11680,4659,21,3,1122.92,0.15
11681,4659,19,1,1303.76,0.0
11682,4659,53,2,55.82,0.1
11683,4660,27,3,116.94,0.1
11684,4661,82,3,113.87,0.15
11685,4661,44,2,59.87,0.15
11686,4661,26,1,114.37,0.05
11687,4661,110,2,31.39,0.1
11688,4662,42,3,58.5,0.05
11689,4662,22,1,845.9,0.05
11690,4662,24,2,1445.96,0.05
11691,4663,106,3,342.73,0.15
11692,4663,92,3,59.67,0.05
11693,4664,59,3,28.01,0.05
11694,4664,41,2,45.79,0.05
11695,4664,71,1,69.64,0.15
11696,4664,31,1,69.02,0.15
11697,4665,26,3,114.37,0.0
11698,4665,119,2,62.24,0.1
11699,4666,65,2,94.35,0.1
11700,4666,27,1,116.94,0.0
11701,4666,2,2,1276.88,0.05
11702,4666,114,1,46.87,0.15
11703,4667,33,1,96.96,0.0
11704,4668,26,2,114.37,0.05
11705,4668,106,2,342.73,0.05
11706,4668,119,3,62.24,0.0
11707,4668,53,1,55.82,0.15
11708,4669,50,2,52.38,0.15
11709,4669,63,3,82.03,0.15
11710,4670,50,3,52.38,0.15
11711,4670,77,3,105.72,0.05
11712,4671,29,2,144.47,0.05
11713,4671,17,1,1005.58,0.15
11714,4672,16,1,1522.38,0.1
11715,4672,78,3,198.38,0.1
11716,4672,73,3,117.31,0.0
11717,4672,50,3,52.38,0.1
11718,4673,54,3,20.73,0.0
11719,4674,89,1,55.64,0.15
11720,4674,20,3,1272.89,0.05
11721,4674,51,1,53.62,0.15
11722,4675,97,1,308.18,0.15
11723,4676,80,1,81.78,0.05
11724,4676,113,3,45.91,0.1
11725,4677,102,2,188.19,0.0
11726,4677,114,1,46.87,0.0
11727,4677,6,3,1247.26,0.05
11728,4678,11,1,863.36,0.0
11729,4679,116,3,92.44,0.1
11730,4679,30,3,139.26,0.1
11731,4680,5,1,856.49,0.05
11732,4680,60,1,31.57,0.0
11733,4681,29,3,144.47,0.1
11734,4681,74,1,179.47,0.0
11735,4682,98,1,406.86,0.15
11736,4682,95,3,67.35,0.05
11737,4682,61,2,73.16,0.15
11738,4682,118,2,70.37,0.15
11739,4683,24,2,1445.96,0.15
11740,4683,17,2,1005.58,0.0
11741,4683,76,2,115.79,0.1
11742,4684,26,2,114.37,0.05
11743,4684,4,1,1016.95,0.15
11744,4684,115,3,74.95,0.0
11745,4685,104,3,175.21,0.0
11746,4685,73,3,117.31,0.15
11747,4685,79,1,243.88,0.0
11748,4686,27,1,116.94,0.0
11749,4687,38,1,53.59,0.0
11750,4688,115,1,74.95,0.1
11751,4688,25,1,101.45,0.15
11752,4689,37,1,36.6,0.15
11753,4689,31,1,69.02,0.05
11754,4689,109,3,67.25,0.0
11755,4690,98,2,406.86,0.0
11756,4690,119,3,62.24,0.15
11757,4690,15,3,1466.49,0.05
11758,4691,67,3,48.23,0.1
11759,4692,17,3,1005.58,0.0
11760,4692,31,1,69.02,0.15
11761,4693,10,2,783.62,0.15
11762,4693,5,1,856.49,0.05
11763,4693,32,2,58.98,0.1
11764,4694,120,3,64.19,0.05
11765,4694,113,3,45.91,0.1
11766,4694,102,1,188.19,0.15
11767,4695,53,2,55.82,0.1
11768,4696,14,3,929.55,0.0
11769,4696,106,1,342.73,0.0
11770,4696,25,1,101.45,0.0
11771,4696,22,2,845.9,0.1
11772,4697,118,1,70.37,0.0
11773,4698,99,2,181.09,0.05
11774,4698,96,2,124.74,0.15
11775,4699,7,1,1081.5,0.05
11776,4699,69,2,114.57,0.15
11777,4699,15,1,1466.49,0.0
11778,4700,58,2,44.05,0.05
11779,4700,13,2,1416.4,0.1
11780,4701,110,3,31.39,0.05
11781,4702,96,1,124.74,0.1
11782,4702,6,2,1247.26,0.05
11783,4702,45,1,58.26,0.0
11784,4702,12,1,876.42,0.05
11785,4703,108,2,285.82,0.0
11786,4703,66,3,106.71,0.1
11787,4703,23,3,1138.4,0.05
11788,4704,73,3,117.31,0.1
11789,4704,60,1,31.57,0.1
11790,4704,69,3,114.57,0.15
11791,4704,81,1,111.58,0.1
11792,4705,54,3,20.73,0.05
11793,4705,68,1,86.11,0.1
11794,4705,93,2,73.99,0.0
11795,4705,94,1,121.02,0.1
11796,4706,26,3,114.37,0.0
11797,4707,10,3,783.62,0.0
11798,4707,62,2,99.59,0.15
11799,4707,1,3,1061.42,0.1
11800,4707,50,2,52.38,0.1
11801,4708,17,3,1005.58,0.0
11802,4708,68,3,86.11,0.0
11803,4708,40,3,52.28,0.15
11804,4708,99,3,181.09,0.15
11805,4709,8,2,1131.13,0.05
11806,4709,42,2,58.5,0.15
11807,4709,48,2,56.46,0.05
11808,4710,110,1,31.39,0.0
11809,4710,26,3,114.37,0.0
11810,4710,84,2,189.75,0.0
11811,4710,52,3,58.53,0.1
11812,4711,111,1,99.29,0.0
11813,4711,25,1,101.45,0.15
11814,4712,32,1,58.98,0.1
11815,4712,105,3,321.26,0.05
11816,4712,57,2,62.07,0.1
11817,4712,18,3,813.45,0.0
11818,4713,89,1,55.64,0.15
11819,4713,59,2,28.01,0.15
11820,4713,12,2,876.42,0.15
11821,4714,50,2,52.38,0.15
11822,4714,54,1,20.73,0.0
11823,4714,59,1,28.01,0.05
11824,4714,13,1,1416.4,0.15
11825,4715,89,2,55.64,0.05
11826,4716,103,2,299.32,0.05
11827,4716,114,2,46.87,0.1
11828,4717,4,1,1016.95,0.05
11829,4717,92,2,59.67,0.1
11830,4717,118,3,70.37,0.0
11831,4718,97,2,308.18,0.05
11832,4718,2,2,1276.88,0.05
11833,4719,70,1,54.65,0.0
11834,4719,48,1,56.46,0.05
11835,4719,28,1,89.14,0.05
11836,4719,17,1,1005.58,0.0
11837,4720,45,3,58.26,0.0
11838,4720,71,1,69.64,0.1
11839,4720,40,1,52.28,0.1
11840,4720,107,2,315.32,0.1
11841,4721,5,3,856.49,0.0
11842,4721,87,3,104.67,0.1
11843,4721,95,3,67.35,0.0
11844,4721,105,1,321.26,0.15
11845,4722,100,3,240.04,0.0
11846,4723,68,1,86.11,0.15
11847,4723,97,1,308.18,0.15
11848,4723,70,3,54.65,0.15
11849,4724,86,2,110.76,0.15
11850,4724,61,2,73.16,0.05
11851,4724,114,3,46.87,0.15
11852,4724,9,3,1017.39,0.1
11853,4725,110,3,31.39,0.15
11854,4725,35,3,109.54,0.0
11855,4725,91,3,94.87,0.1
11856,4726,102,2,188.19,0.0
11857,4726,57,2,62.07,0.0
11858,4727,21,3,1122.92,0.0
11859,4727,34,3,125.09,0.15
11860,4727,38,2,53.59,0.1
11861,4727,108,1,285.82,0.0
11862,4728,68,1,86.11,0.15
11863,4728,60,2,31.57,0.0
11864,4729,36,3,67.29,0.1
11865,4729,108,1,285.82,0.05
11866,4730,23,2,1138.4,0.05
11867,4730,40,2,52.28,0.15
11868,4730,61,1,73.16,0.05
11869,4730,69,2,114.57,0.05
11870,4731,31,2,69.02,0.1
11871,4732,103,1,299.32,0.0
11872,4732,116,3,92.44,0.0
11873,4732,32,3,58.98,0.1
11874,4733,63,2,82.03,0.05
11875,4734,74,3,179.47,0.0
11876,4735,3,1,1143.05,0.0
11877,4735,77,1,105.72,0.05
11878,4735,74,3,179.47,0.1
11879,4735,48,2,56.46,0.05
11880,4736,93,3,73.99,0.0
11881,4737,48,1,56.46,0.1
11882,4737,3,2,1143.05,0.1
11883,4737,4,1,1016.95,0.1
11884,4738,117,2,75.36,0.15
11885,4739,3,1,1143.05,0.15
11886,4739,21,2,1122.92,0.05
11887,4740,4,3,1016.95,0.15
11888,4740,16,3,1522.38,0.15
11889,4740,96,3,124.74,0.0
11890,4740,30,3,139.26,0.15
11891,4741,115,2,74.95,0.05
11892,4741,94,1,121.02,0.05
11893,4742,63,2,82.03,0.15
11894,4742,61,2,73.16,0.1
11895,4742,79,1,243.88,0.05
11896,4742,119,2,62.24,0.0
11897,4743,114,2,46.87,0.15
11898,4744,102,3,188.19,0.15
11899,4744,45,3,58.26,0.1
11900,4744,68,2,86.11,0.1
11901,4744,44,2,59.87,0.0
11902,4745,34,3,125.09,0.05
11903,4745,50,3,52.38,0.1
11904,4746,114,1,46.87,0.15
11905,4746,27,2,116.94,0.15
11906,4746,42,1,58.5,0.1
11907,4746,14,3,929.55,0.0
11908,4747,57,1,62.07,0.15
11909,4747,39,3,57.67,0.0
11910,4747,53,1,55.82,0.05
11911,4747,100,1,240.04,0.15
11912,4748,8,3,1131.13,0.15
11913,4748,112,2,66.68,0.1
11914,4748,53,3,55.82,0.05
11915,4748,86,1,110.76,0.1
11916,4749,69,1,114.57,0.0
11917,4749,38,2,53.59,0.05
11918,4749,52,2,58.53,0.15
11919,4749,23,2,1138.4,0.0
11920,4750,30,1,139.26,0.1
11921,4750,11,1,863.36,0.05
11922,4750,17,3,1005.58,0.05
11923,4751,85,1,122.17,0.1
11924,4751,66,2,106.71,0.15
11925,4751,55,1,32.53,0.0
11926,4751,41,2,45.79,0.0
11927,4752,5,3,856.49,0.1
11928,4752,14,2,929.55,0.05
11929,4752,115,1,74.95,0.15
11930,4752,105,2,321.26,0.0
11931,4753,43,3,30.23,0.1
11932,4753,20,3,1272.89,0.15
11933,4753,89,3,55.64,0.15
11934,4754,18,1,813.45,0.05
11935,4754,1,2,1061.42,0.0
11936,4755,8,1,1131.13,0.0
11937,4756,57,2,62.07,0.1
11938,4756,88,2,109.47,0.15
11939,4756,41,1,45.79,0.1
11940,4757,25,1,101.45,0.0
11941,4758,80,2,81.78,0.0
11942,4758,67,3,48.23,0.1
11943,4758,32,2,58.98,0.15
11944,4759,97,1,308.18,0.15
11945,4759,43,1,30.23,0.05
11946,4759,55,2,32.53,0.0
11947,4760,45,3,58.26,0.0
11948,4760,73,3,117.31,0.0
11949,4760,70,2,54.65,0.15
11950,4761,7,2,1081.5,0.05
11951,4761,105,2,321.26,0.1
11952,4762,23,2,1138.4,0.05
11953,4762,35,1,109.54,0.05
11954,4762,98,3,406.86,0.1
11955,4762,39,1,57.67,0.0
11956,4763,76,3,115.79,0.0
11957,4764,44,3,59.87,0.0
11958,4765,27,2,116.94,0.1
11959,4766,86,2,110.76,0.0
11960,4766,43,1,30.23,0.15
11961,4766,22,2,845.9,0.15
11962,4766,30,2,139.26,0.0
11963,4767,93,1,73.99,0.15
11964,4767,56,1,23.54,0.1
11965,4768,55,2,32.53,0.1
11966,4768,60,2,31.57,0.1
11967,4769,18,1,813.45,0.1
11968,4769,28,2,89.14,0.05
11969,4770,31,3,69.02,0.1
11970,4770,8,3,1131.13,0.05
11971,4770,96,1,124.74,0.15
11972,4770,46,3,64.91,0.1
11973,4771,18,1,813.45,0.0
11974,4771,35,1,109.54,0.0
11975,4772,95,1,67.35,0.05
11976,4772,79,1,243.88,0.15
11977,4773,60,2,31.57,0.15
11978,4773,3,1,1143.05,0.15
11979,4773,85,2,122.17,0.05
11980,4774,42,1,58.5,0.0
11981,4774,84,1,189.75,0.0
11982,4774,78,2,198.38,0.15
11983,4774,57,3,62.07,0.15
11984,4775,21,2,1122.92,0.1
11985,4775,50,3,52.38,0.15
11986,4775,103,1,299.32,0.1
11987,4776,91,1,94.87,0.0
11988,4776,13,1,1416.4,0.1
11989,4777,88,3,109.47,0.15
11990,4777,24,2,1445.96,0.0
11991,4778,50,1,52.38,0.0
11992,4778,40,3,52.28,0.0
11993,4779,119,3,62.24,0.0
11994,4779,110,2,31.39,0.05
11995,4780,73,2,117.31,0.1
11996,4780,64,3,93.19,0.0
11997,4780,6,3,1247.26,0.0
11998,4781,96,3,124.74,0.05
11999,4781,85,2,122.17,0.15
12000,4782,23,1,1138.4,0.0
12001,4783,1,1,1061.42,0.05
12002,4784,96,1,124.74,0.05
12003,4784,22,3,845.9,0.1
12004,4785,38,2,53.59,0.15
12005,4786,111,1,99.29,0.1
12006,4787,106,3,342.73,0.0
12007,4787,46,1,64.91,0.15
12008,4787,115,1,74.95,0.0
12009,4787,73,2,117.31,0.15
12010,4788,60,1,31.57,0.05
12011,4788,92,2,59.67,0.05
12012,4788,55,1,32.53,0.15
12013,4789,116,1,92.44,0.15
12014,4789,112,1,66.68,0.05
12015,4789,44,3,59.87,0.15
12016,4790,20,2,1272.89,0.0
12017,4790,109,3,67.25,0.15
12018,4790,117,3,75.36,0.1
12019,4791,49,3,53.79,0.1
12020,4791,60,2,31.57,0.0
12021,4791,51,2,53.62,0.05
12022,4791,99,3,181.09,0.1
12023,4792,108,3,285.82,0.0
12024,4793,66,1,106.71,0.0
12025,4793,35,2,109.54,0.05
12026,4793,63,3,82.03,0.05
12027,4793,94,1,121.02,0.05
12028,4794,62,1,99.59,0.05
12029,4794,55,1,32.53,0.05
12030,4795,16,2,1522.38,0.1
12031,4795,61,2,73.16,0.15
12032,4795,64,2,93.19,0.0
12033,4796,77,1,105.72,0.15
12034,4796,12,1,876.42,0.1
12035,4796,110,2,31.39,0.05
12036,4797,37,1,36.6,0.05
12037,4798,118,2,70.37,0.1
12038,4798,115,3,74.95,0.1
12039,4798,29,3,144.47,0.0
12040,4798,12,3,876.42,0.0
12041,4799,43,1,30.23,0.05
12042,4799,13,3,1416.4,0.05
12043,4799,89,1,55.64,0.15
12044,4799,28,1,89.14,0.1
12045,4800,3,1,1143.05,0.0
12046,4800,14,1,929.55,0.1
12047,4800,86,3,110.76,0.1
12048,4801,21,3,1122.92,0.1
12049,4801,52,2,58.53,0.15
12050,4802,32,2,58.98,0.0
12051,4802,30,1,139.26,0.0
12052,4802,108,2,285.82,0.1
12053,4802,112,1,66.68,0.15
12054,4803,11,1,863.36,0.0
12055,4803,24,3,1445.96,0.0
12056,4803,61,3,73.16,0.05
12057,4803,74,2,179.47,0.05
12058,4804,56,3,23.54,0.0
12059,4805,2,2,1276.88,0.0
12060,4805,79,1,243.88,0.05
12061,4805,47,3,31.94,0.05
12062,4805,50,1,52.38,0.0
12063,4806,47,1,31.94,0.0
12064,4806,72,3,111.1,0.15
12065,4807,15,3,1466.49,0.05
12066,4807,34,3,125.09,0.15
12067,4808,41,2,45.79,0.05
12068,4808,83,2,77.52,0.1
12069,4808,51,3,53.62,0.1
12070,4808,70,3,54.65,0.15
12071,4809,54,3,20.73,0.05
12072,4810,7,1,1081.5,0.1
12073,4810,2,3,1276.88,0.0
12074,4811,33,2,96.96,0.0
12075,4811,96,3,124.74,0.0
12076,4812,118,3,70.37,0.05
12077,4812,11,2,863.36,0.05
12078,4813,37,2,36.6,0.05
12079,4813,7,1,1081.5,0.0
12080,4814,58,1,44.05,0.05
12081,4814,86,2,110.76,0.0
12082,4814,13,1,1416.4,0.0
12083,4814,16,2,1522.38,0.05
12084,4815,97,3,308.18,0.0
12085,4815,34,3,125.09,0.1
12086,4815,14,3,929.55,0.0
12087,4815,61,1,73.16,0.0
12088,4816,30,1,139.26,0.0
12089,4817,33,1,96.96,0.0
12090,4818,14,3,929.55,0.0
12091,4818,46,3,64.91,0.05
12092,4819,37,2,36.6,0.15
12093,4819,32,2,58.98,0.1
12094,4819,83,2,77.52,0.0
12095,4820,48,3,56.46,0.05
12096,4821,40,3,52.28,0.0
12097,4821,63,2,82.03,0.15
12098,4821,114,3,46.87,0.0
12099,4821,6,3,1247.26,0.05
12100,4822,67,1,48.23,0.15
12101,4822,114,2,46.87,0.15
12102,4823,70,2,54.65,0.15
12103,4823,114,2,46.87,0.0
12104,4823,10,2,783.62,0.05
12105,4823,18,3,813.45,0.15
12106,4824,90,2,100.08,0.1
12107,4824,101,3,403.43,0.15
12108,4824,49,2,53.79,0.15
12109,4824,46,2,64.91,0.1
12110,4825,6,2,1247.26,0.1
12111,4826,84,1,189.75,0.15
12112,4826,94,1,121.02,0.05
12113,4827,119,3,62.24,0.05
12114,4828,58,3,44.05,0.1
12115,4828,7,2,1081.5,0.15
12116,4828,32,1,58.98,0.1
12117,4829,18,1,813.45,0.05
12118,4829,9,1,1017.39,0.1
12119,4830,22,3,845.9,0.05
12120,4831,51,1,53.62,0.05
12121,4831,80,2,81.78,0.0
12122,4831,97,2,308.18,0.0
12123,4831,28,3,89.14,0.0
12124,4832,45,3,58.26,0.1
12125,4833,73,2,117.31,0.1
12126,4834,70,2,54.65,0.0
12127,4834,96,1,124.74,0.15
12128,4834,51,1,53.62,0.1
12129,4835,26,3,114.37,0.0
12130,4835,55,3,32.53,0.1
12131,4835,48,1,56.46,0.15
12132,4836,35,3,109.54,0.15
12133,4836,2,1,1276.88,0.15
12134,4837,48,2,56.46,0.15
12135,4838,66,2,106.71,0.0
12136,4839,92,3,59.67,0.05
12137,4839,79,3,243.88,0.0
12138,4839,74,2,179.47,0.0
12139,4840,72,3,111.1,0.15
12140,4841,50,3,52.38,0.0
12141,4841,14,2,929.55,0.05
12142,4841,112,2,66.68,0.0
12143,4842,53,2,55.82,0.1
12144,4842,107,2,315.32,0.0
12145,4842,45,1,58.26,0.05
12146,4843,54,2,20.73,0.0
12147,4844,89,1,55.64,0.15
12148,4845,66,1,106.71,0.0
12149,4845,52,2,58.53,0.1
12150,4845,43,2,30.23,0.05
12151,4846,9,3,1017.39,0.0
12152,4847,3,2,1143.05,0.15
12153,4847,104,3,175.21,0.15
12154,4847,51,2,53.62,0.0
12155,4847,84,1,189.75,0.1
12156,4848,71,2,69.64,0.0
12157,4848,120,3,64.19,0.1
12158,4848,56,1,23.54,0.1
12159,4849,45,1,58.26,0.1
12160,4849,95,1,67.35,0.15
12161,4850,82,2,113.87,0.0
12162,4850,94,1,121.02,0.05
12163,4850,52,2,58.53,0.0
12164,4851,111,1,99.29,0.15
12165,4852,97,1,308.18,0.0
12166,4852,61,3,73.16,0.05
12167,4852,92,3,59.67,0.0
12168,4853,110,3,31.39,0.05
12169,4853,28,3,89.14,0.05
12170,4853,31,2,69.02,0.05
12171,4853,73,2,117.31,0.05
12172,4854,96,3,124.74,0.05
12173,4854,101,3,403.43,0.1
12174,4854,16,3,1522.38,0.0
12175,4854,15,1,1466.49,0.05
12176,4855,98,1,406.86,0.05
12177,4855,69,3,114.57,0.05
12178,4856,64,2,93.19,0.15
12179,4857,63,3,82.03,0.0
12180,4858,31,3,69.02,0.1
12181,4858,30,3,139.26,0.0
12182,4859,116,2,92.44,0.05
12183,4860,93,2,73.99,0.0
12184,4860,18,2,813.45,0.0
12185,4860,92,3,59.67,0.1
12186,4860,40,1,52.28,0.1
12187,4861,71,3,69.64,0.05
12188,4861,22,1,845.9,0.05
12189,4861,69,2,114.57,0.1
12190,4861,86,2,110.76,0.05
12191,4862,1,3,1061.42,0.1
12192,4862,28,3,89.14,0.15
12193,4862,67,1,48.23,0.05
12194,4862,56,3,23.54,0.05
12195,4863,21,1,1122.92,0.15
12196,4863,110,3,31.39,0.05
12197,4863,56,2,23.54,0.0
12198,4864,18,2,813.45,0.1
12199,4864,120,2,64.19,0.1
12200,4864,67,3,48.23,0.0
12201,4865,57,2,62.07,0.1
12202,4866,59,3,28.01,0.0
12203,4866,76,2,115.79,0.1
12204,4866,39,1,57.67,0.1
12205,4867,35,2,109.54,0.05
12206,4867,39,2,57.67,0.1
12207,4868,97,3,308.18,0.15
12208,4869,96,2,124.74,0.15
12209,4870,102,1,188.19,0.15
12210,4870,92,1,59.67,0.05
12211,4870,1,1,1061.42,0.1
12212,4871,34,3,125.09,0.1
12213,4872,55,2,32.53,0.05
12214,4872,15,3,1466.49,0.05
12215,4873,111,3,99.29,0.0
12216,4874,77,3,105.72,0.05
12217,4875,23,1,1138.4,0.1
12218,4875,81,1,111.58,0.05
12219,4875,15,3,1466.49,0.1
12220,4876,94,1,121.02,0.15
12221,4877,12,3,876.42,0.05
12222,4877,3,1,1143.05,0.15
12223,4877,2,3,1276.88,0.05
12224,4878,43,3,30.23,0.1
12225,4878,101,1,403.43,0.05
12226,4879,39,3,57.67,0.0
12227,4879,7,3,1081.5,0.15
12228,4880,99,1,181.09,0.1
12229,4880,69,1,114.57,0.15
12230,4880,14,3,929.55,0.1
12231,4880,63,1,82.03,0.1
12232,4881,106,3,342.73,0.0
12233,4881,74,3,179.47,0.1
12234,4881,21,1,1122.92,0.1
12235,4882,118,3,70.37,0.15
12236,4882,50,3,52.38,0.1
12237,4882,6,3,1247.26,0.1
12238,4882,3,1,1143.05,0.0
12239,4883,31,2,69.02,0.1
12240,4884,79,3,243.88,0.0
12241,4884,87,1,104.67,0.05
12242,4884,103,2,299.32,0.15
12243,4885,90,3,100.08,0.15
12244,4885,18,3,813.45,0.15
12245,4886,104,3,175.21,0.1
12246,4886,106,3,342.73,0.1
12247,4887,7,3,1081.5,0.0
12248,4887,6,3,1247.26,0.0
12249,4887,60,1,31.57,0.1
12250,4887,12,1,876.42,0.05
12251,4888,15,2,1466.49,0.05
12252,4888,81,1,111.58,0.1
12253,4889,48,2,56.46,0.15
12254,4890,86,2,110.76,0.0
12255,4890,29,2,144.47,0.0
12256,4890,70,1,54.65,0.1
12257,4891,79,3,243.88,0.0
12258,4891,33,3,96.96,0.05
12259,4891,77,3,105.72,0.15
12260,4892,27,2,116.94,0.15
12261,4892,30,2,139.26,0.0
12262,4892,51,2,53.62,0.05
12263,4892,84,1,189.75,0.05
12264,4893,90,1,100.08,0.0
12265,4894,32,2,58.98,0.1
12266,4894,72,1,111.1,0.05
12267,4894,22,2,845.9,0.1
12268,4894,24,2,1445.96,0.1
12269,4895,83,3,77.52,0.15
12270,4896,77,1,105.72,0.15
12271,4896,15,3,1466.49,0.0
12272,4896,45,3,58.26,0.05
12273,4896,37,2,36.6,0.1
12274,4897,79,3,243.88,0.0
12275,4897,35,3,109.54,0.0
12276,4897,7,1,1081.5,0.0
12277,4898,78,3,198.38,0.05
12278,4899,61,2,73.16,0.15
12279,4899,76,2,115.79,0.0
12280,4899,98,3,406.86,0.05
12281,4899,22,3,845.9,0.0
12282,4900,84,2,189.75,0.1
12283,4901,15,2,1466.49,0.15
12284,4901,8,2,1131.13,0.0
12285,4901,74,1,179.47,0.1
12286,4901,14,3,929.55,0.05
12287,4902,38,3,53.59,0.1
12288,4902,75,3,181.68,0.05
12289,4902,35,3,109.54,0.05
12290,4902,46,1,64.91,0.1
12291,4903,33,2,96.96,0.0
12292,4903,118,1,70.37,0.15
12293,4904,91,1,94.87,0.0
12294,4904,81,1,111.58,0.15
12295,4904,86,1,110.76,0.05
12296,4904,31,1,69.02,0.15
12297,4905,92,2,59.67,0.1
12298,4905,23,3,1138.4,0.0
12299,4906,60,2,31.57,0.0
12300,4906,54,3,20.73,0.0
12301,4906,13,2,1416.4,0.1
12302,4906,113,2,45.91,0.05
12303,4907,8,2,1131.13,0.05
12304,4908,64,2,93.19,0.1
12305,4908,12,2,876.42,0.1
12306,4908,24,3,1445.96,0.1
12307,4909,12,1,876.42,0.1
12308,4909,77,3,105.72,0.0
12309,4909,51,1,53.62,0.1
12310,4910,39,2,57.67,0.1
12311,4910,120,3,64.19,0.15
12312,4910,83,1,77.52,0.1
12313,4911,71,3,69.64,0.15
12314,4911,116,3,92.44,0.05
12315,4912,63,2,82.03,0.1
12316,4912,46,1,64.91,0.0
12317,4912,90,1,100.08,0.0
12318,4912,20,2,1272.89,0.15
12319,4913,101,1,403.43,0.05
12320,4913,72,2,111.1,0.1
12321,4913,9,1,1017.39,0.15
12322,4914,6,3,1247.26,0.15
12323,4914,87,3,104.67,0.0
12324,4914,103,1,299.32,0.05
12325,4915,54,3,20.73,0.05
12326,4915,22,2,845.9,0.05
12327,4915,27,2,116.94,0.0
12328,4915,110,1,31.39,0.15
12329,4916,108,1,285.82,0.05
12330,4917,18,1,813.45,0.0
12331,4917,106,3,342.73,0.05
12332,4917,58,1,44.05,0.05
12333,4918,22,2,845.9,0.05
12334,4919,3,1,1143.05,0.1
12335,4919,100,1,240.04,0.05
12336,4919,59,1,28.01,0.0
12337,4920,42,2,58.5,0.05
12338,4920,109,3,67.25,0.15
12339,4921,70,1,54.65,0.05
12340,4921,120,2,64.19,0.1
12341,4921,109,3,67.25,0.05
12342,4922,33,1,96.96,0.15
12343,4922,47,2,31.94,0.05
12344,4922,67,3,48.23,0.05
12345,4922,60,3,31.57,0.0
12346,4923,60,1,31.57,0.0
12347,4924,44,3,59.87,0.0
12348,4924,63,1,82.03,0.1
12349,4924,34,1,125.09,0.05
12350,4925,38,3,53.59,0.0
12351,4925,2,2,1276.88,0.0
12352,4926,113,2,45.91,0.15
12353,4926,61,3,73.16,0.15
12354,4926,115,1,74.95,0.1
12355,4927,63,1,82.03,0.05
12356,4928,89,2,55.64,0.1
12357,4928,35,2,109.54,0.1
12358,4928,16,3,1522.38,0.05
12359,4928,81,1,111.58,0.0
12360,4929,17,2,1005.58,0.0
12361,4929,30,2,139.26,0.15
12362,4930,95,3,67.35,0.1
12363,4930,103,1,299.32,0.15
12364,4931,18,2,813.45,0.0
12365,4931,79,3,243.88,0.05
12366,4931,21,3,1122.92,0.0
12367,4932,17,3,1005.58,0.0
12368,4932,7,3,1081.5,0.0
12369,4932,82,2,113.87,0.05
12370,4933,4,3,1016.95,0.1
12371,4934,83,1,77.52,0.1
12372,4934,119,3,62.24,0.1
12373,4935,91,1,94.87,0.1
12374,4935,45,1,58.26,0.15
12375,4935,12,3,876.42,0.05
12376,4935,3,1,1143.05,0.15
12377,4936,22,2,845.9,0.05
12378,4937,63,2,82.03,0.15
12379,4938,40,2,52.28,0.05
12380,4938,28,3,89.14,0.0
12381,4938,74,2,179.47,0.15
12382,4939,44,2,59.87,0.15
12383,4939,88,2,109.47,0.0
12384,4939,31,1,69.02,0.15
12385,4940,70,1,54.65,0.05
12386,4940,88,1,109.47,0.05
12387,4940,16,3,1522.38,0.1
12388,4940,72,3,111.1,0.1
12389,4941,69,2,114.57,0.15
12390,4941,39,3,57.67,0.1
12391,4941,68,2,86.11,0.1
12392,4942,60,3,31.57,0.0
12393,4942,18,2,813.45,0.05
12394,4942,80,2,81.78,0.0
12395,4943,35,1,109.54,0.05
12396,4944,15,3,1466.49,0.1
12397,4944,99,2,181.09,0.1
12398,4944,17,2,1005.58,0.05
12399,4944,28,2,89.14,0.0
12400,4945,106,2,342.73,0.15
12401,4946,80,3,81.78,0.15
12402,4947,33,3,96.96,0.15
12403,4947,52,1,58.53,0.0
12404,4948,98,3,406.86,0.05
12405,4949,66,3,106.71,0.05
12406,4950,69,2,114.57,0.0
12407,4950,82,2,113.87,0.0
12408,4950,42,2,58.5,0.0
12409,4951,18,2,813.45,0.15
12410,4951,59,1,28.01,0.0
12411,4951,65,2,94.35,0.15
12412,4951,43,1,30.23,0.15
12413,4952,116,2,92.44,0.1
12414,4953,76,2,115.79,0.05
12415,4953,78,3,198.38,0.0
12416,4953,58,1,44.05,0.1
12417,4954,42,1,58.5,0.0
12418,4954,37,1,36.6,0.05
12419,4954,43,1,30.23,0.0
12420,4955,7,3,1081.5,0.05
12421,4955,46,1,64.91,0.05
12422,4956,20,1,1272.89,0.05
12423,4956,92,3,59.67,0.1
12424,4957,6,3,1247.26,0.15
12425,4957,105,3,321.26,0.05
12426,4957,103,3,299.32,0.05
12427,4957,118,3,70.37,0.05
12428,4958,88,1,109.47,0.0
12429,4959,75,1,181.68,0.1
12430,4959,85,3,122.17,0.1
12431,4959,53,3,55.82,0.0
12432,4960,118,1,70.37,0.05
12433,4960,25,2,101.45,0.05
12434,4960,7,2,1081.5,0.05
12435,4961,60,2,31.57,0.15
12436,4961,8,3,1131.13,0.1
12437,4962,35,3,109.54,0.05
12438,4963,117,3,75.36,0.15
12439,4963,103,1,299.32,0.0
12440,4963,43,2,30.23,0.1
12441,4964,113,2,45.91,0.0
12442,4964,106,1,342.73,0.15
12443,4964,46,3,64.91,0.1
12444,4965,94,1,121.02,0.15
12445,4965,51,1,53.62,0.05
12446,4966,102,3,188.19,0.15
12447,4966,94,2,121.02,0.0
12448,4967,99,1,181.09,0.1
12449,4967,114,2,46.87,0.1
12450,4967,93,3,73.99,0.05
12451,4968,14,1,929.55,0.15
12452,4968,33,1,96.96,0.15
12453,4968,112,1,66.68,0.15
12454,4968,98,3,406.86,0.05
12455,4969,6,3,1247.26,0.1
12456,4970,114,2,46.87,0.05
12457,4971,7,2,1081.5,0.1
12458,4972,95,2,67.35,0.1
12459,4973,67,2,48.23,0.0
12460,4973,37,2,36.6,0.15
12461,4973,82,1,113.87,0.1
12462,4973,6,1,1247.26,0.15
12463,4974,42,3,58.5,0.15
12464,4975,59,3,28.01,0.0
12465,4975,81,3,111.58,0.0
12466,4976,40,3,52.28,0.15
12467,4977,61,3,73.16,0.0
12468,4977,100,2,240.04,0.0
12469,4977,83,2,77.52,0.05
12470,4978,63,2,82.03,0.0
12471,4978,106,2,342.73,0.1
12472,4978,108,1,285.82,0.15
12473,4978,59,2,28.01,0.15
12474,4979,27,2,116.94,0.1
12475,4979,88,1,109.47,0.15
12476,4979,57,1,62.07,0.0
12477,4979,13,1,1416.4,0.15
12478,4980,40,2,52.28,0.0
12479,4980,10,2,783.62,0.15
12480,4981,82,3,113.87,0.05
12481,4981,32,1,58.98,0.1
12482,4981,35,1,109.54,0.0
12483,4981,94,1,121.02,0.0
12484,4982,89,2,55.64,0.0
12485,4982,16,2,1522.38,0.0
12486,4983,104,1,175.21,0.15
12487,4984,41,3,45.79,0.15
12488,4985,114,3,46.87,0.0
12489,4985,17,1,1005.58,0.0
12490,4985,25,1,101.45,0.1
12491,4986,110,3,31.39,0.0
12492,4986,100,3,240.04,0.0
12493,4986,62,3,99.59,0.15
12494,4987,58,1,44.05,0.15
12495,4987,35,3,109.54,0.1
12496,4987,94,1,121.02,0.1
12497,4988,8,1,1131.13,0.1
12498,4988,23,3,1138.4,0.1
12499,4988,50,2,52.38,0.15
12500,4988,80,2,81.78,0.05
12501,4989,20,1,1272.89,0.0
12502,4989,17,3,1005.58,0.15
12503,4989,101,1,403.43,0.15
12504,4989,97,3,308.18,0.05
12505,4990,45,2,58.26,0.1
12506,4990,30,1,139.26,0.05
12507,4990,75,3,181.68,0.0
12508,4991,50,3,52.38,0.0
12509,4991,90,1,100.08,0.1
12510,4991,110,2,31.39,0.0
12511,4992,85,3,122.17,0.1
12512,4992,49,3,53.79,0.1
12513,4993,77,2,105.72,0.1
12514,4993,8,1,1131.13,0.1
12515,4993,34,1,125.09,0.15
12516,4993,37,3,36.6,0.05
12517,4994,3,1,1143.05,0.05
12518,4994,115,3,74.95,0.05
12519,4994,70,1,54.65,0.0
12520,4994,99,1,181.09,0.05
12521,4995,94,3,121.02,0.1
12522,4995,102,2,188.19,0.1
12523,4995,71,3,69.64,0.1
12524,4995,18,1,813.45,0.0
12525,4996,17,3,1005.58,0.0
12526,4997,105,1,321.26,0.05
12527,4997,69,1,114.57,0.05
12528,4997,28,2,89.14,0.05
12529,4998,116,2,92.44,0.0
12530,4999,33,3,96.96,0.1
12531,5000,17,3,1005.58,0.1
12532,5000,23,2,1138.4,0.15
