payment_id,order_id,payment_date,payment_amount,payment_method,payment_status
1,1,2025-06-29,1737.24,Net Banking,Success
2,2,2024-06-12,114.57,Credit Card,Success
3,3,2026-01-18,144.69,Credit Card,Success
4,4,2026-06-27,3928.27,UPI,Failed
5,5,2026-08-02,198.47,Credit Card,Success
6,6,2024-10-03,2672.55,UPI,Success
7,7,2026-08-16,4337.88,Net Banking,Success
8,8,2025-11-04,92.11,Net Banking,Success
9,9,2025-05-31,4282.14,Net Banking,Success
10,10,2025-01-17,1731.97,Debit Card,Success
11,11,2025-04-08,2107.93,Credit Card,Success
12,12,2026-04-05,3215.27,Credit Card,Success
13,13,2026-01-29,840.41,UPI,Success
14,14,2026-07-14,2780.23,UPI,Success
15,15,2026-08-01,363.33,UPI,Refunded
16,16,2026-03-21,3272.85,Credit Card,Success
17,17,2025-12-07,233.94,Debit Card,Success
18,18,2026-01-27,1070.43,Debit Card,Success
19,19,2025-05-19,1273.21,UPI,Success
20,20,2026-04-15,103.84,Debit Card,Success
21,21,2024-09-13,3675.37,UPI,Success
22,22,2025-06-14,4306.19,Credit Card,Success
23,23,2026-03-04,2408.38,UPI,Success
24,24,2026-03-03,1753.05,Net Banking,Success
25,25,2025-06-20,5909.07,UPI,Success
26,26,2026-08-10,360.28,Net Banking,Success
27,27,2025-09-10,147.87,Debit Card,Success
28,28,2025-09-18,538.41,Credit Card,Success
29,29,2026-03-18,1713.92,Debit Card,Success
30,30,2025-01-04,1158.8,Debit Card,Refunded
31,31,2025-11-05,106.03,UPI,Success
32,32,2025-12-04,1688.79,Credit Card,Success
33,33,2025-10-17,5384.04,Credit Card,Success
34,34,2025-01-26,4101.79,Credit Card,Success
35,35,2026-03-05,1749.15,Net Banking,Success
36,36,2025-09-11,63.33,Debit Card,Success
37,37,2026-02-26,177.98,Net Banking,Success
38,38,2025-06-09,4884.44,Net Banking,Success
39,39,2025-12-22,755.04,Net Banking,Success
40,40,2025-02-10,676.15,Debit Card,Success
41,41,2026-04-20,849.2,UPI,Success
42,42,2026-02-05,280.48,Debit Card,Success
43,43,2026-02-06,624.84,Credit Card,Success
44,44,2026-04-02,1220.58,Net Banking,Success
45,45,2026-01-12,4128.36,Credit Card,Success
46,46,2026-03-20,160.39,UPI,Success
47,47,2025-04-21,2786.83,UPI,Success
48,48,2025-03-03,3009.86,Debit Card,Success
49,49,2024-08-18,2071.34,Net Banking,Success
50,50,2025-08-07,367.36,UPI,Success
51,51,2026-08-04,1135.28,Credit Card,Success
52,52,2025-04-13,118.93,Debit Card,Success
53,53,2026-02-19,3469.21,Debit Card,Success
54,54,2026-03-18,511.76,Net Banking,Success
55,55,2026-08-16,777.02,UPI,Success
56,56,2024-12-19,570.91,UPI,Success
57,57,2024-04-20,458.62,Net Banking,Success
58,58,2024-12-23,4164.86,Debit Card,Success
59,59,2025-03-22,1677.47,Net Banking,Success
60,60,2026-08-09,945.75,Credit Card,Success
61,61,2026-05-03,3866.81,Net Banking,Success
62,62,2026-02-14,325.96,UPI,Success
63,63,2025-04-08,229.57,UPI,Success
64,64,2026-07-26,2365.34,Credit Card,Success
65,65,2024-11-23,452.33,UPI,Success
66,66,2025-05-31,241.08,UPI,Success
67,67,2026-06-13,1991.0,Debit Card,Success
68,68,2025-04-22,3259.08,UPI,Success
69,69,2024-04-28,137.46,Net Banking,Success
70,70,2026-04-30,1639.36,UPI,Refunded
71,71,2025-09-14,3877.59,UPI,Failed
72,72,2026-04-20,4386.63,Net Banking,Success
73,73,2025-12-28,2149.15,Credit Card,Success
74,74,2026-01-22,680.99,Debit Card,Success
75,75,2025-11-06,681.51,Debit Card,Success
76,76,2026-06-24,1019.78,Debit Card,Failed
77,77,2025-12-02,7456.26,UPI,Success
78,78,2026-04-05,513.42,Credit Card,Success
79,79,2025-07-13,299.55,Credit Card,Success
80,80,2025-10-28,2184.05,Net Banking,Success
81,81,2025-09-30,249.1,Credit Card,Success
82,82,2026-07-27,1232.15,UPI,Success
83,83,2025-09-29,258.12,UPI,Success
84,84,2026-07-15,488.94,Net Banking,Success
85,85,2026-05-18,4383.98,UPI,Failed
86,86,2025-12-08,432.26,UPI,Success
87,87,2026-01-23,272.86,Debit Card,Success
88,88,2024-11-09,158.75,Credit Card,Refunded
89,89,2025-08-08,385.25,Debit Card,Success
90,90,2026-06-08,1815.63,Net Banking,Success
91,91,2026-08-26,285.44,Credit Card,Success
92,92,2026-08-06,126.67,Net Banking,Success
93,93,2025-04-27,858.08,Credit Card,Failed
94,94,2025-09-15,261.07,Net Banking,Success
95,95,2025-05-22,260.05,Net Banking,Success
96,96,2025-01-14,3385.37,UPI,Success
97,97,2026-06-12,1136.89,Credit Card,Success
98,98,2025-10-29,514.54,UPI,Success
99,99,2025-11-10,545.71,Credit Card,Failed
100,100,2024-08-02,764.0,Debit Card,Success
101,101,2026-03-29,373.32,Net Banking,Success
102,102,2026-08-16,161.37,Debit Card,Refunded
103,103,2025-12-10,1650.65,Credit Card,Success
104,104,2025-11-18,576.21,Credit Card,Failed
105,105,2024-12-06,304.76,Debit Card,Failed
106,106,2026-01-24,1421.88,Debit Card,Success
107,107,2026-02-14,229.94,Net Banking,Success
108,108,2026-01-26,417.8,UPI,Success
109,109,2026-08-24,173.08,Credit Card,Success
110,110,2025-02-04,2036.24,Net Banking,Success
111,111,2026-04-02,1723.2,UPI,Failed
112,112,2025-10-14,55.17,UPI,Success
113,113,2026-07-28,2537.71,Credit Card,Success
114,114,2025-01-26,841.74,Net Banking,Failed
115,115,2025-06-27,505.87,Debit Card,Success
116,116,2025-04-23,4910.85,UPI,Success
117,117,2025-05-30,1182.79,UPI,Success
118,118,2026-05-05,4120.99,Net Banking,Success
119,119,2025-10-21,311.41,Debit Card,Success
120,120,2025-06-04,744.96,Debit Card,Success
121,121,2025-10-12,170.26,UPI,Success
122,122,2025-05-07,37.31,Net Banking,Success
123,123,2025-10-18,1211.01,Net Banking,Success
124,124,2026-05-08,376.92,UPI,Success
125,125,2025-11-12,3678.29,Debit Card,Success
126,126,2025-11-18,952.71,UPI,Success
127,127,2026-06-28,2316.53,Credit Card,Success
128,128,2026-02-05,499.03,Credit Card,Success
129,129,2026-08-05,711.57,Net Banking,Refunded
130,130,2026-08-30,148.46,Net Banking,Success
131,131,2025-07-19,728.34,Debit Card,Success
132,132,2026-04-01,177.16,Debit Card,Success
133,133,2024-08-04,363.73,Net Banking,Success
134,134,2025-09-23,3690.76,Net Banking,Success
135,135,2026-07-30,851.36,Debit Card,Success
136,136,2026-05-15,704.16,Net Banking,Success
137,137,2026-02-07,5497.32,UPI,Success
138,138,2026-06-01,319.03,Net Banking,Success
139,139,2025-03-17,296.36,Credit Card,Success
140,140,2026-07-04,247.38,Credit Card,Success
141,141,2024-10-01,60.46,Credit Card,Success
142,142,2026-02-15,494.3,Net Banking,Success
143,143,2024-12-30,1387.13,Debit Card,Success
144,144,2025-11-27,2477.81,Credit Card,Failed
145,145,2025-12-25,1859.1,Credit Card,Success
146,146,2026-05-15,437.34,Debit Card,Success
147,147,2026-06-10,2780.69,Net Banking,Success
148,148,2025-10-05,351.36,Net Banking,Success
149,149,2026-03-16,1255.88,UPI,Success
150,150,2026-08-08,1035.04,UPI,Success
151,151,2026-06-11,3364.28,Net Banking,Success
152,152,2025-10-08,832.6,Credit Card,Success
153,153,2024-09-29,923.47,Net Banking,Success
154,154,2025-08-09,621.89,UPI,Refunded
155,155,2026-01-21,2865.83,Credit Card,Success
156,156,2025-12-22,330.24,Net Banking,Failed
157,157,2026-01-21,1199.76,Debit Card,Success
158,158,2025-08-10,1898.8,Net Banking,Success
159,159,2026-01-08,1489.18,Net Banking,Success
160,160,2026-02-20,340.99,Debit Card,Success
161,161,2026-06-14,211.16,Credit Card,Success
162,162,2026-01-26,3520.15,Net Banking,Refunded
163,163,2024-09-16,117.96,Debit Card,Success
164,164,2024-05-18,124.37,Debit Card,Failed
165,165,2026-04-20,3156.64,UPI,Refunded
166,166,2024-12-07,374.17,Debit Card,Success
167,167,2025-10-14,4009.61,Net Banking,Success
168,168,2025-12-01,3138.01,UPI,Success
169,169,2026-02-17,575.5,UPI,Success
170,170,2025-12-15,1101.3,Credit Card,Success
171,171,2026-08-22,580.35,Debit Card,Success
172,172,2025-03-28,1066.72,Credit Card,Success
173,173,2025-06-01,73.19,Debit Card,Success
174,174,2026-04-17,3535.57,Credit Card,Success
175,175,2024-10-10,269.36,Debit Card,Success
176,176,2025-12-09,204.97,Net Banking,Success
177,177,2026-01-13,1473.82,Credit Card,Success
178,178,2026-02-16,69.73,UPI,Success
179,179,2025-09-06,2991.64,Net Banking,Success
180,180,2026-06-16,54.56,Debit Card,Success
181,181,2025-10-18,272.11,Net Banking,Failed
182,182,2025-07-09,54.65,Net Banking,Success
183,183,2026-07-14,492.68,Credit Card,Success
184,184,2025-11-11,2385.14,Credit Card,Success
185,185,2025-12-05,2510.19,Net Banking,Success
186,186,2026-08-05,1712.98,Debit Card,Success
187,187,2026-03-12,227.31,UPI,Success
188,188,2026-06-29,2441.0,Net Banking,Success
189,189,2025-06-26,168.09,Credit Card,Success
190,190,2026-07-13,2632.16,Net Banking,Success
191,191,2026-03-23,202.69,UPI,Success
192,192,2025-11-02,891.99,UPI,Success
193,193,2025-06-11,2893.89,Credit Card,Success
194,194,2025-04-12,565.31,Net Banking,Failed
195,195,2024-11-24,89.86,Credit Card,Failed
196,196,2025-07-14,105.54,Credit Card,Success
197,197,2025-08-11,452.15,UPI,Success
198,198,2025-08-27,5499.79,Debit Card,Success
199,199,2026-07-17,5646.37,Net Banking,Failed
200,200,2026-07-19,331.21,UPI,Success
201,201,2026-02-16,181.21,Credit Card,Success
202,202,2026-01-18,3957.22,Credit Card,Success
203,203,2025-10-04,2552.67,Debit Card,Success
204,204,2025-02-26,297.86,UPI,Success
205,205,2025-08-05,3809.83,UPI,Success
206,206,2026-03-16,4416.05,UPI,Failed
207,207,2025-12-05,1164.69,Credit Card,Success
208,208,2026-06-06,287.97,Credit Card,Success
209,209,2025-05-20,2756.76,Debit Card,Success
210,210,2024-04-27,4887.05,UPI,Success
211,211,2025-11-03,890.54,UPI,Success
212,212,2026-05-14,414.01,Debit Card,Success
213,213,2026-06-24,197.53,Net Banking,Success
214,214,2026-02-09,202.9,Credit Card,Success
215,215,2025-03-03,836.6,Credit Card,Success
216,216,2024-10-27,255.41,Net Banking,Success
217,217,2026-05-11,53.59,Credit Card,Success
218,218,2025-07-30,567.34,UPI,Success
219,219,2026-06-16,464.13,UPI,Success
220,220,2024-09-26,5488.29,Debit Card,Success
221,221,2025-06-25,4864.71,Debit Card,Success
222,222,2026-06-01,4580.07,Credit Card,Refunded
223,223,2026-06-06,546.57,Debit Card,Refunded
224,224,2025-07-18,2440.35,Debit Card,Success
225,225,2026-02-18,101.31,UPI,Success
226,226,2025-05-19,229.14,Net Banking,Success
227,227,2026-08-12,203.47,Net Banking,Success
228,228,2025-11-12,2421.11,Net Banking,Success
229,229,2025-09-29,2665.82,Credit Card,Success
230,230,2026-06-24,1910.56,Net Banking,Success
231,231,2026-02-18,3893.06,Credit Card,Success
232,232,2025-05-05,348.78,Debit Card,Success
233,233,2026-07-20,1336.93,Credit Card,Success
234,234,2026-07-10,740.79,Credit Card,Success
235,235,2026-04-08,1967.38,Debit Card,Success
236,236,2025-11-05,101.37,Credit Card,Success
237,237,2026-07-14,570.92,UPI,Success
238,238,2026-01-26,587.03,UPI,Success
239,239,2026-03-02,41.46,Credit Card,Success
240,240,2025-04-23,272.69,UPI,Failed
241,241,2025-05-03,3595.81,Credit Card,Success
242,242,2025-12-19,65.84,Credit Card,Success
243,243,2025-01-01,383.26,UPI,Success
244,244,2026-07-08,3520.15,Debit Card,Success
245,245,2025-05-08,446.28,UPI,Success
246,246,2025-12-06,1201.86,UPI,Refunded
247,247,2026-01-29,1724.46,Net Banking,Success
248,248,2026-02-12,41.0,Debit Card,Success
249,249,2025-07-23,1467.71,Credit Card,Success
250,250,2026-03-21,641.01,Net Banking,Success
251,251,2026-04-12,209.34,Net Banking,Success
252,252,2026-06-12,1294.02,Net Banking,Success
253,253,2026-01-12,942.8,Credit Card,Refunded
254,254,2026-08-18,1782.39,Net Banking,Success
255,255,2024-11-19,6447.98,Credit Card,Success
256,256,2026-04-23,323.77,Credit Card,Success
257,257,2024-06-15,1006.28,Credit Card,Success
258,258,2026-02-09,281.47,UPI,Success
259,259,2026-02-01,4384.93,Net Banking,Success
260,260,2026-01-16,901.37,Debit Card,Success
261,261,2026-06-23,2677.25,UPI,Success
262,262,2026-01-09,226.08,Debit Card,Success
263,263,2025-03-16,1823.59,Credit Card,Success
264,264,2026-04-21,4693.54,Debit Card,Success
265,265,2025-12-17,550.36,UPI,Success
266,266,2026-06-03,208.42,Credit Card,Refunded
267,267,2026-05-22,1477.86,Net Banking,Success
268,268,2026-03-24,3045.62,UPI,Success
269,269,2026-06-02,475.8,Net Banking,Success
270,270,2026-05-21,96.79,Debit Card,Failed
271,271,2025-12-28,377.45,UPI,Success
272,272,2026-03-31,1888.72,Credit Card,Success
273,273,2026-05-18,1018.02,Debit Card,Success
274,274,2025-09-04,632.01,Debit Card,Failed
275,275,2025-03-25,325.96,Net Banking,Success
276,276,2026-07-18,6204.84,Credit Card,Success
277,277,2026-07-16,143.2,Debit Card,Success
278,278,2025-11-23,857.46,UPI,Refunded
279,279,2026-07-01,478.72,Debit Card,Success
280,280,2024-11-21,364.76,Net Banking,Failed
281,281,2024-04-20,582.64,Net Banking,Success
282,282,2025-10-21,308.46,Credit Card,Success
283,283,2026-01-29,3066.8,Credit Card,Success
284,284,2025-07-18,6370.62,Debit Card,Success
285,285,2026-05-26,2500.7,Credit Card,Failed
286,286,2026-05-14,731.47,UPI,Success
287,287,2025-09-21,2113.83,Credit Card,Success
288,288,2026-03-12,572.14,Debit Card,Success
289,289,2026-07-01,394.56,UPI,Success
290,290,2026-06-21,526.18,Net Banking,Failed
291,291,2026-02-16,1812.15,Credit Card,Success
292,292,2026-06-30,2594.92,Debit Card,Success
293,293,2025-11-26,185.25,Net Banking,Success
294,294,2025-09-18,648.29,UPI,Success
295,295,2026-03-30,2624.59,Net Banking,Success
296,296,2025-08-06,1684.64,UPI,Success
297,297,2025-07-30,2640.63,UPI,Success
298,298,2025-07-25,3445.14,Debit Card,Success
299,299,2025-12-15,787.38,UPI,Success
300,300,2025-01-11,1900.23,Debit Card,Success
301,301,2026-02-25,2997.15,Net Banking,Refunded
302,302,2026-04-13,788.53,Net Banking,Success
303,303,2025-12-30,2694.7,Net Banking,Success
304,304,2025-01-07,350.99,Net Banking,Success
305,305,2026-02-06,443.71,Debit Card,Success
306,306,2025-05-29,90.7,Net Banking,Success
307,307,2025-12-19,319.92,Net Banking,Success
308,308,2025-10-06,531.06,UPI,Success
309,309,2025-09-08,1151.88,UPI,Success
310,310,2025-07-10,1104.79,UPI,Success
311,311,2025-02-17,100.08,UPI,Success
312,312,2026-07-28,324.33,Net Banking,Success
313,313,2025-12-30,719.01,Net Banking,Success
314,314,2025-03-06,339.87,Credit Card,Success
315,315,2026-06-24,443.3,UPI,Success
316,316,2024-10-07,2251.59,Credit Card,Success
317,317,2026-01-25,576.64,Net Banking,Success
318,318,2026-03-03,1088.37,UPI,Success
319,319,2024-11-23,3065.75,UPI,Success
320,320,2026-08-29,157.69,Net Banking,Success
321,321,2026-03-16,260.24,UPI,Success
322,322,2026-03-13,80.64,Net Banking,Success
323,323,2025-04-25,1028.19,Credit Card,Refunded
324,324,2026-06-09,149.27,Net Banking,Success
325,325,2025-09-24,1347.64,Net Banking,Success
326,326,2026-03-17,186.22,Debit Card,Success
327,327,2025-11-17,3373.31,UPI,Success
328,328,2025-12-23,1554.05,Net Banking,Success
329,329,2026-01-06,4164.69,Debit Card,Success
330,330,2026-04-10,4640.92,Net Banking,Success
331,331,2025-11-08,791.78,UPI,Failed
332,332,2026-05-27,4001.49,Net Banking,Success
333,333,2024-08-03,531.59,Credit Card,Success
334,334,2026-05-24,257.75,UPI,Refunded
335,335,2025-02-10,810.68,Net Banking,Success
336,336,2025-03-08,27.65,UPI,Success
337,337,2025-07-24,1022.78,Net Banking,Success
338,338,2025-10-26,334.87,UPI,Success
339,339,2026-06-28,150.89,Debit Card,Success
340,340,2025-12-03,2841.91,Net Banking,Success
341,341,2026-07-11,2325.52,Credit Card,Success
342,342,2024-07-11,361.7,Net Banking,Success
343,343,2026-04-20,2950.78,Credit Card,Success
344,344,2026-07-21,99.29,Debit Card,Success
345,345,2026-08-25,304.35,UPI,Success
346,346,2026-05-13,4338.78,Credit Card,Success
347,347,2026-08-10,2559.73,UPI,Success
348,348,2025-11-19,1995.32,UPI,Success
349,349,2025-10-27,3187.19,UPI,Success
350,350,2026-02-20,1027.42,UPI,Success
351,351,2026-03-30,3678.1,Credit Card,Success
352,352,2026-07-25,168.09,Debit Card,Refunded
353,353,2025-05-05,1874.71,Net Banking,Success
354,354,2024-09-29,4390.53,Debit Card,Success
355,355,2026-02-23,6122.32,UPI,Success
356,356,2026-07-17,1678.27,Debit Card,Refunded
357,357,2026-02-06,1390.86,UPI,Success
358,358,2026-06-16,4263.67,Debit Card,Failed
359,359,2026-03-08,1667.84,Net Banking,Success
360,360,2025-08-16,541.71,UPI,Success
361,361,2025-07-21,806.48,UPI,Success
362,362,2025-03-24,1121.6,UPI,Success
363,363,2026-03-01,351.76,Credit Card,Success
364,364,2025-02-21,3514.55,Net Banking,Success
365,365,2025-08-01,2635.69,UPI,Success
366,366,2025-08-24,1728.82,Credit Card,Success
367,367,2026-08-12,1098.18,Credit Card,Failed
368,368,2025-11-21,223.16,Credit Card,Success
369,369,2025-06-03,285.75,Credit Card,Failed
370,370,2025-05-18,210.45,Net Banking,Success
371,371,2025-10-19,179.61,Net Banking,Failed
372,372,2025-05-30,929.55,UPI,Success
373,373,2026-06-09,284.8,Credit Card,Success
374,374,2025-02-02,387.79,Debit Card,Success
375,375,2025-11-12,3517.63,UPI,Success
376,376,2025-09-19,3360.86,Net Banking,Success
377,377,2026-05-27,530.01,UPI,Success
378,378,2025-05-17,177.2,Net Banking,Success
379,379,2025-11-24,31.94,Debit Card,Success
380,380,2026-06-13,375.04,Debit Card,Success
381,381,2025-10-22,234.52,Credit Card,Failed
382,382,2026-08-23,3257.69,Net Banking,Success
383,383,2026-06-24,481.45,Net Banking,Failed
384,384,2026-02-24,96.52,Debit Card,Success
385,385,2026-04-04,3568.16,UPI,Refunded
386,386,2025-01-28,1310.11,UPI,Success
387,387,2025-05-03,294.6,Net Banking,Success
388,388,2026-02-14,111.09,Net Banking,Success
389,389,2025-07-21,338.45,UPI,Success
390,390,2025-09-22,2679.87,Net Banking,Success
391,391,2026-03-22,4699.43,Credit Card,Success
392,392,2026-01-19,287.49,Debit Card,Success
393,393,2026-06-18,362.12,Debit Card,Success
394,394,2025-06-19,1464.74,Net Banking,Success
395,395,2025-06-27,471.05,Net Banking,Success
396,396,2026-04-26,361.56,Net Banking,Success
397,397,2026-06-07,489.43,Credit Card,Success
398,398,2025-07-13,1109.78,Net Banking,Success
399,399,2026-03-01,1209.1,UPI,Success
400,400,2025-10-24,405.11,Debit Card,Success
401,401,2024-04-09,6124.2,Debit Card,Success
402,402,2026-07-28,4096.85,Net Banking,Success
403,403,2026-06-22,270.97,Credit Card,Success
404,404,2025-11-20,978.05,Net Banking,Success
405,405,2026-06-22,160.86,UPI,Success
406,406,2024-12-08,3487.47,Debit Card,Success
407,407,2025-11-10,1930.01,Credit Card,Success
408,408,2026-08-03,1671.82,Credit Card,Success
409,409,2026-04-24,1211.59,UPI,Success
410,410,2025-11-15,253.7,UPI,Success
411,411,2025-12-21,141.43,Net Banking,Success
412,412,2025-03-13,570.32,Debit Card,Success
413,413,2025-01-09,137.25,UPI,Success
414,414,2025-10-17,562.04,UPI,Success
415,415,2025-06-15,3497.33,UPI,Success
416,416,2025-10-01,355.25,Credit Card,Success
417,417,2025-08-25,3873.61,UPI,Success
418,418,2024-09-15,343.89,Credit Card,Success
419,419,2024-05-03,44.44,UPI,Success
420,420,2025-08-30,230.02,Debit Card,Success
421,421,2025-09-22,86.81,Credit Card,Success
422,422,2026-08-01,266.85,Net Banking,Success
423,423,2026-02-25,2034.78,UPI,Success
424,424,2025-07-31,3636.2,Net Banking,Failed
425,425,2026-04-17,114.58,Net Banking,Success
426,426,2026-02-21,970.61,Credit Card,Success
427,427,2026-04-12,773.03,UPI,Success
428,428,2026-04-09,647.17,UPI,Success
429,429,2025-08-03,403.29,Debit Card,Failed
430,430,2025-12-11,59.81,UPI,Success
431,431,2026-07-07,1513.2,Credit Card,Success
432,432,2025-11-22,351.85,UPI,Failed
433,433,2026-04-04,335.32,Credit Card,Success
434,434,2026-07-09,2987.84,Net Banking,Failed
435,435,2025-11-05,2509.78,UPI,Success
436,436,2026-01-30,5116.11,Debit Card,Failed
437,437,2026-03-13,2869.49,UPI,Success
438,438,2025-06-26,489.97,UPI,Success
439,439,2025-08-01,60.56,Credit Card,Success
440,440,2024-11-05,1149.19,Credit Card,Success
441,441,2026-03-08,1416.4,Net Banking,Success
442,442,2026-05-17,454.31,Debit Card,Refunded
443,443,2025-01-31,3384.25,Credit Card,Failed
444,444,2024-11-04,1433.19,UPI,Failed
445,445,2026-01-18,1346.26,Net Banking,Refunded
446,446,2026-08-02,400.28,UPI,Success
447,447,2025-07-24,2011.16,Debit Card,Failed
448,448,2026-04-28,2968.98,Credit Card,Refunded
449,449,2025-10-26,866.7,Net Banking,Failed
450,450,2026-08-08,677.14,Net Banking,Success
451,451,2025-12-30,783.48,Credit Card,Success
452,452,2025-10-27,333.4,Debit Card,Success
453,453,2026-02-19,241.3,Credit Card,Success
454,454,2026-04-03,952.05,Debit Card,Success
455,455,2026-05-21,171.59,UPI,Refunded
456,456,2025-06-12,4895.72,Net Banking,Success
457,457,2026-08-26,2175.88,Debit Card,Success
458,458,2025-06-06,250.67,Debit Card,Success
459,459,2025-06-04,500.36,UPI,Success
460,460,2025-08-25,2205.16,Credit Card,Success
461,461,2026-08-25,1528.05,Net Banking,Success
462,462,2026-01-01,591.56,Debit Card,Success
463,463,2026-08-09,1522.38,Credit Card,Success
464,464,2026-08-01,3295.61,Credit Card,Success
465,465,2024-04-21,721.73,Credit Card,Success
466,466,2026-01-11,308.18,UPI,Success
467,467,2026-08-06,199.98,Credit Card,Success
468,468,2024-08-06,1863.94,Debit Card,Success
469,469,2026-08-22,117.96,Debit Card,Success
470,470,2026-06-03,463.14,UPI,Success
471,471,2025-10-03,2853.96,Debit Card,Success
472,472,2026-02-14,536.48,UPI,Success
473,473,2025-11-07,535.0,Debit Card,Success
474,474,2025-05-22,1062.95,Credit Card,Success
475,475,2026-04-14,2802.72,Net Banking,Success
476,476,2024-10-12,3073.68,Net Banking,Success
477,477,2026-06-18,545.15,Debit Card,Success
478,478,2026-07-11,1617.1,Credit Card,Success
479,479,2026-04-18,346.56,Debit Card,Success
480,480,2026-03-13,275.41,Debit Card,Success
481,481,2025-06-13,121.02,UPI,Success
482,482,2024-09-23,395.0,Credit Card,Success
483,483,2025-07-17,107.41,UPI,Success
484,484,2026-05-07,376.92,UPI,Success
485,485,2025-06-17,201.05,UPI,Success
486,486,2025-08-26,376.69,Debit Card,Success
487,487,2026-03-12,474.84,Debit Card,Success
488,488,2025-10-05,2616.49,UPI,Success
489,489,2026-04-14,1481.78,UPI,Success
490,490,2026-02-17,3838.74,UPI,Success
491,491,2025-03-23,184.99,Credit Card,Success
492,492,2025-07-15,508.19,Net Banking,Success
493,493,2026-01-23,407.63,Credit Card,Success
494,494,2024-03-13,1780.27,Net Banking,Success
495,495,2025-04-07,773.03,UPI,Success
496,496,2026-07-11,4168.02,Credit Card,Success
497,497,2026-08-26,205.25,UPI,Success
498,498,2025-02-03,3840.2,Credit Card,Success
499,499,2024-11-30,402.02,Credit Card,Success
500,500,2024-09-25,129.85,Credit Card,Success
501,501,2026-01-04,3445.85,Credit Card,Success
502,502,2025-04-19,167.86,UPI,Success
503,503,2026-04-16,4469.48,Debit Card,Success
504,504,2025-12-19,184.86,Net Banking,Refunded
505,505,2025-05-19,363.62,Credit Card,Failed
506,506,2025-12-01,3715.46,Net Banking,Success
507,507,2026-07-20,1438.03,Net Banking,Success
508,508,2025-09-30,3200.32,Credit Card,Success
509,509,2026-08-21,713.32,UPI,Success
510,510,2024-04-27,6313.25,UPI,Success
511,511,2024-09-10,919.7,Net Banking,Success
512,512,2026-03-17,100.42,UPI,Success
513,513,2026-03-07,343.71,Net Banking,Success
514,514,2026-05-31,407.07,Net Banking,Success
515,515,2026-01-16,1328.66,UPI,Success
516,516,2025-01-23,1170.53,Credit Card,Success
517,517,2026-03-01,5431.01,Credit Card,Success
518,518,2026-07-23,234.17,Credit Card,Failed
519,519,2025-06-01,968.12,Debit Card,Success
520,520,2024-11-06,1454.79,UPI,Success
521,521,2025-01-06,3979.36,Credit Card,Success
522,522,2024-06-24,1928.75,UPI,Refunded
523,523,2026-04-26,182.03,Debit Card,Success
524,524,2025-02-17,840.76,Net Banking,Success
525,525,2026-07-28,4534.54,Debit Card,Success
526,526,2025-10-29,875.84,UPI,Success
527,527,2024-11-10,1052.72,Credit Card,Success
528,528,2026-06-07,2849.66,Debit Card,Success
529,529,2025-02-04,1220.98,Debit Card,Success
530,530,2025-03-31,283.83,Credit Card,Success
531,531,2025-09-19,3211.27,Net Banking,Success
532,532,2024-09-22,439.81,UPI,Success
533,533,2026-05-25,1989.16,Debit Card,Success
534,534,2026-05-15,83.84,UPI,Success
535,535,2025-07-26,274.49,Credit Card,Success
536,536,2026-05-10,579.54,UPI,Success
537,537,2025-06-21,680.05,Credit Card,Success
538,538,2026-07-22,481.4,Net Banking,Success
539,539,2025-09-18,2879.6,Debit Card,Success
540,540,2025-08-12,60.46,UPI,Success
541,541,2026-01-17,2749.07,UPI,Success
542,542,2026-08-27,346.38,Debit Card,Success
543,543,2025-05-12,3634.76,Credit Card,Success
544,544,2025-07-03,684.58,Debit Card,Success
545,545,2025-06-14,2877.24,UPI,Success
546,546,2025-03-10,2366.69,Debit Card,Refunded
547,547,2026-04-11,2081.78,Debit Card,Success
548,548,2025-07-07,245.6,Credit Card,Success
549,549,2026-07-28,5142.15,Debit Card,Success
550,550,2026-03-14,6100.16,Net Banking,Success
551,551,2026-08-02,3368.26,Credit Card,Success
552,552,2025-12-12,434.41,UPI,Success
553,553,2026-02-26,693.07,Debit Card,Failed
554,554,2026-08-28,4780.98,Debit Card,Failed
555,555,2025-04-05,383.46,UPI,Refunded
556,556,2026-01-18,146.25,Credit Card,Success
557,557,2025-07-11,1012.77,Debit Card,Success
558,558,2026-06-03,5855.73,Net Banking,Success
559,559,2025-06-02,659.25,Credit Card,Success
560,560,2026-07-03,2932.91,Credit Card,Success
561,561,2026-07-04,416.16,Debit Card,Refunded
562,562,2026-06-13,1483.23,Debit Card,Success
563,563,2026-08-29,140.01,UPI,Refunded
564,564,2026-03-21,286.84,Credit Card,Success
565,565,2024-10-18,1487.49,Credit Card,Success
566,566,2026-05-12,245.34,Net Banking,Success
567,567,2026-08-12,1067.25,Net Banking,Success
568,568,2026-04-30,3890.85,Credit Card,Success
569,569,2026-01-24,2243.63,Credit Card,Success
570,570,2025-08-08,1851.87,UPI,Success
571,571,2025-03-22,496.1,Credit Card,Success
572,572,2025-08-06,277.57,Debit Card,Success
573,573,2026-03-07,268.69,Debit Card,Success
574,574,2026-03-23,653.82,UPI,Success
575,575,2026-03-15,331.43,Debit Card,Refunded
576,576,2026-05-19,3336.75,Debit Card,Success
577,577,2026-07-11,2285.14,Debit Card,Success
578,578,2024-05-25,113.37,Net Banking,Success
579,579,2026-06-07,3099.54,UPI,Success
580,580,2026-04-14,457.65,Net Banking,Success
581,581,2025-12-13,508.84,Credit Card,Success
582,582,2026-02-04,2388.74,Net Banking,Success
583,583,2024-07-23,2876.57,Debit Card,Success
584,584,2025-12-13,2630.38,Debit Card,Success
585,585,2025-05-09,325.59,Credit Card,Success
586,586,2026-05-20,273.92,Credit Card,Success
587,587,2026-06-23,3098.8,Net Banking,Failed
588,588,2026-04-19,225.81,Net Banking,Success
589,589,2026-04-14,636.91,Net Banking,Success
590,590,2025-02-03,2825.37,Credit Card,Success
591,591,2026-07-07,94.15,Net Banking,Success
592,592,2026-03-14,1064.25,UPI,Success
593,593,2025-09-26,379.3,Net Banking,Success
594,594,2025-01-09,372.85,Credit Card,Success
595,595,2024-10-06,5025.69,UPI,Success
596,596,2025-07-27,2495.09,UPI,Success
597,597,2025-07-19,683.55,Credit Card,Success
598,598,2024-07-31,340.99,Credit Card,Success
599,599,2024-09-28,3191.02,Debit Card,Success
600,600,2025-04-28,404.76,Debit Card,Success
601,601,2026-06-23,188.29,Debit Card,Success
602,602,2024-08-01,2537.7,Debit Card,Refunded
603,603,2026-01-19,1761.92,Credit Card,Success
604,604,2026-06-28,560.44,Debit Card,Success
605,605,2025-10-27,4678.57,Credit Card,Success
606,606,2026-02-04,3087.82,Debit Card,Success
607,607,2025-11-27,462.51,Debit Card,Failed
608,608,2024-05-07,4242.34,Debit Card,Refunded
609,609,2026-05-19,4507.66,Credit Card,Success
610,610,2025-05-20,1267.66,Net Banking,Success
611,611,2024-05-31,139.0,Net Banking,Success
612,612,2026-02-23,134.91,Debit Card,Refunded
613,613,2025-12-01,2743.81,Debit Card,Success
614,614,2024-06-23,2572.86,Net Banking,Success
615,615,2025-06-07,1296.4,UPI,Success
616,616,2026-08-08,2785.53,Credit Card,Failed
617,617,2025-08-15,90.69,Debit Card,Success
618,618,2026-08-11,4567.14,UPI,Success
619,619,2025-05-07,3002.1,Credit Card,Success
620,620,2025-09-01,45.82,UPI,Success
621,621,2026-02-13,6178.39,Credit Card,Success
622,622,2026-02-06,4020.91,Net Banking,Success
623,623,2025-04-07,208.42,Debit Card,Success
624,624,2025-10-01,53.67,UPI,Success
625,625,2025-02-06,5652.62,Debit Card,Success
626,626,2025-06-13,425.88,UPI,Success
627,627,2024-08-11,249.1,Net Banking,Success
628,628,2025-10-10,569.95,Debit Card,Success
629,629,2025-09-30,1184.9,UPI,Success
630,630,2025-12-06,1270.53,Credit Card,Success
631,631,2024-12-09,124.14,UPI,Success
632,632,2024-09-28,1394.95,UPI,Success
633,633,2026-04-28,1058.1,UPI,Success
634,634,2025-12-31,2454.8,Debit Card,Success
635,635,2025-07-13,313.43,Credit Card,Success
636,636,2025-09-21,727.33,Credit Card,Success
637,637,2025-03-12,326.52,Debit Card,Refunded
638,638,2025-12-03,327.02,Credit Card,Success
639,639,2026-03-02,70.9,Credit Card,Success
640,640,2026-06-09,49.52,Credit Card,Success
641,641,2026-05-05,172.43,UPI,Success
642,642,2026-05-24,509.7,Credit Card,Success
643,643,2026-01-13,1222.96,Debit Card,Success
644,644,2025-03-04,110.0,Net Banking,Success
645,645,2026-04-07,190.04,Credit Card,Success
646,646,2025-10-17,3620.57,Debit Card,Success
647,647,2026-01-31,122.17,Debit Card,Success
648,648,2026-08-03,310.21,UPI,Success
649,649,2026-08-04,1838.55,Net Banking,Success
650,650,2024-06-30,394.69,Credit Card,Success
651,651,2025-11-28,317.27,Net Banking,Success
652,652,2024-05-21,4513.47,UPI,Success
653,653,2025-11-03,1355.64,Net Banking,Success
654,654,2025-07-06,148.93,Debit Card,Success
655,655,2025-11-01,3310.94,Credit Card,Success
656,656,2026-06-27,2420.12,Debit Card,Success
657,657,2024-12-23,52.76,Credit Card,Success
658,658,2026-03-21,2203.49,Credit Card,Success
659,659,2026-01-19,402.06,UPI,Success
660,660,2026-02-04,3241.55,Credit Card,Success
661,661,2026-04-08,188.7,Credit Card,Success
662,662,2026-03-05,1712.59,Credit Card,Success
663,663,2025-09-20,415.57,Credit Card,Success
664,664,2024-10-09,2649.22,Debit Card,Failed
665,665,2026-02-09,1051.36,Credit Card,Success
666,666,2026-03-31,4655.43,UPI,Success
667,667,2025-11-27,163.6,Credit Card,Success
668,668,2026-01-04,1937.4,UPI,Success
669,669,2026-05-12,379.43,Debit Card,Success
670,670,2025-05-27,1467.71,UPI,Success
671,671,2025-12-15,1630.84,Net Banking,Success
672,672,2026-06-03,2576.94,Net Banking,Success
673,673,2024-08-04,160.88,Credit Card,Success
674,674,2026-06-15,730.61,Credit Card,Failed
675,675,2024-11-22,624.56,Credit Card,Success
676,676,2025-10-21,299.14,Debit Card,Success
677,677,2026-03-28,5960.78,Debit Card,Success
678,678,2025-01-18,62.22,Net Banking,Success
679,679,2024-09-01,1369.79,Credit Card,Success
680,680,2026-08-31,1029.11,Net Banking,Success
681,681,2026-04-04,2976.77,Debit Card,Success
682,682,2025-05-03,124.74,Debit Card,Refunded
683,683,2026-01-30,358.38,Credit Card,Success
684,684,2025-12-05,275.15,UPI,Success
685,685,2026-01-06,147.2,Credit Card,Success
686,686,2026-05-09,2365.38,UPI,Success
687,687,2025-10-12,188.38,Net Banking,Success
688,688,2026-05-07,4156.59,Net Banking,Success
689,689,2025-11-07,446.6,Credit Card,Success
690,690,2025-02-07,2638.06,Credit Card,Success
691,691,2026-07-25,4358.66,UPI,Success
692,692,2026-08-13,1549.9,Debit Card,Success
693,693,2026-02-15,43.41,UPI,Success
694,694,2026-07-19,557.08,UPI,Success
695,695,2025-05-08,67.25,Net Banking,Failed
696,696,2026-04-15,1497.39,Net Banking,Success
697,697,2025-04-23,3181.07,Credit Card,Success
698,698,2025-10-25,964.34,Debit Card,Success
699,699,2026-01-08,762.68,Debit Card,Success
700,700,2025-10-30,2377.54,Net Banking,Failed
701,701,2025-10-24,991.26,Credit Card,Refunded
702,702,2025-04-25,3315.18,Debit Card,Success
703,703,2025-10-24,149.17,Credit Card,Success
704,704,2026-03-06,506.27,Credit Card,Success
705,705,2025-06-21,151.85,Credit Card,Success
706,706,2026-08-23,538.95,Net Banking,Success
707,707,2025-11-01,491.78,UPI,Success
708,708,2025-04-28,1466.64,Net Banking,Success
709,709,2025-04-14,2234.54,Net Banking,Failed
710,710,2024-07-27,149.0,UPI,Success
711,711,2025-01-27,3942.25,Debit Card,Success
712,712,2025-04-20,791.7,Credit Card,Failed
713,713,2025-12-13,1102.22,Debit Card,Success
714,714,2026-03-25,2729.91,Debit Card,Success
715,715,2025-12-06,432.75,Debit Card,Success
716,716,2025-10-13,133.58,UPI,Success
717,717,2026-05-10,771.21,Credit Card,Success
718,718,2026-05-13,1996.9,Net Banking,Success
719,719,2025-09-10,285.51,UPI,Success
720,720,2026-04-05,135.65,Credit Card,Success
721,721,2024-11-29,429.81,Net Banking,Success
722,722,2025-12-25,331.75,Credit Card,Success
723,723,2026-03-25,201.18,Credit Card,Success
724,724,2026-02-18,2883.7,UPI,Success
725,725,2026-06-08,2207.91,Net Banking,Success
726,726,2025-05-27,1913.43,Net Banking,Success
727,727,2025-04-30,2738.18,UPI,Failed
728,728,2025-02-24,1851.06,Debit Card,Success
729,729,2026-06-02,1727.24,UPI,Success
730,730,2024-12-13,597.91,Debit Card,Success
731,731,2026-07-08,2483.6,Net Banking,Success
732,732,2026-03-04,1241.66,Credit Card,Success
733,733,2026-05-03,1867.11,Credit Card,Success
734,734,2025-09-03,2936.56,Credit Card,Success
735,735,2026-05-24,1000.52,Debit Card,Success
736,736,2025-01-05,37.31,Net Banking,Success
737,737,2025-03-11,341.74,UPI,Success
738,738,2026-03-16,1665.2,Debit Card,Success
739,739,2025-12-30,116.06,UPI,Success
740,740,2025-07-01,396.06,UPI,Success
741,741,2026-04-22,5492.47,Net Banking,Success
742,742,2026-03-04,409.16,UPI,Success
743,743,2026-02-01,1154.68,Debit Card,Failed
744,744,2026-03-10,1191.72,Debit Card,Success
745,745,2026-06-17,109.27,Net Banking,Success
746,746,2024-08-10,28.41,Credit Card,Success
747,747,2026-08-09,2133.55,Net Banking,Success
748,748,2026-07-05,3515.36,Net Banking,Success
749,749,2025-01-31,4841.72,Debit Card,Success
750,750,2026-08-07,914.63,Net Banking,Success
751,751,2024-06-14,2118.81,UPI,Success
752,752,2026-03-22,1394.87,Credit Card,Success
753,753,2024-08-19,363.39,UPI,Success
754,754,2026-07-06,1410.52,Credit Card,Success
755,755,2026-05-26,161.37,Debit Card,Refunded
756,756,2026-04-21,3941.53,Credit Card,Success
757,757,2026-02-24,792.7,Debit Card,Success
758,758,2025-10-03,1538.26,UPI,Success
759,759,2025-11-16,633.57,Net Banking,Success
760,760,2026-03-03,2750.09,Debit Card,Success
761,761,2024-12-11,527.46,UPI,Success
762,762,2025-11-15,2960.6,Credit Card,Success
763,763,2025-10-09,340.99,UPI,Success
764,764,2026-08-20,1053.37,Net Banking,Refunded
765,765,2026-08-16,791.39,Credit Card,Success
766,766,2026-04-15,1466.16,UPI,Success
767,767,2025-10-31,47.99,UPI,Success
768,768,2024-12-20,3383.44,Debit Card,Success
769,769,2026-08-24,967.39,UPI,Success
770,770,2025-10-09,3184.26,Net Banking,Success
771,771,2026-04-26,3971.66,Debit Card,Refunded
772,772,2025-08-09,54.3,Net Banking,Success
773,773,2024-07-09,1459.69,UPI,Success
774,774,2026-02-12,2658.06,UPI,Success
775,775,2025-01-23,1576.77,Credit Card,Success
776,776,2026-08-29,403.63,Debit Card,Success
777,777,2025-05-01,401.01,UPI,Success
778,778,2024-01-19,2097.64,UPI,Success
779,779,2025-11-15,1428.59,Credit Card,Success
780,780,2026-03-06,3330.61,Debit Card,Success
781,781,2024-12-28,254.42,UPI,Success
782,782,2025-03-12,213.14,UPI,Success
783,783,2026-01-24,2837.9,UPI,Success
784,784,2026-04-22,4414.02,Credit Card,Success
785,785,2024-12-15,420.62,Credit Card,Success
786,786,2025-08-16,452.95,Net Banking,Success
787,787,2024-12-19,309.16,Debit Card,Success
788,788,2026-04-16,472.18,Debit Card,Success
789,789,2026-05-09,2913.9,Debit Card,Success
790,790,2026-04-03,312.41,Debit Card,Success
791,791,2026-08-31,207.99,UPI,Success
792,792,2025-05-28,5699.73,UPI,Success
793,793,2026-01-07,3715.88,Net Banking,Success
794,794,2025-11-06,813.72,Net Banking,Success
795,795,2026-01-17,2923.29,Net Banking,Success
796,796,2026-05-06,941.55,Credit Card,Success
797,797,2025-07-01,3730.3,Credit Card,Success
798,798,2025-09-30,522.62,Debit Card,Success
799,799,2026-01-18,503.01,Net Banking,Success
800,800,2026-03-12,1175.71,Debit Card,Success
801,801,2026-04-05,2852.62,Debit Card,Success
802,802,2026-08-13,472.79,Net Banking,Refunded
803,803,2025-08-10,203.47,Credit Card,Success
804,804,2026-06-26,928.54,Credit Card,Refunded
805,805,2025-07-26,340.99,Credit Card,Success
806,806,2026-06-29,253.44,Debit Card,Success
807,807,2026-08-29,3228.57,Net Banking,Success
808,808,2025-03-08,942.94,UPI,Success
809,809,2025-08-19,5164.46,Credit Card,Success
810,810,2025-04-07,206.79,UPI,Failed
811,811,2026-04-13,5546.81,UPI,Success
812,812,2026-02-27,876.42,UPI,Success
813,813,2025-06-25,585.91,Credit Card,Success
814,814,2026-02-08,441.21,UPI,Success
815,815,2025-02-25,1481.23,UPI,Success
816,816,2024-10-29,2884.1,UPI,Success
817,817,2026-07-23,403.43,Net Banking,Success
818,818,2025-07-01,739.47,Net Banking,Success
819,819,2025-12-14,103.83,UPI,Failed
820,820,2025-08-24,911.66,Net Banking,Success
821,821,2026-08-03,88.88,Debit Card,Success
822,822,2025-11-04,474.43,UPI,Success
823,823,2025-09-07,106.03,Debit Card,Success
824,824,2026-07-09,2719.92,Debit Card,Success
825,825,2024-08-10,4236.14,UPI,Success
826,826,2024-07-21,299.55,Net Banking,Success
827,827,2025-03-11,657.88,Credit Card,Success
828,828,2025-03-29,4573.06,Debit Card,Success
829,829,2026-05-20,2200.25,Credit Card,Success
830,830,2025-07-02,327.11,UPI,Success
831,831,2026-05-06,308.8,UPI,Success
832,832,2026-07-03,808.16,UPI,Success
833,833,2026-04-19,1657.57,Net Banking,Success
834,834,2024-10-14,316.81,Debit Card,Success
835,835,2025-12-31,289.59,UPI,Success
836,836,2026-01-20,812.09,UPI,Success
837,837,2025-06-08,889.16,Debit Card,Success
838,838,2025-05-22,461.78,UPI,Success
839,839,2026-05-03,139.36,UPI,Success
840,840,2025-09-12,107.58,Net Banking,Failed
841,841,2026-08-22,797.34,Net Banking,Success
842,842,2025-12-31,932.09,Debit Card,Success
843,843,2024-05-26,1088.54,Net Banking,Success
844,844,2026-06-03,179.47,UPI,Success
845,845,2026-06-12,757.26,Credit Card,Success
846,846,2026-05-24,3096.12,Debit Card,Success
847,847,2025-08-06,105.3,UPI,Success
848,848,2026-01-20,4302.79,Debit Card,Success
849,849,2024-11-20,204.97,Net Banking,Success
850,850,2026-03-15,375.48,Net Banking,Success
851,851,2026-02-22,3141.81,Debit Card,Success
852,852,2026-06-19,2134.66,Debit Card,Success
853,853,2025-06-19,181.58,Credit Card,Failed
854,854,2025-08-06,168.09,Debit Card,Success
855,855,2026-04-30,180.98,UPI,Success
856,856,2026-03-05,80.04,Net Banking,Success
857,857,2026-08-18,3829.54,Debit Card,Success
858,858,2025-12-24,203.97,Debit Card,Success
859,859,2026-07-24,3801.82,Credit Card,Success
860,860,2026-06-09,582.76,Net Banking,Success
861,861,2025-07-07,6830.49,Credit Card,Success
862,862,2026-03-31,152.16,Net Banking,Success
863,863,2025-02-14,303.6,Net Banking,Refunded
864,864,2026-03-21,3517.5,Net Banking,Refunded
865,865,2025-07-14,304.47,Credit Card,Success
866,866,2024-05-14,711.21,Debit Card,Success
867,867,2026-02-08,3882.94,Debit Card,Success
868,868,2025-11-11,137.73,Credit Card,Success
869,869,2025-07-08,86.11,Debit Card,Success
870,870,2025-06-26,3270.0,UPI,Success
871,871,2026-06-18,905.63,Debit Card,Success
872,872,2025-11-27,207.43,UPI,Success
873,873,2025-03-05,4174.46,UPI,Failed
874,874,2026-06-24,140.74,Credit Card,Success
875,875,2026-06-06,962.59,Net Banking,Success
876,876,2025-12-14,73.83,Net Banking,Success
877,877,2025-12-02,480.71,Debit Card,Success
878,878,2025-01-01,109.57,Debit Card,Success
879,879,2025-08-20,594.63,UPI,Success
880,880,2025-01-15,378.97,UPI,Success
881,881,2025-12-31,83.2,UPI,Failed
882,882,2025-04-21,4798.56,Net Banking,Success
883,883,2026-03-03,1298.39,Net Banking,Success
884,884,2025-12-31,880.41,Credit Card,Success
885,885,2025-10-27,502.1,Credit Card,Success
886,886,2024-11-23,1776.3,Net Banking,Success
887,887,2024-09-20,599.11,Credit Card,Success
888,888,2025-11-02,1489.47,Credit Card,Success
889,889,2025-05-12,484.69,Net Banking,Failed
890,890,2025-09-08,137.25,Debit Card,Failed
891,891,2025-11-29,3813.0,Credit Card,Success
892,892,2026-07-14,194.16,Credit Card,Success
893,893,2025-11-12,99.71,Credit Card,Success
894,894,2025-12-01,351.93,Credit Card,Success
895,895,2026-08-01,1096.21,Net Banking,Failed
896,896,2025-03-12,2791.45,Credit Card,Success
897,897,2026-07-25,53.22,Net Banking,Success
898,898,2026-06-13,371.07,UPI,Success
899,899,2026-08-21,443.97,Net Banking,Success
900,900,2026-07-29,479.15,Debit Card,Success
901,901,2026-07-05,406.72,Net Banking,Success
902,902,2025-07-12,372.17,Net Banking,Success
903,903,2026-05-27,236.56,Net Banking,Success
904,904,2026-02-10,104.67,Credit Card,Failed
905,905,2024-02-10,27.21,Debit Card,Failed
906,906,2025-11-26,3423.55,UPI,Refunded
907,907,2024-11-22,179.64,Net Banking,Success
908,908,2026-01-25,467.02,Net Banking,Success
909,909,2025-12-11,312.63,Net Banking,Success
910,910,2025-08-14,221.48,Debit Card,Success
911,911,2025-05-07,266.21,UPI,Success
912,912,2026-06-25,165.52,Credit Card,Success
913,913,2026-04-04,655.07,UPI,Refunded
914,914,2025-11-08,279.28,Debit Card,Success
915,915,2025-09-16,202.05,Debit Card,Success
916,916,2025-10-26,1961.02,UPI,Failed
917,917,2025-04-07,237.26,Debit Card,Success
918,918,2026-06-21,175.21,UPI,Failed
919,919,2024-09-08,478.79,Credit Card,Success
920,920,2026-03-28,3245.87,Debit Card,Failed
921,921,2026-06-28,3223.72,UPI,Success
922,922,2025-11-21,2016.7,UPI,Success
923,923,2024-11-25,977.78,Net Banking,Success
924,924,2026-07-16,62.07,Credit Card,Success
925,925,2024-10-31,1746.5,Debit Card,Success
926,926,2025-07-14,502.72,UPI,Success
927,927,2024-03-11,2544.39,Net Banking,Success
928,928,2026-08-26,5321.55,Net Banking,Success
929,929,2026-06-10,1278.69,Net Banking,Success
930,930,2025-07-18,424.55,Net Banking,Success
931,931,2026-03-05,3849.66,Credit Card,Success
932,932,2025-12-28,2363.32,Net Banking,Success
933,933,2026-03-06,1589.67,UPI,Success
934,934,2025-08-30,252.44,Debit Card,Failed
935,935,2025-10-17,5409.55,Credit Card,Success
936,936,2026-02-13,432.73,Debit Card,Success
937,937,2026-02-04,642.66,UPI,Success
938,938,2026-06-22,1530.65,Net Banking,Failed
939,939,2026-08-31,960.55,Debit Card,Success
940,940,2026-05-16,959.43,Debit Card,Success
941,941,2025-05-28,486.92,Net Banking,Success
942,942,2025-12-17,1440.41,Credit Card,Success
943,943,2026-07-04,368.22,Debit Card,Success
944,944,2026-05-03,359.23,Debit Card,Success
945,945,2025-01-02,486.01,Net Banking,Success
946,946,2026-04-07,2011.71,UPI,Success
947,947,2025-02-26,6276.95,Credit Card,Failed
948,948,2025-07-05,998.16,Net Banking,Refunded
949,949,2024-10-23,273.07,UPI,Success
950,950,2025-04-15,232.56,Credit Card,Success
951,951,2026-08-11,1184.9,UPI,Success
952,952,2026-01-19,638.67,Net Banking,Success
953,953,2024-11-11,99.4,Credit Card,Success
954,954,2025-06-28,1124.48,Debit Card,Success
955,955,2025-10-23,4453.22,Debit Card,Success
956,956,2025-10-08,9229.4,Debit Card,Success
957,957,2026-04-13,363.5,Debit Card,Success
958,958,2026-01-23,579.79,Net Banking,Success
959,959,2026-01-10,1027.5,Credit Card,Success
960,960,2024-10-09,460.63,UPI,Failed
961,961,2025-04-29,2504.1,UPI,Success
962,962,2025-12-27,4700.84,Credit Card,Failed
963,963,2025-06-24,789.92,UPI,Success
964,964,2025-04-03,1456.03,Net Banking,Success
965,965,2025-12-06,109.95,Debit Card,Refunded
966,966,2025-08-18,1358.08,Net Banking,Success
967,967,2026-02-06,300.06,Credit Card,Success
968,968,2025-11-30,2543.9,Debit Card,Success
969,969,2025-02-08,724.08,Credit Card,Success
970,970,2025-03-18,360.57,UPI,Failed
971,971,2025-12-15,446.08,Credit Card,Success
972,972,2026-03-06,48.23,Debit Card,Failed
973,973,2026-05-18,460.37,Debit Card,Success
974,974,2026-01-21,1364.3,UPI,Success
975,975,2026-05-26,2195.71,Credit Card,Failed
976,976,2025-03-27,741.98,UPI,Success
977,977,2026-08-26,1729.56,Credit Card,Success
978,978,2026-02-02,270.22,Debit Card,Success
979,979,2025-04-09,779.68,Credit Card,Success
980,980,2026-05-12,2204.74,Credit Card,Failed
981,981,2025-10-23,176.94,Net Banking,Success
982,982,2025-09-28,2484.53,Credit Card,Success
983,983,2026-03-17,282.37,Debit Card,Success
984,984,2024-07-08,1545.62,Credit Card,Success
985,985,2026-05-05,149.28,Net Banking,Success
986,986,2026-01-27,1012.84,Credit Card,Success
987,987,2025-02-10,111.73,Net Banking,Success
988,988,2026-01-27,1823.0,Credit Card,Success
989,989,2024-05-20,222.38,UPI,Success
990,990,2025-10-11,524.11,UPI,Success
991,991,2025-11-24,5025.46,Debit Card,Success
992,992,2025-09-17,404.59,Credit Card,Failed
993,993,2025-11-05,3715.72,UPI,Success
994,994,2025-05-17,111.44,Net Banking,Success
995,995,2026-05-04,2327.33,Debit Card,Failed
996,996,2025-12-05,298.2,UPI,Success
997,997,2026-08-03,1321.8,Debit Card,Success
998,998,2025-11-19,933.76,Net Banking,Success
999,999,2026-04-06,181.93,Debit Card,Success
1000,1000,2024-10-07,542.34,UPI,Failed
1001,1001,2025-11-10,863.0,Debit Card,Success
1002,1002,2025-10-14,4321.3,UPI,Success
1003,1003,2026-07-04,2782.1,Net Banking,Success
1004,1004,2026-02-05,82.42,Net Banking,Success
1005,1005,2024-06-12,430.89,Credit Card,Success
1006,1006,2025-10-31,124.37,Debit Card,Refunded
1007,1007,2025-01-27,3925.55,UPI,Success
1008,1008,2025-07-28,1940.68,UPI,Failed
1009,1009,2025-08-19,183.47,Net Banking,Success
1010,1010,2026-02-27,2725.27,Credit Card,Success
1011,1011,2025-10-15,3068.13,Net Banking,Success
1012,1012,2025-10-22,142.34,Net Banking,Success
1013,1013,2026-02-09,2069.9,Net Banking,Success
1014,1014,2024-09-21,269.59,UPI,Success
1015,1015,2025-04-21,279.76,Credit Card,Success
1016,1016,2025-12-01,132.15,Net Banking,Success
1017,1017,2026-01-29,139.45,Net Banking,Success
1018,1018,2026-03-20,216.56,UPI,Success
1019,1019,2025-11-17,934.72,Credit Card,Success
1020,1020,2025-12-23,87.26,Net Banking,Success
1021,1021,2025-12-28,1840.96,Credit Card,Success
1022,1022,2026-08-17,128.38,Credit Card,Success
1023,1023,2025-07-17,915.65,UPI,Success
1024,1024,2024-08-08,3767.76,Debit Card,Success
1025,1025,2026-08-27,50.94,Credit Card,Success
1026,1026,2024-09-26,555.64,Net Banking,Success
1027,1027,2026-05-08,3465.55,UPI,Success
1028,1028,2024-11-15,1375.12,Debit Card,Success
1029,1029,2026-08-13,3638.29,Debit Card,Success
1030,1030,2025-07-12,3519.65,Net Banking,Success
1031,1031,2026-06-05,501.36,Credit Card,Success
1032,1032,2025-10-07,380.37,Net Banking,Failed
1033,1033,2024-06-16,295.19,Debit Card,Success
1034,1034,2025-05-02,2259.65,Debit Card,Failed
1035,1035,2026-01-17,3520.15,Credit Card,Success
1036,1036,2026-04-14,1913.46,Credit Card,Success
1037,1037,2026-07-09,804.72,UPI,Success
1038,1038,2025-06-20,3788.99,Net Banking,Success
1039,1039,2025-03-17,2878.72,Credit Card,Success
1040,1040,2025-07-28,213.45,Debit Card,Failed
1041,1041,2026-04-29,1326.97,UPI,Refunded
1042,1042,2024-11-23,262.77,UPI,Success
1043,1043,2025-12-06,140.31,Net Banking,Success
1044,1044,2025-10-30,2757.06,Net Banking,Success
1045,1045,2026-08-31,1142.55,Net Banking,Success
1046,1046,2026-04-10,3025.09,Credit Card,Success
1047,1047,2025-10-14,3245.87,Net Banking,Success
1048,1048,2025-09-13,3063.2,Debit Card,Failed
1049,1049,2025-04-18,1304.69,Credit Card,Success
1050,1050,2025-12-17,1081.23,Debit Card,Success
1051,1051,2026-05-03,3273.69,Debit Card,Success
1052,1052,2026-05-07,297.68,Debit Card,Success
1053,1053,2026-06-13,1043.84,Credit Card,Success
1054,1054,2024-12-04,1108.2,UPI,Success
1055,1055,2026-08-05,288.65,UPI,Success
1056,1056,2026-04-20,2471.93,UPI,Success
1057,1057,2025-07-20,1362.6,Credit Card,Success
1058,1058,2026-04-20,941.71,Debit Card,Success
1059,1059,2025-08-08,4679.23,UPI,Success
1060,1060,2025-04-18,437.02,Net Banking,Success
1061,1061,2025-06-05,2597.71,Debit Card,Success
1062,1062,2026-03-13,465.44,Credit Card,Success
1063,1063,2024-10-24,1186.07,Net Banking,Success
1064,1064,2025-04-26,4193.38,Credit Card,Success
1065,1065,2025-12-14,3180.85,UPI,Success
1066,1066,2025-07-02,3794.58,Credit Card,Success
1067,1067,2026-08-23,62.12,UPI,Success
1068,1068,2026-08-14,240.59,Credit Card,Success
1069,1069,2026-08-07,58.42,UPI,Success
1070,1070,2026-06-25,1375.69,UPI,Success
1071,1071,2026-08-07,730.11,UPI,Success
1072,1072,2026-06-08,106.03,Net Banking,Success
1073,1073,2026-03-15,1325.83,Debit Card,Success
1074,1074,2026-05-26,3850.06,Net Banking,Success
1075,1075,2026-03-07,1890.53,Debit Card,Refunded
1076,1076,2026-07-27,1090.53,Credit Card,Success
1077,1077,2026-07-29,287.0,Debit Card,Success
1078,1078,2024-09-27,1706.49,Debit Card,Refunded
1079,1079,2026-03-03,473.07,Debit Card,Success
1080,1080,2026-03-11,104.56,Debit Card,Success
1081,1081,2025-11-10,115.79,Net Banking,Success
1082,1082,2026-04-30,4479.94,Credit Card,Success
1083,1083,2025-08-20,2545.51,Debit Card,Success
1084,1084,2026-05-09,225.51,Net Banking,Success
1085,1085,2026-04-18,325.36,Credit Card,Success
1086,1086,2026-02-20,5648.95,UPI,Success
1087,1087,2025-04-11,3554.73,UPI,Success
1088,1088,2024-08-23,170.5,Credit Card,Success
1089,1089,2025-12-17,2412.62,Debit Card,Success
1090,1090,2026-03-17,371.47,Net Banking,Success
1091,1091,2025-12-03,1166.67,UPI,Success
1092,1092,2025-03-17,88.31,Credit Card,Failed
1093,1093,2026-01-19,313.36,Debit Card,Success
1094,1094,2026-04-01,1427.67,UPI,Success
1095,1095,2026-02-06,3871.59,Credit Card,Success
1096,1096,2025-09-13,1160.75,Credit Card,Success
1097,1097,2025-08-10,3051.21,UPI,Success
1098,1098,2025-11-04,4151.0,Debit Card,Success
1099,1099,2025-10-18,1620.48,Net Banking,Success
1100,1100,2026-06-08,2370.35,UPI,Refunded
1101,1101,2026-06-17,2222.03,UPI,Success
1102,1102,2026-06-11,1665.2,Credit Card,Failed
1103,1103,2026-05-02,952.05,Net Banking,Success
1104,1104,2025-09-21,447.53,Debit Card,Success
1105,1105,2025-12-15,1198.8,UPI,Success
1106,1106,2025-03-13,114.97,UPI,Success
1107,1107,2024-07-27,232.12,UPI,Success
1108,1108,2025-12-17,165.88,UPI,Success
1109,1109,2026-04-11,3380.1,Credit Card,Success
1110,1110,2026-07-01,957.47,Net Banking,Success
1111,1111,2026-08-12,96.0,Debit Card,Success
1112,1112,2025-09-04,205.87,Net Banking,Failed
1113,1113,2026-07-10,536.34,Credit Card,Failed
1114,1114,2026-08-14,188.87,UPI,Success
1115,1115,2026-08-12,3316.06,UPI,Success
1116,1116,2026-07-06,225.16,UPI,Success
1117,1117,2026-01-12,1871.47,Credit Card,Success
1118,1118,2026-05-12,286.23,Credit Card,Success
1119,1119,2024-12-15,1640.38,Credit Card,Failed
1120,1120,2025-04-22,167.59,Credit Card,Success
1121,1121,2025-12-09,66.59,Debit Card,Success
1122,1122,2025-02-12,779.89,Debit Card,Success
1123,1123,2026-04-21,1145.6,Credit Card,Failed
1124,1124,2025-02-21,4027.8,Credit Card,Success
1125,1125,2026-07-24,221.31,UPI,Success
1126,1126,2026-03-10,3449.97,Credit Card,Success
1127,1127,2026-07-15,326.72,Credit Card,Success
1128,1128,2026-08-29,1922.41,Net Banking,Success
1129,1129,2026-05-05,337.74,UPI,Success
1130,1130,2025-12-21,395.99,Net Banking,Success
1131,1131,2026-03-23,3324.59,Debit Card,Success
1132,1132,2025-03-03,2071.57,UPI,Success
1133,1133,2025-11-21,847.54,Debit Card,Refunded
1134,1134,2025-02-23,2747.32,Debit Card,Failed
1135,1135,2026-04-01,730.33,Debit Card,Success
1136,1136,2026-06-14,1109.99,UPI,Success
1137,1137,2025-01-27,753.19,Credit Card,Success
1138,1138,2025-12-20,477.75,Debit Card,Success
1139,1139,2026-04-17,1283.41,Net Banking,Success
1140,1140,2026-08-27,188.46,Credit Card,Success
1141,1141,2026-02-06,177.1,Credit Card,Success
1142,1142,2025-05-14,2333.32,Credit Card,Refunded
1143,1143,2025-07-25,6896.99,Debit Card,Success
1144,1144,2026-03-17,147.98,UPI,Success
1145,1145,2025-03-16,1890.73,Credit Card,Success
1146,1146,2025-01-04,599.43,Credit Card,Success
1147,1147,2026-06-25,2902.19,Credit Card,Success
1148,1148,2026-06-15,496.28,Credit Card,Success
1149,1149,2024-09-08,1247.26,UPI,Success
1150,1150,2026-03-06,273.07,UPI,Success
1151,1151,2026-01-10,3323.88,Credit Card,Success
1152,1152,2025-05-29,477.66,Net Banking,Success
1153,1153,2026-06-11,454.69,Credit Card,Success
1154,1154,2025-10-05,479.88,UPI,Failed
1155,1155,2025-03-30,3420.63,Credit Card,Success
1156,1156,2026-01-11,4813.09,Credit Card,Success
1157,1157,2025-11-12,935.11,Debit Card,Refunded
1158,1158,2025-11-06,1093.98,Credit Card,Success
1159,1159,2025-04-24,372.0,Debit Card,Success
1160,1160,2024-08-24,3904.03,Net Banking,Success
1161,1161,2025-08-04,147.29,UPI,Refunded
1162,1162,2026-06-20,579.03,UPI,Failed
1163,1163,2026-07-10,571.64,Debit Card,Success
1164,1164,2025-06-07,3324.59,Debit Card,Failed
1165,1165,2026-06-10,319.63,Credit Card,Success
1166,1166,2026-03-17,2657.08,UPI,Success
1167,1167,2026-03-24,4980.95,UPI,Success
1168,1168,2026-03-02,1528.9,Net Banking,Success
1169,1169,2026-06-27,8095.03,Credit Card,Failed
1170,1170,2025-07-13,658.48,Credit Card,Success
1171,1171,2026-08-09,1241.19,UPI,Success
1172,1172,2025-09-17,2386.11,Credit Card,Success
1173,1173,2025-11-08,1035.0,Net Banking,Failed
1174,1174,2025-11-15,552.09,Net Banking,Failed
1175,1175,2026-04-20,139.58,Debit Card,Success
1176,1176,2025-11-25,933.89,Credit Card,Success
1177,1177,2025-02-10,1223.42,UPI,Success
1178,1178,2026-03-04,497.41,Net Banking,Success
1179,1179,2025-12-31,42.37,Credit Card,Success
1180,1180,2026-07-10,1557.49,UPI,Success
1181,1181,2025-01-31,1048.95,Debit Card,Success
1182,1182,2025-07-26,517.69,Credit Card,Success
1183,1183,2025-10-07,3200.08,Net Banking,Success
1184,1184,2024-07-24,111.21,Net Banking,Success
1185,1185,2026-06-05,27.15,UPI,Success
1186,1186,2026-06-20,578.05,Credit Card,Success
1187,1187,2026-04-14,325.45,UPI,Success
1188,1188,2026-08-29,520.51,Debit Card,Success
1189,1189,2026-03-15,976.22,Net Banking,Failed
1190,1190,2026-03-08,3399.05,Debit Card,Success
1191,1191,2026-05-27,2979.79,Net Banking,Success
1192,1192,2026-01-02,2702.35,Credit Card,Success
1193,1193,2026-03-24,1328.92,UPI,Success
1194,1194,2026-04-25,3484.76,Debit Card,Success
1195,1195,2025-12-09,1127.03,Credit Card,Failed
1196,1196,2025-07-09,656.6,UPI,Success
1197,1197,2026-05-12,2191.94,Net Banking,Success
1198,1198,2024-12-03,321.1,UPI,Failed
1199,1199,2025-01-18,3334.28,UPI,Success
1200,1200,2026-03-20,243.45,Credit Card,Success
1201,1201,2026-07-02,139.54,Net Banking,Success
1202,1202,2026-08-03,1159.98,Debit Card,Success
1203,1203,2026-02-26,52.9,Net Banking,Success
1204,1204,2024-11-08,509.99,Credit Card,Success
1205,1205,2024-12-12,709.62,Net Banking,Success
1206,1206,2026-06-11,117.33,Debit Card,Success
1207,1207,2025-09-02,2837.6,UPI,Refunded
1208,1208,2026-01-10,255.2,Credit Card,Success
1209,1209,2026-08-13,3756.38,Net Banking,Success
1210,1210,2025-01-18,1271.07,Debit Card,Failed
1211,1211,2025-08-26,561.37,Debit Card,Success
1212,1212,2025-06-14,2643.48,UPI,Refunded
1213,1213,2026-08-17,538.78,Credit Card,Success
1214,1214,2025-11-19,2877.29,Debit Card,Success
1215,1215,2025-12-24,610.71,Debit Card,Success
1216,1216,2026-03-18,1910.6,Debit Card,Success
1217,1217,2025-01-27,81.8,Credit Card,Failed
1218,1218,2025-12-12,955.3,Credit Card,Success
1219,1219,2025-10-13,161.37,Credit Card,Success
1220,1220,2024-09-13,2442.71,Net Banking,Success
1221,1221,2025-07-08,779.87,Debit Card,Failed
1222,1222,2026-08-26,764.44,Credit Card,Success
1223,1223,2025-08-14,727.94,UPI,Success
1224,1224,2025-09-18,209.69,Debit Card,Failed
1225,1225,2026-04-28,3906.64,UPI,Success
1226,1226,2026-05-15,4012.86,Net Banking,Failed
1227,1227,2024-09-26,699.27,Net Banking,Failed
1228,1228,2025-11-30,7147.31,Debit Card,Success
1229,1229,2026-08-27,2151.18,Net Banking,Failed
1230,1230,2025-11-19,890.36,Net Banking,Success
1231,1231,2025-10-20,705.85,Credit Card,Success
1232,1232,2026-08-05,102.93,Debit Card,Success
1233,1233,2026-04-16,3780.86,UPI,Success
1234,1234,2026-07-10,4560.43,Credit Card,Failed
1235,1235,2026-07-19,305.1,Credit Card,Success
1236,1236,2026-07-03,188.46,Net Banking,Success
1237,1237,2026-04-30,1764.69,Net Banking,Success
1238,1238,2026-07-11,595.14,Credit Card,Success
1239,1239,2026-04-23,4413.24,Net Banking,Success
1240,1240,2026-05-19,667.79,Debit Card,Success
1241,1241,2026-08-18,644.88,UPI,Success
1242,1242,2026-08-15,1752.84,Net Banking,Success
1243,1243,2025-08-11,484.57,UPI,Failed
1244,1244,2025-11-01,814.59,Debit Card,Success
1245,1245,2026-05-08,525.63,UPI,Success
1246,1246,2026-08-06,2851.56,Credit Card,Success
1247,1247,2025-09-09,284.19,Debit Card,Success
1248,1248,2025-07-15,4641.42,Debit Card,Failed
1249,1249,2026-02-08,4219.32,Net Banking,Success
1250,1250,2025-09-23,511.49,UPI,Success
1251,1251,2025-09-19,1370.14,Net Banking,Success
1252,1252,2026-05-08,1096.76,Net Banking,Success
1253,1253,2024-10-01,1505.07,Credit Card,Failed
1254,1254,2025-09-13,856.49,Net Banking,Success
1255,1255,2025-09-24,4153.13,Debit Card,Success
1256,1256,2025-11-14,200.04,Debit Card,Success
1257,1257,2024-12-02,1366.3,Credit Card,Success
1258,1258,2025-05-03,578.27,Debit Card,Success
1259,1259,2025-09-20,5272.13,Net Banking,Success
1260,1260,2026-06-03,5002.85,Debit Card,Success
1261,1261,2026-03-04,5454.69,Credit Card,Failed
1262,1262,2025-05-19,104.56,Credit Card,Success
1263,1263,2024-12-04,4814.8,Debit Card,Success
1264,1264,2024-11-14,45.79,Debit Card,Success
1265,1265,2026-08-13,1237.15,Credit Card,Success
1266,1266,2026-04-26,546.14,Debit Card,Success
1267,1267,2026-05-16,1081.96,Debit Card,Failed
1268,1268,2025-12-19,601.46,Credit Card,Success
1269,1269,2026-06-17,113.37,Net Banking,Success
1270,1270,2026-03-05,3162.78,Credit Card,Success
1271,1271,2026-02-21,665.56,Credit Card,Success
1272,1272,2026-01-17,117.33,UPI,Failed
1273,1273,2025-09-23,3898.47,UPI,Success
1274,1274,2025-03-29,463.81,UPI,Success
1275,1275,2026-05-30,37.31,Net Banking,Success
1276,1276,2026-01-03,744.11,Credit Card,Success
1277,1277,2026-03-28,255.79,UPI,Success
1278,1278,2026-07-26,2655.88,Credit Card,Success
1279,1279,2026-04-13,2302.41,Debit Card,Success
1280,1280,2026-07-06,6492.05,Debit Card,Success
1281,1281,2026-06-15,2308.95,Debit Card,Success
1282,1282,2026-08-30,6334.84,Net Banking,Success
1283,1283,2025-09-21,788.58,Credit Card,Success
1284,1284,2025-10-31,330.0,Debit Card,Success
1285,1285,2025-09-19,104.13,Net Banking,Refunded
1286,1286,2024-12-23,2456.18,Net Banking,Success
1287,1287,2026-05-27,67.82,Debit Card,Success
1288,1288,2025-11-16,4746.68,Debit Card,Success
1289,1289,2026-07-07,4264.25,Credit Card,Success
1290,1290,2026-01-21,168.79,UPI,Refunded
1291,1291,2025-07-17,258.99,Debit Card,Success
1292,1292,2025-11-21,478.99,Debit Card,Success
1293,1293,2025-06-25,678.33,Credit Card,Success
1294,1294,2026-07-15,324.64,Credit Card,Refunded
1295,1295,2025-11-09,355.11,UPI,Success
1296,1296,2026-03-31,4016.36,Credit Card,Success
1297,1297,2026-02-27,285.44,UPI,Success
1298,1298,2026-04-04,4991.98,Net Banking,Refunded
1299,1299,2026-03-08,5059.63,Net Banking,Success
1300,1300,2026-08-29,989.25,Debit Card,Success
1301,1301,2025-12-01,231.65,Credit Card,Failed
1302,1302,2025-08-25,1204.92,UPI,Success
1303,1303,2025-07-15,417.55,Net Banking,Refunded
1304,1304,2024-08-06,4659.01,Credit Card,Success
1305,1305,2026-08-13,625.11,Debit Card,Success
1306,1306,2025-08-23,1538.79,UPI,Refunded
1307,1307,2025-05-25,778.86,Debit Card,Success
1308,1308,2026-08-13,4637.84,Debit Card,Success
1309,1309,2026-03-19,507.55,UPI,Success
1310,1310,2026-07-18,1214.45,UPI,Success
1311,1311,2024-08-24,4364.6,UPI,Success
1312,1312,2024-10-12,2540.52,Debit Card,Success
1313,1313,2026-08-19,202.75,Credit Card,Success
1314,1314,2026-03-20,2106.58,Debit Card,Success
1315,1315,2025-04-18,860.2,Net Banking,Success
1316,1316,2026-04-19,548.69,Net Banking,Success
1317,1317,2025-10-29,953.62,Debit Card,Success
1318,1318,2026-06-18,1192.56,UPI,Success
1319,1319,2025-12-02,154.05,UPI,Success
1320,1320,2025-06-21,1525.47,Credit Card,Refunded
1321,1321,2024-12-15,1178.24,Net Banking,Success
1322,1322,2025-11-26,272.11,Net Banking,Success
1323,1323,2024-03-03,286.37,Debit Card,Success
1324,1324,2026-03-30,347.37,Net Banking,Success
1325,1325,2026-03-21,296.1,Credit Card,Success
1326,1326,2025-10-03,53.22,Credit Card,Success
1327,1327,2026-01-23,2650.76,Credit Card,Failed
1328,1328,2025-06-08,466.64,Credit Card,Failed
1329,1329,2025-11-28,460.84,UPI,Success
1330,1330,2026-01-22,1843.1,Credit Card,Success
1331,1331,2025-12-02,1440.02,Credit Card,Success
1332,1332,2026-05-16,437.49,Credit Card,Failed
1333,1333,2026-03-01,2136.69,Credit Card,Success
1334,1334,2026-01-21,315.67,Net Banking,Success
1335,1335,2026-04-07,4036.74,Debit Card,Success
1336,1336,2026-06-10,8322.12,Debit Card,Failed
1337,1337,2024-08-15,470.95,Credit Card,Success
1338,1338,2025-08-04,2127.74,UPI,Success
1339,1339,2026-03-27,26.61,UPI,Success
1340,1340,2026-07-24,489.97,Credit Card,Refunded
1341,1341,2024-05-22,1964.6,UPI,Success
1342,1342,2024-04-15,2271.44,Debit Card,Success
1343,1343,2025-10-31,3296.39,Debit Card,Success
1344,1344,2026-08-27,3668.85,Credit Card,Failed
1345,1345,2026-04-01,123.96,Debit Card,Success
1346,1346,2026-03-03,986.15,Net Banking,Success
1347,1347,2025-12-11,3448.76,Debit Card,Success
1348,1348,2026-05-01,1541.68,Credit Card,Success
1349,1349,2026-05-30,5860.86,Debit Card,Success
1350,1350,2025-05-09,99.5,Credit Card,Success
1351,1351,2025-09-01,375.17,UPI,Success
1352,1352,2025-09-10,993.69,Net Banking,Success
1353,1353,2025-10-18,302.61,Credit Card,Success
1354,1354,2025-05-02,593.9,Credit Card,Success
1355,1355,2026-03-23,2407.88,Credit Card,Success
1356,1356,2026-02-18,443.64,Net Banking,Success
1357,1357,2026-03-22,907.26,UPI,Failed
1358,1358,2025-09-28,4599.26,Credit Card,Failed
1359,1359,2025-12-13,218.29,Credit Card,Failed
1360,1360,2026-02-09,2555.64,UPI,Success
1361,1361,2025-12-20,420.84,Credit Card,Success
1362,1362,2024-10-03,2895.79,Debit Card,Success
1363,1363,2025-11-30,3909.08,Credit Card,Failed
1364,1364,2025-07-19,2137.94,Net Banking,Success
1365,1365,2025-09-18,183.24,Debit Card,Success
1366,1366,2025-10-08,1804.41,Net Banking,Failed
1367,1367,2025-02-20,80.23,Credit Card,Success
1368,1368,2025-12-22,2183.41,UPI,Success
1369,1369,2025-09-05,82.51,Credit Card,Success
1370,1370,2026-03-22,64.91,Net Banking,Success
1371,1371,2025-10-27,204.02,Net Banking,Success
1372,1372,2026-07-22,98.82,Net Banking,Success
1373,1373,2026-06-08,506.65,UPI,Failed
1374,1374,2026-08-18,3151.45,Debit Card,Success
1375,1375,2025-10-10,1252.48,UPI,Success
1376,1376,2025-03-21,5493.41,Credit Card,Success
1377,1377,2026-04-05,5442.81,Net Banking,Success
1378,1378,2026-04-22,161.37,Credit Card,Success
1379,1379,2025-12-24,1426.91,UPI,Failed
1380,1380,2025-12-06,1135.77,Credit Card,Success
1381,1381,2026-07-22,3075.17,Credit Card,Success
1382,1382,2025-07-25,495.46,Credit Card,Success
1383,1383,2025-07-11,955.3,Credit Card,Success
1384,1384,2025-07-30,1822.86,Credit Card,Success
1385,1385,2026-01-03,92.44,Net Banking,Success
1386,1386,2024-08-11,3930.99,Net Banking,Success
1387,1387,2026-08-28,1521.69,Credit Card,Success
1388,1388,2026-08-24,124.37,Credit Card,Failed
1389,1389,2025-08-18,1733.23,Credit Card,Success
1390,1390,2026-02-04,1585.02,Credit Card,Success
1391,1391,2025-08-26,567.57,UPI,Success
1392,1392,2026-05-06,2762.98,Debit Card,Success
1393,1393,2025-11-07,1354.59,UPI,Success
1394,1394,2025-03-03,424.9,Debit Card,Success
1395,1395,2026-02-20,292.15,Credit Card,Success
1396,1396,2026-03-07,514.51,Net Banking,Failed
1397,1397,2025-08-28,382.57,Debit Card,Success
1398,1398,2025-02-13,2959.74,Net Banking,Success
1399,1399,2025-07-24,468.88,Net Banking,Success
1400,1400,2026-04-29,404.65,Net Banking,Success
1401,1401,2026-07-02,1575.67,Credit Card,Success
1402,1402,2025-09-21,2446.22,Net Banking,Failed
1403,1403,2025-12-09,1522.99,UPI,Success
1404,1404,2026-03-31,93.11,Credit Card,Success
1405,1405,2026-01-19,390.23,Debit Card,Success
1406,1406,2025-10-30,112.33,UPI,Success
1407,1407,2025-12-18,3050.85,Net Banking,Success
1408,1408,2026-05-01,1412.88,Credit Card,Success
1409,1409,2025-12-17,406.77,Net Banking,Success
1410,1410,2026-08-09,554.57,UPI,Success
1411,1411,2025-12-02,141.88,Debit Card,Failed
1412,1412,2025-04-03,2235.76,Credit Card,Success
1413,1413,2026-01-05,168.05,UPI,Failed
1414,1414,2025-04-14,1830.51,Credit Card,Failed
1415,1415,2025-09-17,2519.57,Credit Card,Failed
1416,1416,2025-07-09,281.78,Net Banking,Success
1417,1417,2024-10-26,329.89,Net Banking,Success
1418,1418,2026-04-20,524.24,UPI,Success
1419,1419,2025-05-02,1142.31,Net Banking,Refunded
1420,1420,2026-06-28,1908.72,Debit Card,Success
1421,1421,2025-08-08,2546.49,Net Banking,Success
1422,1422,2025-07-17,1159.55,UPI,Success
1423,1423,2024-09-23,9089.0,Debit Card,Success
1424,1424,2026-08-31,412.41,Credit Card,Success
1425,1425,2026-02-04,3956.51,Net Banking,Success
1426,1426,2025-04-08,313.51,Credit Card,Success
1427,1427,2024-08-12,2937.56,UPI,Success
1428,1428,2026-08-06,361.17,Debit Card,Success
1429,1429,2026-04-02,2412.85,UPI,Success
1430,1430,2026-01-10,2305.16,Net Banking,Success
1431,1431,2026-01-12,653.83,Net Banking,Success
1432,1432,2025-08-07,208.54,Credit Card,Success
1433,1433,2026-05-22,2047.9,Net Banking,Success
1434,1434,2026-03-09,1215.94,Credit Card,Success
1435,1435,2026-05-21,2750.44,Net Banking,Refunded
1436,1436,2025-04-07,543.28,Net Banking,Success
1437,1437,2025-03-14,6152.36,Debit Card,Success
1438,1438,2025-11-19,682.54,Net Banking,Success
1439,1439,2025-08-08,469.68,Net Banking,Success
1440,1440,2025-12-05,17.62,Debit Card,Failed
1441,1441,2025-11-13,3048.69,Credit Card,Success
1442,1442,2026-02-01,384.27,UPI,Success
1443,1443,2026-04-26,3493.37,Debit Card,Success
1444,1444,2025-12-13,603.83,Net Banking,Success
1445,1445,2026-01-20,602.3,Credit Card,Success
1446,1446,2026-04-07,614.61,Debit Card,Failed
1447,1447,2026-06-12,2557.4,UPI,Failed
1448,1448,2026-08-08,589.79,UPI,Success
1449,1449,2025-06-20,4990.04,UPI,Refunded
1450,1450,2026-07-17,563.33,Debit Card,Success
1451,1451,2025-05-10,4667.9,Credit Card,Success
1452,1452,2026-06-16,477.61,Credit Card,Success
1453,1453,2026-03-22,177.38,Credit Card,Refunded
1454,1454,2026-07-16,510.22,UPI,Success
1455,1455,2026-05-16,42.18,UPI,Success
1456,1456,2025-08-17,867.03,Debit Card,Success
1457,1457,2025-01-22,2171.79,Net Banking,Success
1458,1458,2026-03-22,2335.92,Net Banking,Success
1459,1459,2026-02-20,587.4,Net Banking,Refunded
1460,1460,2026-04-19,956.87,Credit Card,Success
1461,1461,2024-12-17,186.4,UPI,Success
1462,1462,2024-06-11,2595.9,Credit Card,Success
1463,1463,2025-02-21,1274.34,Net Banking,Failed
1464,1464,2026-05-23,575.59,Credit Card,Success
1465,1465,2025-02-11,3405.65,Net Banking,Success
1466,1466,2026-03-10,499.38,Credit Card,Success
1467,1467,2025-05-05,379.34,Credit Card,Success
1468,1468,2026-04-10,422.39,Net Banking,Failed
1469,1469,2026-02-11,99.52,Net Banking,Failed
1470,1470,2026-07-29,342.21,Debit Card,Success
1471,1471,2026-05-16,319.33,Net Banking,Success
1472,1472,2025-01-28,1005.58,Credit Card,Success
1473,1473,2026-03-03,186.35,Net Banking,Success
1474,1474,2026-06-19,23.81,Debit Card,Success
1475,1475,2024-11-28,3648.24,Debit Card,Success
1476,1476,2026-05-28,88.53,UPI,Success
1477,1477,2026-04-19,456.51,UPI,Failed
1478,1478,2025-01-08,1061.27,UPI,Success
1479,1479,2025-12-19,2897.52,UPI,Success
1480,1480,2026-07-13,606.27,Net Banking,Success
1481,1481,2025-11-06,324.82,Debit Card,Success
1482,1482,2026-03-18,3211.82,UPI,Failed
1483,1483,2026-07-04,432.51,Debit Card,Success
1484,1484,2026-01-19,235.76,UPI,Success
1485,1485,2026-05-28,228.85,Credit Card,Success
1486,1486,2025-06-08,1339.13,UPI,Success
1487,1487,2025-10-12,2369.79,UPI,Success
1488,1488,2026-06-16,1209.49,Debit Card,Success
1489,1489,2025-12-17,113.37,Net Banking,Failed
1490,1490,2026-06-01,4602.33,Debit Card,Success
1491,1491,2025-05-27,2369.79,Net Banking,Success
1492,1492,2026-08-22,680.23,Debit Card,Success
1493,1493,2025-03-22,304.96,Net Banking,Success
1494,1494,2025-11-11,3920.66,UPI,Success
1495,1495,2024-12-12,93.33,Credit Card,Success
1496,1496,2025-12-25,5783.63,Credit Card,Failed
1497,1497,2025-09-15,100.41,Credit Card,Success
1498,1498,2025-04-12,1291.28,UPI,Success
1499,1499,2025-01-08,52.65,UPI,Success
1500,1500,2026-06-13,121.96,Net Banking,Failed
1501,1501,2026-02-02,1922.92,Net Banking,Success
1502,1502,2025-10-16,384.93,UPI,Success
1503,1503,2026-06-03,188.7,Net Banking,Success
1504,1504,2026-02-15,116.72,UPI,Success
1505,1505,2026-05-22,400.7,Debit Card,Success
1506,1506,2025-08-11,155.0,Credit Card,Success
1507,1507,2026-03-13,161.29,Debit Card,Success
1508,1508,2026-03-16,84.75,UPI,Success
1509,1509,2026-01-25,4620.89,Debit Card,Success
1510,1510,2026-07-03,170.06,Net Banking,Success
1511,1511,2025-06-26,2439.86,Debit Card,Success
1512,1512,2025-09-15,203.06,Credit Card,Success
1513,1513,2025-09-01,723.76,Net Banking,Success
1514,1514,2026-02-05,3594.27,Net Banking,Success
1515,1515,2026-08-09,520.8,Debit Card,Success
1516,1516,2026-05-22,940.21,Net Banking,Success
1517,1517,2026-07-11,225.16,Credit Card,Success
1518,1518,2025-11-01,1900.0,Net Banking,Success
1519,1519,2025-08-05,3257.69,Debit Card,Success
1520,1520,2025-01-28,181.09,UPI,Success
1521,1521,2026-01-03,1244.18,Debit Card,Success
1522,1522,2026-01-08,3905.93,Net Banking,Success
1523,1523,2026-03-21,128.11,Debit Card,Success
1524,1524,2026-05-06,1030.89,Credit Card,Success
1525,1525,2026-05-25,161.29,UPI,Failed
1526,1526,2025-11-24,151.23,Debit Card,Success
1527,1527,2026-03-11,4020.12,Debit Card,Success
1528,1528,2025-07-26,4024.78,UPI,Failed
1529,1529,2026-08-08,28.72,Debit Card,Success
1530,1530,2025-03-25,528.37,Net Banking,Success
1531,1531,2024-06-30,518.08,UPI,Success
1532,1532,2025-06-03,3592.25,Net Banking,Success
1533,1533,2026-01-23,54.56,UPI,Success
1534,1534,2026-08-02,3785.72,Debit Card,Success
1535,1535,2025-09-12,2145.73,Credit Card,Success
1536,1536,2026-03-08,44.05,Debit Card,Success
1537,1537,2024-07-18,63.88,Debit Card,Success
1538,1538,2026-05-11,645.79,Credit Card,Success
1539,1539,2026-08-24,685.84,UPI,Success
1540,1540,2026-02-05,5925.13,UPI,Success
1541,1541,2026-01-19,238.41,Net Banking,Success
1542,1542,2025-02-02,6821.28,Debit Card,Success
1543,1543,2026-02-15,4249.2,Debit Card,Success
1544,1544,2026-06-12,396.06,UPI,Success
1545,1545,2026-04-17,49.67,Net Banking,Success
1546,1546,2026-03-10,526.69,Credit Card,Success
1547,1547,2025-09-09,650.08,Credit Card,Success
1548,1548,2026-04-17,2599.4,Net Banking,Success
1549,1549,2026-01-18,1398.6,Credit Card,Success
1550,1550,2025-12-03,158.28,Credit Card,Success
1551,1551,2024-10-28,624.5,Debit Card,Success
1552,1552,2026-08-28,414.61,Net Banking,Success
1553,1553,2026-02-01,2136.38,Credit Card,Success
1554,1554,2025-06-02,1607.92,Debit Card,Success
1555,1555,2024-10-24,928.53,Credit Card,Success
1556,1556,2026-06-19,2325.17,Credit Card,Success
1557,1557,2025-03-30,1213.04,Net Banking,Success
1558,1558,2025-10-30,1830.19,Credit Card,Success
1559,1559,2026-06-29,73.2,UPI,Success
1560,1560,2025-07-26,964.28,Net Banking,Success
1561,1561,2025-06-19,375.06,Credit Card,Success
1562,1562,2025-10-27,1933.07,UPI,Success
1563,1563,2026-02-12,2549.52,UPI,Success
1564,1564,2026-08-19,445.7,Net Banking,Success
1565,1565,2024-10-01,488.02,Debit Card,Success
1566,1566,2026-04-25,208.54,Debit Card,Success
1567,1567,2026-03-26,490.65,UPI,Success
1568,1568,2025-11-14,90.46,Debit Card,Success
1569,1569,2025-03-22,2736.85,Net Banking,Success
1570,1570,2026-06-30,111.44,Debit Card,Success
1571,1571,2026-03-10,787.77,UPI,Success
1572,1572,2025-12-07,1434.22,Debit Card,Success
1573,1573,2026-03-25,217.3,Credit Card,Success
1574,1574,2026-03-10,934.06,Net Banking,Success
1575,1575,2025-07-07,198.38,Debit Card,Success
1576,1576,2026-04-02,6840.33,UPI,Success
1577,1577,2025-07-19,199.77,Net Banking,Failed
1578,1578,2025-03-10,6755.15,UPI,Success
1579,1579,2026-03-25,916.65,Debit Card,Refunded
1580,1580,2025-11-08,843.06,UPI,Failed
1581,1581,2025-07-20,3922.1,UPI,Refunded
1582,1582,2025-12-07,770.84,Net Banking,Success
1583,1583,2026-03-28,3477.0,Debit Card,Success
1584,1584,2025-07-11,2988.23,Debit Card,Success
1585,1585,2025-10-02,2466.05,UPI,Success
1586,1586,2026-02-26,360.52,UPI,Success
1587,1587,2026-02-12,3758.85,Credit Card,Success
1588,1588,2026-05-23,723.63,Net Banking,Success
1589,1589,2024-06-21,1183.93,Debit Card,Success
1590,1590,2024-12-19,2477.14,UPI,Success
1591,1591,2026-02-13,3911.28,Debit Card,Success
1592,1592,2026-04-26,4750.09,UPI,Success
1593,1593,2025-09-04,341.55,Credit Card,Success
1594,1594,2025-04-10,1034.33,Credit Card,Success
1595,1595,2026-08-31,746.29,Net Banking,Success
1596,1596,2026-05-15,1407.51,UPI,Success
1597,1597,2026-08-20,117.31,Net Banking,Success
1598,1598,2025-11-30,1746.73,UPI,Success
1599,1599,2026-08-16,804.97,Net Banking,Refunded
1600,1600,2025-12-12,94.35,UPI,Failed
1601,1601,2026-05-05,2755.15,Net Banking,Success
1602,1602,2025-08-25,1179.47,Net Banking,Failed
1603,1603,2026-04-22,1503.78,Credit Card,Success
1604,1604,2026-03-21,149.28,UPI,Refunded
1605,1605,2026-04-11,1763.67,Debit Card,Success
1606,1606,2025-12-12,411.59,Credit Card,Failed
1607,1607,2025-07-28,1770.77,Debit Card,Success
1608,1608,2025-07-15,943.53,Debit Card,Success
1609,1609,2026-06-01,550.53,Debit Card,Success
1610,1610,2026-08-13,496.73,Credit Card,Success
1611,1611,2025-02-21,487.05,UPI,Success
1612,1612,2025-06-30,3387.15,Net Banking,Success
1613,1613,2026-06-14,310.65,UPI,Success
1614,1614,2025-05-12,5803.27,Net Banking,Success
1615,1615,2025-04-05,1187.94,UPI,Success
1616,1616,2024-05-31,8712.88,UPI,Success
1617,1617,2025-07-31,4382.14,Net Banking,Success
1618,1618,2026-01-23,263.25,Net Banking,Success
1619,1619,2026-08-25,3138.71,Debit Card,Success
1620,1620,2025-04-18,1024.97,Credit Card,Success
1621,1621,2026-01-21,2685.28,Debit Card,Success
1622,1622,2026-08-02,528.5,UPI,Failed
1623,1623,2025-11-09,473.07,Net Banking,Success
1624,1624,2025-01-17,634.73,Net Banking,Success
1625,1625,2025-01-26,2342.64,UPI,Failed
1626,1626,2025-11-11,3203.29,Credit Card,Success
1627,1627,2026-08-11,554.47,UPI,Success
1628,1628,2026-08-07,737.02,Net Banking,Success
1629,1629,2025-03-04,1618.25,Debit Card,Refunded
1630,1630,2025-12-21,312.17,Credit Card,Success
1631,1631,2026-05-04,2092.93,Credit Card,Success
1632,1632,2026-01-15,860.92,Debit Card,Success
1633,1633,2026-02-05,3294.89,Net Banking,Success
1634,1634,2026-08-28,720.12,Net Banking,Success
1635,1635,2025-02-10,774.12,Debit Card,Success
1636,1636,2025-10-27,666.08,Debit Card,Failed
1637,1637,2026-01-07,2171.79,Net Banking,Success
1638,1638,2025-12-11,1456.82,Net Banking,Success
1639,1639,2025-08-03,446.63,Net Banking,Success
1640,1640,2025-03-24,3586.06,Debit Card,Success
1641,1641,2025-06-22,1149.19,Debit Card,Success
1642,1642,2026-07-16,89.19,Credit Card,Success
1643,1643,2025-04-14,391.49,Credit Card,Success
1644,1644,2025-05-05,487.29,Net Banking,Success
1645,1645,2025-09-21,1845.36,UPI,Success
1646,1646,2025-12-08,2763.4,UPI,Success
1647,1647,2024-06-05,134.7,Credit Card,Success
1648,1648,2025-01-15,47.99,Net Banking,Success
1649,1649,2025-04-23,471.46,Credit Card,Success
1650,1650,2025-03-04,78.05,Net Banking,Success
1651,1651,2026-04-01,1255.89,UPI,Refunded
1652,1652,2026-05-18,758.18,Debit Card,Success
1653,1653,2026-03-14,1037.49,UPI,Success
1654,1654,2026-07-15,1180.36,Debit Card,Success
1655,1655,2026-03-27,55.17,Credit Card,Success
1656,1656,2025-09-04,2959.05,Net Banking,Success
1657,1657,2025-11-30,204.03,Debit Card,Refunded
1658,1658,2025-04-06,422.91,Debit Card,Success
1659,1659,2026-04-03,6406.07,Credit Card,Success
1660,1660,2026-05-15,1427.79,Net Banking,Failed
1661,1661,2025-07-28,3337.52,Net Banking,Success
1662,1662,2026-07-30,387.73,Debit Card,Success
1663,1663,2025-11-25,2147.79,Credit Card,Success
1664,1664,2025-11-16,1817.01,Net Banking,Success
1665,1665,2026-03-18,1207.99,Net Banking,Success
1666,1666,2026-02-08,141.58,UPI,Success
1667,1667,2026-07-16,790.12,Debit Card,Success
1668,1668,2026-08-06,69.73,UPI,Success
1669,1669,2026-05-25,3942.45,UPI,Success
1670,1670,2025-02-18,333.28,UPI,Success
1671,1671,2025-12-03,2691.16,Net Banking,Success
1672,1672,2026-06-25,97.59,Credit Card,Success
1673,1673,2025-06-05,70.37,Net Banking,Failed
1674,1674,2025-06-11,93.74,Credit Card,Success
1675,1675,2025-10-24,673.63,Net Banking,Success
1676,1676,2025-05-11,3428.34,Net Banking,Success
1677,1677,2025-10-21,179.3,UPI,Success
1678,1678,2025-07-06,3238.29,Credit Card,Success
1679,1679,2025-11-24,1046.74,Debit Card,Success
1680,1680,2026-06-27,1185.48,Debit Card,Success
1681,1681,2025-11-25,845.9,Credit Card,Success
1682,1682,2025-03-12,1645.43,Credit Card,Success
1683,1683,2025-01-01,172.6,UPI,Success
1684,1684,2025-07-11,1801.18,UPI,Success
1685,1685,2026-03-26,2374.11,UPI,Failed
1686,1686,2026-03-21,647.08,UPI,Success
1687,1687,2025-08-29,3517.16,Credit Card,Success
1688,1688,2026-02-17,3368.76,Net Banking,Success
1689,1689,2025-10-18,683.8,UPI,Success
1690,1690,2025-10-15,4119.99,UPI,Success
1691,1691,2026-06-24,110.0,Net Banking,Success
1692,1692,2024-10-05,189.22,Net Banking,Success
1693,1693,2026-02-15,1473.65,Credit Card,Success
1694,1694,2026-04-22,2953.89,UPI,Success
1695,1695,2026-03-20,314.85,UPI,Success
1696,1696,2026-07-19,57.67,Net Banking,Success
1697,1697,2026-05-26,413.33,UPI,Success
1698,1698,2026-01-17,1134.55,UPI,Success
1699,1699,2024-03-09,1609.71,Debit Card,Success
1700,1700,2026-06-26,218.47,Credit Card,Failed
1701,1701,2026-01-11,597.03,UPI,Success
1702,1702,2025-05-14,1237.1,Debit Card,Success
1703,1703,2026-08-08,3650.46,Debit Card,Success
1704,1704,2026-05-18,3227.02,Credit Card,Success
1705,1705,2024-12-30,247.79,Credit Card,Success
1706,1706,2024-03-17,1557.05,Credit Card,Success
1707,1707,2026-08-19,5654.9,Credit Card,Success
1708,1708,2025-10-31,63.98,UPI,Success
1709,1709,2026-08-24,2505.78,UPI,Success
1710,1710,2025-03-05,4498.53,Credit Card,Success
1711,1711,2026-06-15,139.0,Net Banking,Success
1712,1712,2024-12-14,1355.29,Credit Card,Success
1713,1713,2025-08-23,3032.42,Credit Card,Success
1714,1714,2026-07-01,44.73,UPI,Success
1715,1715,2025-10-19,760.43,Net Banking,Success
1716,1716,2026-06-13,2033.28,Credit Card,Success
1717,1717,2025-11-14,272.11,Credit Card,Success
1718,1718,2026-06-03,3299.23,Debit Card,Success
1719,1719,2026-04-05,1774.81,Debit Card,Success
1720,1720,2025-10-19,798.29,Net Banking,Success
1721,1721,2026-01-16,171.59,UPI,Success
1722,1722,2025-08-24,4534.0,Net Banking,Success
1723,1723,2025-06-08,523.39,Credit Card,Success
1724,1724,2025-08-10,3165.17,Credit Card,Success
1725,1725,2026-04-26,178.08,Credit Card,Success
1726,1726,2025-08-29,96.46,Credit Card,Failed
1727,1727,2026-03-19,951.18,Debit Card,Success
1728,1728,2026-04-25,2148.01,Net Banking,Success
1729,1729,2026-02-05,2744.76,UPI,Success
1730,1730,2026-06-23,66.16,UPI,Success
1731,1731,2025-03-31,858.54,Debit Card,Failed
1732,1732,2026-01-25,99.52,Net Banking,Success
1733,1733,2025-05-05,468.62,Debit Card,Success
1734,1734,2026-06-08,181.58,UPI,Success
1735,1735,2024-09-07,318.98,Credit Card,Success
1736,1736,2025-10-01,1340.2,UPI,Success
1737,1737,2026-01-01,298.31,Net Banking,Success
1738,1738,2026-04-04,544.59,Net Banking,Success
1739,1739,2025-05-11,221.21,UPI,Success
1740,1740,2025-05-16,227.4,Debit Card,Success
1741,1741,2026-06-23,3032.7,Debit Card,Success
1742,1742,2026-08-10,764.23,Credit Card,Success
1743,1743,2026-03-08,3790.12,Debit Card,Success
1744,1744,2026-03-16,1673.19,UPI,Success
1745,1745,2026-08-22,28.72,Net Banking,Success
1746,1746,2025-01-07,182.94,Net Banking,Success
1747,1747,2025-10-04,116.94,Credit Card,Success
1748,1748,2024-08-25,357.27,Debit Card,Success
1749,1749,2026-08-03,103.84,UPI,Success
1750,1750,2026-05-14,4280.75,Net Banking,Success
1751,1751,2024-03-13,188.67,Credit Card,Success
1752,1752,2026-07-07,1318.58,Credit Card,Success
1753,1753,2025-02-10,93.33,UPI,Success
1754,1754,2026-05-18,228.74,UPI,Success
1755,1755,2025-11-20,1110.19,Credit Card,Success
1756,1756,2024-06-10,301.1,Debit Card,Failed
1757,1757,2025-04-22,150.4,Net Banking,Success
1758,1758,2024-06-09,188.49,Net Banking,Failed
1759,1759,2026-05-26,1452.45,Credit Card,Success
1760,1760,2026-07-01,352.87,Credit Card,Success
1761,1761,2025-10-01,3768.06,Debit Card,Success
1762,1762,2026-01-10,2458.26,Net Banking,Success
1763,1763,2025-04-01,2668.11,Net Banking,Refunded
1764,1764,2025-11-04,2038.14,Credit Card,Success
1765,1765,2026-04-17,1521.08,UPI,Failed
1766,1766,2026-04-27,67.45,Debit Card,Success
1767,1767,2026-06-06,2334.62,UPI,Refunded
1768,1768,2025-12-31,1965.24,Net Banking,Success
1769,1769,2025-05-07,263.01,Credit Card,Success
1770,1770,2024-11-26,1963.43,Debit Card,Success
1771,1771,2025-11-14,322.57,UPI,Success
1772,1772,2025-12-28,463.04,Net Banking,Success
1773,1773,2026-01-17,1198.26,UPI,Refunded
1774,1774,2025-06-17,85.38,UPI,Success
1775,1775,2024-05-01,531.74,UPI,Success
1776,1776,2026-02-11,1267.79,Credit Card,Refunded
1777,1777,2024-08-08,164.31,Debit Card,Success
1778,1778,2026-02-06,1547.1,Debit Card,Success
1779,1779,2026-08-22,2604.27,UPI,Success
1780,1780,2026-07-07,2054.19,Debit Card,Success
1781,1781,2024-06-29,363.06,Debit Card,Success
1782,1782,2026-06-23,570.29,Net Banking,Success
1783,1783,2025-10-24,1410.7,Credit Card,Success
1784,1784,2025-04-04,5875.78,Net Banking,Success
1785,1785,2025-08-26,186.35,Net Banking,Success
1786,1786,2025-12-05,244.34,UPI,Success
1787,1787,2025-01-28,1804.47,Debit Card,Success
1788,1788,2025-05-12,54.56,Debit Card,Success
1789,1789,2026-07-17,691.66,Credit Card,Success
1790,1790,2026-04-19,6447.54,Credit Card,Refunded
1791,1791,2026-04-07,397.56,Debit Card,Success
1792,1792,2025-08-08,2014.48,Credit Card,Success
1793,1793,2026-05-26,5391.92,Credit Card,Success
1794,1794,2025-09-27,463.85,Credit Card,Refunded
1795,1795,2026-06-14,3634.51,Net Banking,Success
1796,1796,2024-07-02,203.05,UPI,Failed
1797,1797,2025-03-11,1205.87,Net Banking,Success
1798,1798,2025-08-12,53.62,Net Banking,Success
1799,1799,2025-10-20,53.64,Credit Card,Success
1800,1800,2026-02-17,245.34,Credit Card,Success
1801,1801,2025-03-13,803.6,Credit Card,Success
1802,1802,2025-12-19,2110.08,UPI,Success
1803,1803,2024-07-13,1230.47,Net Banking,Success
1804,1804,2026-08-24,631.2,Debit Card,Failed
1805,1805,2026-03-20,4567.14,Credit Card,Success
1806,1806,2026-03-06,351.68,UPI,Success
1807,1807,2025-10-27,4853.65,Net Banking,Success
1808,1808,2026-02-02,1558.24,Net Banking,Refunded
1809,1809,2026-06-15,1476.96,Debit Card,Success
1810,1810,2026-02-19,62.07,Net Banking,Success
1811,1811,2025-03-29,148.56,Credit Card,Success
1812,1812,2025-09-04,2473.82,Credit Card,Success
1813,1813,2026-04-02,4586.84,Credit Card,Refunded
1814,1814,2025-01-05,646.42,UPI,Success
1815,1815,2026-05-18,841.23,UPI,Success
1816,1816,2026-05-30,3242.17,Debit Card,Success
1817,1817,2026-05-05,362.36,UPI,Success
1818,1818,2026-05-24,4120.99,Debit Card,Success
1819,1819,2025-09-03,587.48,UPI,Success
1820,1820,2025-09-09,1998.35,Debit Card,Failed
1821,1821,2025-03-25,898.37,UPI,Success
1822,1822,2026-01-04,565.38,Credit Card,Success
1823,1823,2026-02-19,938.27,Debit Card,Success
1824,1824,2025-12-25,325.95,Credit Card,Success
1825,1825,2025-09-03,1424.75,Net Banking,Success
1826,1826,2025-06-11,62.19,Net Banking,Success
1827,1827,2026-05-14,124.48,UPI,Success
1828,1828,2026-04-06,3152.32,Net Banking,Success
1829,1829,2025-10-05,387.53,Net Banking,Success
1830,1830,2025-08-18,984.86,UPI,Success
1831,1831,2026-03-13,659.39,Debit Card,Success
1832,1832,2026-08-14,920.34,Credit Card,Success
1833,1833,2026-07-30,1907.35,Net Banking,Failed
1834,1834,2026-02-23,328.54,UPI,Success
1835,1835,2026-03-06,109.95,Debit Card,Success
1836,1836,2025-08-16,3184.26,UPI,Success
1837,1837,2026-01-05,867.75,UPI,Success
1838,1838,2026-06-14,461.05,Credit Card,Success
1839,1839,2026-05-02,1159.38,Debit Card,Success
1840,1840,2026-05-15,819.29,Net Banking,Success
1841,1841,2026-06-15,429.7,Credit Card,Success
1842,1842,2026-08-05,898.6,Credit Card,Success
1843,1843,2025-02-10,573.99,Debit Card,Success
1844,1844,2026-06-28,4246.38,Debit Card,Success
1845,1845,2026-05-31,141.28,Net Banking,Success
1846,1846,2024-11-20,2199.02,Net Banking,Success
1847,1847,2026-01-24,276.23,Debit Card,Success
1848,1848,2025-10-21,41.85,Net Banking,Failed
1849,1849,2026-01-04,434.2,Credit Card,Failed
1850,1850,2026-04-12,2212.44,Credit Card,Success
1851,1851,2026-07-19,873.96,Net Banking,Success
1852,1852,2026-05-31,838.82,Credit Card,Failed
1853,1853,2026-03-03,2696.33,Net Banking,Success
1854,1854,2026-08-27,305.1,UPI,Success
1855,1855,2025-06-30,919.06,Debit Card,Success
1856,1856,2025-07-11,299.32,Debit Card,Success
1857,1857,2026-01-15,152.1,Debit Card,Success
1858,1858,2025-12-21,563.33,Credit Card,Success
1859,1859,2025-07-26,3191.79,Net Banking,Success
1860,1860,2025-11-06,1412.18,Credit Card,Success
1861,1861,2026-08-30,832.48,UPI,Success
1862,1862,2024-03-20,517.4,Credit Card,Success
1863,1863,2026-06-06,2872.58,Net Banking,Success
1864,1864,2024-07-21,3054.03,Credit Card,Success
1865,1865,2026-05-31,791.48,Debit Card,Success
1866,1866,2026-07-02,865.82,Debit Card,Success
1867,1867,2025-07-23,299.97,Debit Card,Success
1868,1868,2026-03-16,478.26,Credit Card,Success
1869,1869,2025-08-15,4219.28,Debit Card,Refunded
1870,1870,2024-06-23,3245.87,Credit Card,Success
1871,1871,2026-04-03,379.5,Net Banking,Success
1872,1872,2026-03-24,66.68,Net Banking,Success
1873,1873,2025-08-07,415.06,UPI,Success
1874,1874,2026-06-30,631.26,Net Banking,Success
1875,1875,2025-10-28,223.35,Net Banking,Success
1876,1876,2025-11-20,2725.02,Debit Card,Success
1877,1877,2025-03-28,163.61,Debit Card,Success
1878,1878,2025-03-24,255.61,Net Banking,Success
1879,1879,2024-11-18,292.77,Debit Card,Success
1880,1880,2024-08-29,3916.91,Credit Card,Success
1881,1881,2025-03-31,1160.53,Net Banking,Success
1882,1882,2026-06-10,908.32,Credit Card,Success
1883,1883,2026-02-24,1306.94,Debit Card,Failed
1884,1884,2026-01-09,280.45,UPI,Success
1885,1885,2024-07-19,81.62,Debit Card,Success
1886,1886,2024-08-30,2327.64,Credit Card,Refunded
1887,1887,2025-08-24,408.41,Debit Card,Success
1888,1888,2026-06-14,3447.58,Credit Card,Success
1889,1889,2026-08-27,27.65,Credit Card,Success
1890,1890,2025-04-05,2564.28,Debit Card,Failed
1891,1891,2024-08-24,986.82,UPI,Success
1892,1892,2026-03-05,4980.65,UPI,Success
1893,1893,2025-08-31,611.56,Net Banking,Success
1894,1894,2025-12-20,919.39,UPI,Success
1895,1895,2025-06-19,560.31,Net Banking,Success
1896,1896,2026-04-25,565.68,Debit Card,Success
1897,1897,2026-03-03,2976.48,Net Banking,Success
1898,1898,2025-10-28,1832.51,UPI,Success
1899,1899,2025-05-29,517.8,Net Banking,Success
1900,1900,2025-12-24,1513.94,Credit Card,Success
1901,1901,2025-09-29,2328.69,Net Banking,Success
1902,1902,2025-11-10,1313.45,Credit Card,Success
1903,1903,2026-02-08,143.97,Debit Card,Success
1904,1904,2025-04-10,2493.03,Net Banking,Success
1905,1905,2026-08-21,2440.35,Debit Card,Success
1906,1906,2026-06-12,344.66,UPI,Success
1907,1907,2026-03-26,3611.82,UPI,Success
1908,1908,2025-03-09,58.5,Debit Card,Success
1909,1909,2025-09-28,3723.43,Net Banking,Success
1910,1910,2026-07-23,2417.45,UPI,Success
1911,1911,2026-07-01,1446.64,UPI,Success
1912,1912,2025-06-20,399.9,Credit Card,Refunded
1913,1913,2026-04-03,3661.45,Net Banking,Success
1914,1914,2025-12-10,1718.47,Debit Card,Success
1915,1915,2026-08-09,1634.25,UPI,Refunded
1916,1916,2024-05-07,67.25,UPI,Success
1917,1917,2026-06-13,4207.24,Debit Card,Success
1918,1918,2026-01-14,178.78,UPI,Success
1919,1919,2026-06-07,2743.96,Net Banking,Success
1920,1920,2025-02-13,2399.89,UPI,Success
1921,1921,2026-03-04,896.38,Credit Card,Success
1922,1922,2026-03-09,4291.99,Net Banking,Success
1923,1923,2026-04-02,710.13,UPI,Success
1924,1924,2025-09-10,4016.12,Net Banking,Success
1925,1925,2026-04-29,119.74,UPI,Success
1926,1926,2026-06-27,766.56,Net Banking,Failed
1927,1927,2026-07-10,4073.53,Net Banking,Success
1928,1928,2025-01-21,2691.16,Net Banking,Failed
1929,1929,2025-01-30,2355.25,Net Banking,Success
1930,1930,2025-12-16,214.49,Credit Card,Success
1931,1931,2025-10-07,1151.45,Net Banking,Success
1932,1932,2026-04-07,1448.3,Net Banking,Success
1933,1933,2026-02-03,105.22,Net Banking,Success
1934,1934,2026-04-26,2878.93,Credit Card,Success
1935,1935,2025-04-14,1232.07,Credit Card,Success
1936,1936,2024-10-15,355.58,Debit Card,Success
1937,1937,2026-06-25,925.37,Credit Card,Success
1938,1938,2024-09-30,1247.64,Credit Card,Refunded
1939,1939,2025-10-26,392.8,Net Banking,Success
1940,1940,2026-02-01,137.73,UPI,Refunded
1941,1941,2024-07-31,507.57,UPI,Success
1942,1942,2025-03-08,27.65,Credit Card,Success
1943,1943,2026-02-18,5352.6,Credit Card,Success
1944,1944,2026-06-27,1382.87,Credit Card,Success
1945,1945,2025-07-05,2564.23,Debit Card,Success
1946,1946,2025-12-18,516.11,Net Banking,Failed
1947,1947,2025-10-31,490.61,Net Banking,Success
1948,1948,2026-07-26,1029.58,UPI,Success
1949,1949,2025-09-18,142.34,UPI,Success
1950,1950,2024-05-29,500.3,Credit Card,Success
1951,1951,2025-11-06,742.57,Net Banking,Success
1952,1952,2026-05-12,5008.03,Net Banking,Success
1953,1953,2026-03-21,1148.72,Net Banking,Failed
1954,1954,2024-12-08,1143.6,Credit Card,Success
1955,1955,2026-06-27,2105.38,Credit Card,Refunded
1956,1956,2026-02-19,45.91,Net Banking,Success
1957,1957,2026-07-19,2932.2,Net Banking,Success
1958,1958,2025-10-16,2892.52,UPI,Success
1959,1959,2024-12-05,1124.55,Net Banking,Success
1960,1960,2026-06-13,373.64,Debit Card,Success
1961,1961,2025-12-05,1336.57,UPI,Success
1962,1962,2025-10-23,440.29,Debit Card,Success
1963,1963,2026-03-04,1710.71,Credit Card,Success
1964,1964,2024-09-22,2616.33,UPI,Success
1965,1965,2026-06-03,173.31,Debit Card,Success
1966,1966,2025-11-10,386.04,UPI,Success
1967,1967,2025-11-10,88.97,Credit Card,Success
1968,1968,2025-11-16,651.24,Debit Card,Success
1969,1969,2026-07-16,2394.49,Credit Card,Success
1970,1970,2026-01-24,291.61,Credit Card,Success
1971,1971,2024-09-16,390.52,Net Banking,Success
1972,1972,2025-12-24,1639.6,UPI,Failed
1973,1973,2026-06-11,643.95,Net Banking,Success
1974,1974,2026-02-16,905.71,UPI,Success
1975,1975,2024-09-23,319.32,Credit Card,Failed
1976,1976,2026-03-11,133.18,UPI,Success
1977,1977,2026-08-28,157.95,Debit Card,Success
1978,1978,2025-11-02,44.52,Net Banking,Success
1979,1979,2025-07-09,3451.92,Debit Card,Success
1980,1980,2024-10-08,166.72,Net Banking,Failed
1981,1981,2024-12-18,447.54,Net Banking,Success
1982,1982,2025-12-01,1732.62,Net Banking,Success
1983,1983,2026-02-26,4514.42,Net Banking,Failed
1984,1984,2025-09-30,50.94,Debit Card,Success
1985,1985,2025-08-26,271.53,Credit Card,Refunded
1986,1986,2026-08-10,3557.41,UPI,Success
1987,1987,2025-12-05,3483.75,Net Banking,Success
1988,1988,2026-01-29,608.14,UPI,Success
1989,1989,2025-07-05,596.7,Net Banking,Success
1990,1990,2026-08-04,62.22,Debit Card,Success
1991,1991,2026-03-15,5710.17,Net Banking,Success
1992,1992,2026-03-01,4114.42,Credit Card,Success
1993,1993,2026-03-30,925.37,Net Banking,Success
1994,1994,2024-10-18,897.96,UPI,Success
1995,1995,2025-11-07,91.15,Credit Card,Success
1996,1996,2025-11-14,2559.59,Credit Card,Success
1997,1997,2025-06-17,411.52,UPI,Success
1998,1998,2025-12-13,2898.31,Net Banking,Success
1999,1999,2025-03-30,642.51,UPI,Success
2000,2000,2025-09-02,3201.63,Net Banking,Success
2001,2001,2026-01-02,393.88,Credit Card,Success
2002,2002,2026-04-06,207.79,Net Banking,Success
2003,2003,2026-07-16,4725.56,UPI,Failed
2004,2004,2026-03-07,851.98,Debit Card,Success
2005,2005,2025-03-18,1182.69,UPI,Success
2006,2006,2024-12-18,255.4,Credit Card,Refunded
2007,2007,2025-02-04,565.75,Debit Card,Failed
2008,2008,2025-10-23,288.22,Credit Card,Success
2009,2009,2025-11-11,4784.15,Debit Card,Failed
2010,2010,2025-11-23,1846.52,UPI,Refunded
2011,2011,2026-05-17,372.13,Credit Card,Success
2012,2012,2026-06-19,1858.13,UPI,Success
2013,2013,2026-02-13,7876.55,UPI,Success
2014,2014,2026-07-06,623.3,Credit Card,Success
2015,2015,2026-03-21,665.19,Net Banking,Success
2016,2016,2025-07-16,291.36,Debit Card,Success
2017,2017,2025-10-14,1250.88,Debit Card,Failed
2018,2018,2025-04-10,1573.72,Debit Card,Success
2019,2019,2026-08-04,1390.59,Credit Card,Success
2020,2020,2026-02-17,361.04,Net Banking,Success
2021,2021,2026-04-05,114.37,Credit Card,Success
2022,2022,2025-11-25,155.65,Credit Card,Success
2023,2023,2026-04-08,166.81,Net Banking,Success
2024,2024,2025-03-16,81.45,Net Banking,Success
2025,2025,2026-03-26,2201.57,Net Banking,Refunded
2026,2026,2026-02-10,201.06,Credit Card,Success
2027,2027,2025-03-09,489.44,Net Banking,Failed
2028,2028,2025-08-13,234.05,UPI,Success
2029,2029,2025-12-21,5096.28,UPI,Failed
2030,2030,2026-08-29,857.22,UPI,Success
2031,2031,2026-07-13,224.63,UPI,Success
2032,2032,2025-10-07,1070.17,Net Banking,Failed
2033,2033,2024-09-18,485.43,Net Banking,Success
2034,2034,2025-06-27,3196.64,Credit Card,Success
2035,2035,2025-07-11,1732.68,Debit Card,Failed
2036,2036,2025-12-17,148.56,Net Banking,Success
2037,2037,2024-07-25,1944.5,Net Banking,Success
2038,2038,2026-08-08,505.87,UPI,Success
2039,2039,2026-04-30,3086.23,UPI,Success
2040,2040,2026-01-19,753.1,Debit Card,Failed
2041,2041,2026-05-12,2358.95,Credit Card,Success
2042,2042,2026-08-23,1060.17,UPI,Success
2043,2043,2024-02-10,1464.21,UPI,Success
2044,2044,2025-08-24,515.16,Debit Card,Success
2045,2045,2025-02-16,93.33,Net Banking,Success
2046,2046,2024-04-18,431.89,Net Banking,Success
2047,2047,2025-11-13,4123.24,Net Banking,Success
2048,2048,2025-06-17,166.45,Credit Card,Success
2049,2049,2025-11-05,147.06,Credit Card,Success
2050,2050,2025-09-17,1133.38,Credit Card,Success
2051,2051,2026-06-10,218.14,Credit Card,Success
2052,2052,2025-02-25,110.0,Credit Card,Success
2053,2053,2025-11-24,350.42,UPI,Success
2054,2054,2026-03-29,250.61,Credit Card,Refunded
2055,2055,2025-09-24,547.01,Net Banking,Success
2056,2056,2026-08-10,101.37,UPI,Failed
2057,2057,2026-05-22,1077.2,Debit Card,Success
2058,2058,2026-04-21,1627.33,UPI,Success
2059,2059,2026-01-01,579.68,Credit Card,Success
2060,2060,2025-03-11,1267.78,Net Banking,Success
2061,2061,2026-05-08,391.46,Net Banking,Failed
2062,2062,2026-07-13,230.6,UPI,Success
2063,2063,2026-02-02,334.33,Net Banking,Success
2064,2064,2026-01-29,6371.81,UPI,Success
2065,2065,2025-12-03,2552.02,Credit Card,Success
2066,2066,2025-10-25,1778.78,Credit Card,Failed
2067,2067,2026-07-28,209.34,Credit Card,Success
2068,2068,2026-05-04,3025.05,Debit Card,Success
2069,2069,2026-02-25,197.87,Credit Card,Success
2070,2070,2025-09-06,224.44,Debit Card,Success
2071,2071,2024-07-13,2564.06,UPI,Success
2072,2072,2025-10-09,3920.71,Credit Card,Success
2073,2073,2026-07-10,3554.66,UPI,Refunded
2074,2074,2026-01-22,802.79,Debit Card,Success
2075,2075,2026-07-12,480.75,UPI,Refunded
2076,2076,2026-04-06,675.33,Net Banking,Success
2077,2077,2025-09-04,1516.81,UPI,Success
2078,2078,2026-03-27,93.31,Credit Card,Success
2079,2079,2026-06-23,3460.53,Debit Card,Success
2080,2080,2026-03-05,788.67,Debit Card,Failed
2081,2081,2024-04-12,963.73,UPI,Success
2082,2082,2026-06-06,2668.93,Net Banking,Success
2083,2083,2024-11-15,675.87,UPI,Success
2084,2084,2026-01-17,61.66,Credit Card,Refunded
2085,2085,2026-04-25,2902.25,Credit Card,Success
2086,2086,2025-08-28,761.38,Credit Card,Success
2087,2087,2025-10-27,2205.88,UPI,Success
2088,2088,2026-04-10,5206.27,UPI,Success
2089,2089,2026-05-31,2611.55,Debit Card,Success
2090,2090,2025-06-05,1109.49,Net Banking,Success
2091,2091,2026-06-03,39.39,UPI,Success
2092,2092,2026-04-04,1759.13,Net Banking,Success
2093,2093,2026-04-24,841.37,Credit Card,Success
2094,2094,2025-01-13,3495.55,UPI,Success
2095,2095,2026-05-12,60.03,Credit Card,Success
2096,2096,2025-07-26,1069.36,Credit Card,Success
2097,2097,2025-11-06,793.46,Credit Card,Refunded
2098,2098,2025-07-01,2477.14,Net Banking,Success
2099,2099,2025-12-05,1279.95,Debit Card,Success
2100,2100,2026-06-26,173.62,Debit Card,Success
2101,2101,2025-08-23,137.46,Debit Card,Success
2102,2102,2026-07-05,824.91,Net Banking,Failed
2103,2103,2026-02-06,5210.12,UPI,Success
2104,2104,2025-10-30,5285.47,UPI,Success
2105,2105,2025-04-21,343.37,Net Banking,Success
2106,2106,2026-01-15,56.46,Debit Card,Success
2107,2107,2025-10-28,5572.52,Net Banking,Success
2108,2108,2026-06-23,386.46,Debit Card,Success
2109,2109,2026-06-08,1973.6,Debit Card,Success
2110,2110,2026-08-27,541.47,UPI,Success
2111,2111,2025-11-03,4926.47,Debit Card,Success
2112,2112,2025-07-06,558.65,UPI,Success
2113,2113,2026-07-26,117.07,Credit Card,Success
2114,2114,2026-06-19,877.15,Net Banking,Success
2115,2115,2026-04-08,604.12,Debit Card,Success
2116,2116,2024-08-11,204.03,Credit Card,Success
2117,2117,2025-04-09,187.01,Credit Card,Success
2118,2118,2025-09-25,137.73,Debit Card,Success
2119,2119,2026-06-11,228.15,Net Banking,Success
2120,2120,2024-10-25,2595.11,UPI,Success
2121,2121,2025-01-03,281.31,Credit Card,Success
2122,2122,2026-03-22,4164.2,UPI,Success
2123,2123,2026-03-27,98.04,Net Banking,Success
2124,2124,2025-08-31,3229.81,Net Banking,Success
2125,2125,2025-08-20,200.11,UPI,Success
2126,2126,2026-05-08,388.25,Net Banking,Refunded
2127,2127,2025-06-10,3948.9,Net Banking,Success
2128,2128,2026-02-16,773.03,UPI,Success
2129,2129,2026-07-12,206.61,Debit Card,Success
2130,2130,2024-04-13,153.3,Credit Card,Failed
2131,2131,2026-03-24,1248.18,Credit Card,Success
2132,2132,2025-08-14,4154.91,Debit Card,Success
2133,2133,2026-03-12,43.5,Credit Card,Success
2134,2134,2025-09-29,728.05,UPI,Success
2135,2135,2026-08-25,196.87,Debit Card,Success
2136,2136,2025-11-15,428.2,Net Banking,Success
2137,2137,2026-03-24,2497.8,Credit Card,Failed
2138,2138,2025-08-30,3339.58,Net Banking,Refunded
2139,2139,2026-04-24,553.09,Net Banking,Refunded
2140,2140,2025-12-10,2262.09,Credit Card,Success
2141,2141,2026-08-01,112.06,Debit Card,Success
2142,2142,2024-12-24,435.95,Debit Card,Success
2143,2143,2025-11-24,2410.82,Debit Card,Success
2144,2144,2026-05-31,241.52,UPI,Success
2145,2145,2025-10-13,275.97,UPI,Success
2146,2146,2025-11-04,308.46,Debit Card,Success
2147,2147,2024-04-21,1603.39,Net Banking,Success
2148,2148,2026-03-13,483.86,Debit Card,Success
2149,2149,2026-06-29,526.52,Credit Card,Success
2150,2150,2026-01-18,405.2,Credit Card,Success
2151,2151,2025-03-03,422.37,Debit Card,Success
2152,2152,2025-11-05,3014.9,Debit Card,Success
2153,2153,2026-04-13,1407.47,Net Banking,Success
2154,2154,2026-01-24,224.85,Debit Card,Failed
2155,2155,2025-02-07,2160.54,Net Banking,Success
2156,2156,2025-03-19,3882.07,Credit Card,Success
2157,2157,2026-05-23,658.48,Credit Card,Refunded
2158,2158,2026-05-17,63.71,Credit Card,Success
2159,2159,2026-01-10,972.8,UPI,Success
2160,2160,2025-12-04,2898.31,Debit Card,Success
2161,2161,2025-07-22,526.01,UPI,Success
2162,2162,2025-07-11,771.67,Credit Card,Success
2163,2163,2025-09-10,318.0,Credit Card,Success
2164,2164,2026-07-26,3323.06,UPI,Success
2165,2165,2025-06-19,374.99,UPI,Success
2166,2166,2026-01-20,832.59,UPI,Success
2167,2167,2026-05-03,193.69,UPI,Success
2168,2168,2026-08-21,4193.19,UPI,Success
2169,2169,2025-12-09,453.1,UPI,Success
2170,2170,2025-08-16,1022.08,Net Banking,Success
2171,2171,2026-02-28,2481.77,Credit Card,Success
2172,2172,2025-04-16,820.19,Debit Card,Success
2173,2173,2026-07-03,538.95,Net Banking,Success
2174,2174,2025-09-12,395.5,Debit Card,Success
2175,2175,2025-11-03,131.78,Net Banking,Success
2176,2176,2026-08-06,217.94,UPI,Success
2177,2177,2026-03-04,817.3,Credit Card,Success
2178,2178,2026-02-04,3613.06,UPI,Success
2179,2179,2026-06-30,210.44,Debit Card,Success
2180,2180,2025-12-03,1085.9,Net Banking,Success
2181,2181,2025-09-15,3276.74,UPI,Success
2182,2182,2026-06-18,909.6,UPI,Success
2183,2183,2024-10-21,313.7,Net Banking,Success
2184,2184,2026-06-09,3067.0,UPI,Success
2185,2185,2025-11-03,3383.68,Debit Card,Success
2186,2186,2026-02-08,136.42,Net Banking,Failed
2187,2187,2025-11-03,2317.4,Debit Card,Success
2188,2188,2026-07-15,263.94,Debit Card,Success
2189,2189,2026-06-21,257.94,Debit Card,Failed
2190,2190,2025-12-10,168.79,Net Banking,Failed
2191,2191,2026-01-14,1310.52,Credit Card,Success
2192,2192,2026-08-21,2199.25,UPI,Success
2193,2193,2025-04-09,832.58,UPI,Success
2194,2194,2025-02-19,3099.94,Credit Card,Failed
2195,2195,2026-08-29,899.47,Debit Card,Success
2196,2196,2025-03-15,433.63,Debit Card,Success
2197,2197,2026-04-13,272.11,Net Banking,Success
2198,2198,2025-08-24,1151.88,UPI,Success
2199,2199,2026-06-02,3813.69,UPI,Success
2200,2200,2026-04-22,244.93,Net Banking,Success
2201,2201,2025-11-03,6284.77,Net Banking,Success
2202,2202,2026-01-30,603.66,Net Banking,Success
2203,2203,2026-06-25,2113.46,Credit Card,Success
2204,2204,2025-06-04,955.22,Net Banking,Failed
2205,2205,2025-10-07,4357.78,Debit Card,Failed
2206,2206,2025-05-12,1494.5,Net Banking,Success
2207,2207,2026-05-12,473.07,Credit Card,Success
2208,2208,2024-11-16,628.35,Credit Card,Refunded
2209,2209,2026-01-14,208.92,Credit Card,Success
2210,2210,2025-05-16,1673.74,UPI,Success
2211,2211,2025-09-23,1024.56,UPI,Success
2212,2212,2025-07-22,136.65,Credit Card,Success
2213,2213,2026-03-01,313.13,Credit Card,Success
2214,2214,2025-11-08,2160.2,Debit Card,Success
2215,2215,2026-02-03,1185.14,Debit Card,Success
2216,2216,2026-01-08,1116.83,Net Banking,Success
2217,2217,2026-07-06,213.61,UPI,Success
2218,2218,2025-11-08,166.81,Net Banking,Success
2219,2219,2026-06-02,1746.86,UPI,Failed
2220,2220,2026-06-09,5903.69,UPI,Success
2221,2221,2026-03-18,1421.03,Credit Card,Success
2222,2222,2025-10-29,946.74,Credit Card,Success
2223,2223,2026-05-14,3246.06,Net Banking,Success
2224,2224,2025-07-09,1024.56,Credit Card,Success
2225,2225,2026-05-27,473.66,Debit Card,Success
2226,2226,2024-08-20,198.5,Debit Card,Success
2227,2227,2026-08-20,637.34,Net Banking,Success
2228,2228,2025-01-26,109.11,UPI,Success
2229,2229,2025-06-21,600.41,UPI,Success
2230,2230,2024-10-30,509.73,Debit Card,Success
2231,2231,2026-03-30,250.18,Debit Card,Success
2232,2232,2025-02-21,221.75,Credit Card,Success
2233,2233,2026-01-08,2808.57,Debit Card,Success
2234,2234,2026-03-15,1272.69,UPI,Success
2235,2235,2025-06-28,386.52,UPI,Success
2236,2236,2026-04-05,659.21,Credit Card,Success
2237,2237,2026-04-30,564.65,Net Banking,Success
2238,2238,2024-09-24,2871.41,Net Banking,Success
2239,2239,2026-04-05,5545.04,Net Banking,Success
2240,2240,2025-04-02,479.88,Net Banking,Success
2241,2241,2026-03-17,2366.13,UPI,Success
2242,2242,2026-07-05,105.58,UPI,Success
2243,2243,2025-05-15,2441.29,UPI,Success
2244,2244,2025-07-18,1583.31,Net Banking,Success
2245,2245,2024-10-15,704.07,UPI,Success
2246,2246,2026-03-27,543.06,Net Banking,Success
2247,2247,2025-06-09,2260.09,UPI,Success
2248,2248,2025-09-23,564.53,UPI,Success
2249,2249,2026-08-17,2291.82,UPI,Success
2250,2250,2025-11-28,761.31,Debit Card,Success
2251,2251,2025-11-03,177.94,Debit Card,Success
2252,2252,2026-05-25,59.81,UPI,Success
2253,2253,2025-09-17,379.97,Credit Card,Success
2254,2254,2026-07-29,332.28,Credit Card,Success
2255,2255,2026-04-22,3436.8,Debit Card,Success
2256,2256,2026-04-16,390.1,UPI,Success
2257,2257,2026-02-22,742.32,Debit Card,Success
2258,2258,2026-05-24,774.63,UPI,Success
2259,2259,2026-06-18,615.9,Credit Card,Success
2260,2260,2025-03-22,141.26,Net Banking,Failed
2261,2261,2025-01-08,1319.84,Debit Card,Refunded
2262,2262,2025-12-20,1245.38,UPI,Success
2263,2263,2025-04-28,540.57,Net Banking,Failed
2264,2264,2025-03-05,243.52,Debit Card,Failed
2265,2265,2025-04-25,658.52,Net Banking,Success
2266,2266,2025-01-24,1573.16,Net Banking,Success
2267,2267,2025-03-25,164.83,Credit Card,Success
2268,2268,2026-02-24,1299.88,Credit Card,Success
2269,2269,2026-03-28,335.67,Net Banking,Success
2270,2270,2025-09-11,3871.46,Net Banking,Success
2271,2271,2026-04-19,3120.13,Debit Card,Success
2272,2272,2025-06-09,3104.42,Net Banking,Success
2273,2273,2026-04-19,416.12,Net Banking,Success
2274,2274,2026-05-02,2547.47,UPI,Success
2275,2275,2026-06-13,308.18,Credit Card,Success
2276,2276,2026-03-25,2724.8,Debit Card,Success
2277,2277,2026-06-14,1061.0,Net Banking,Success
2278,2278,2025-10-23,1303.59,UPI,Success
2279,2279,2026-08-05,1300.87,Credit Card,Success
2280,2280,2026-01-22,756.9,Debit Card,Success
2281,2281,2025-10-23,52.9,UPI,Success
2282,2282,2025-03-15,1277.46,UPI,Success
2283,2283,2025-11-02,345.14,Credit Card,Success
2284,2284,2026-03-25,1431.17,UPI,Failed
2285,2285,2026-07-02,158.57,Net Banking,Success
2286,2286,2026-04-03,194.77,Credit Card,Success
2287,2287,2025-11-24,2676.64,Debit Card,Success
2288,2288,2025-08-02,2747.32,UPI,Failed
2289,2289,2025-11-04,181.41,Debit Card,Success
2290,2290,2026-05-08,52.86,Net Banking,Success
2291,2291,2026-01-22,3090.85,Net Banking,Success
2292,2292,2025-09-16,93.33,Credit Card,Success
2293,2293,2024-11-25,3263.38,Net Banking,Success
2294,2294,2024-12-20,52.68,UPI,Success
2295,2295,2024-12-20,1163.5,UPI,Success
2296,2296,2025-07-18,4835.52,Net Banking,Success
2297,2297,2025-05-30,1608.54,Net Banking,Success
2298,2298,2026-01-01,1238.51,Net Banking,Success
2299,2299,2025-05-28,540.21,UPI,Success
2300,2300,2026-04-22,571.36,Debit Card,Success
2301,2301,2025-12-29,1872.59,Debit Card,Failed
2302,2302,2024-06-11,57.67,UPI,Failed
2303,2303,2026-06-14,323.05,Net Banking,Success
2304,2304,2025-04-17,991.2,Net Banking,Failed
2305,2305,2024-04-14,214.76,Credit Card,Success
2306,2306,2024-10-01,550.75,Debit Card,Refunded
2307,2307,2026-02-12,470.87,Net Banking,Success
2308,2308,2026-03-04,1592.2,UPI,Success
2309,2309,2025-05-01,932.91,Credit Card,Success
2310,2310,2025-11-03,1206.12,Net Banking,Success
2311,2311,2025-07-15,969.17,Credit Card,Success
2312,2312,2026-06-10,222.61,Net Banking,Success
2313,2313,2025-05-04,379.51,UPI,Success
2314,2314,2025-08-11,395.43,Net Banking,Success
2315,2315,2024-12-11,2991.8,UPI,Success
2316,2316,2025-08-16,2837.99,UPI,Failed
2317,2317,2025-12-10,5499.53,UPI,Success
2318,2318,2026-08-17,693.03,Net Banking,Success
2319,2319,2025-09-19,567.58,UPI,Success
2320,2320,2025-03-03,3079.56,Debit Card,Success
2321,2321,2025-01-16,207.0,Debit Card,Success
2322,2322,2026-08-28,482.88,Debit Card,Success
2323,2323,2025-04-02,1346.39,UPI,Success
2324,2324,2024-12-25,633.56,UPI,Success
2325,2325,2025-08-06,140.74,Credit Card,Success
2326,2326,2025-12-31,974.88,UPI,Success
2327,2327,2026-08-17,572.4,Credit Card,Success
2328,2328,2026-07-22,3979.46,Credit Card,Success
2329,2329,2025-03-09,401.09,UPI,Success
2330,2330,2025-05-10,443.7,Debit Card,Success
2331,2331,2025-12-05,91.15,UPI,Failed
2332,2332,2025-02-11,1072.57,UPI,Success
2333,2333,2026-06-23,1908.09,Debit Card,Success
2334,2334,2025-07-23,3564.84,UPI,Failed
2335,2335,2026-03-08,390.0,Credit Card,Success
2336,2336,2025-07-01,968.85,Debit Card,Success
2337,2337,2026-04-30,10405.07,Credit Card,Success
2338,2338,2025-07-27,7665.12,UPI,Success
2339,2339,2025-11-01,3952.43,Debit Card,Success
2340,2340,2026-06-14,4920.23,UPI,Failed
2341,2341,2025-04-18,792.5,UPI,Failed
2342,2342,2026-01-01,137.46,Credit Card,Success
2343,2343,2026-03-12,1284.41,UPI,Success
2344,2344,2025-10-08,356.84,Credit Card,Success
2345,2345,2026-03-21,551.77,Credit Card,Success
2346,2346,2026-04-05,1980.38,Net Banking,Success
2347,2347,2026-04-03,2048.39,Credit Card,Success
2348,2348,2026-01-02,1290.51,Credit Card,Success
2349,2349,2026-01-15,880.24,Net Banking,Success
2350,2350,2024-10-23,1648.4,UPI,Success
2351,2351,2026-08-19,520.61,UPI,Success
2352,2352,2026-08-02,1331.25,Net Banking,Success
2353,2353,2026-04-09,2175.94,Net Banking,Success
2354,2354,2026-02-20,3554.69,UPI,Success
2355,2355,2026-05-18,284.61,Net Banking,Success
2356,2356,2026-06-21,1399.73,Credit Card,Success
2357,2357,2025-05-23,4048.88,Credit Card,Success
2358,2358,2025-04-02,990.45,Net Banking,Success
2359,2359,2025-10-03,840.06,UPI,Success
2360,2360,2025-09-09,112.75,UPI,Success
2361,2361,2024-09-14,120.8,UPI,Failed
2362,2362,2026-05-03,2339.43,UPI,Success
2363,2363,2025-11-18,174.85,Credit Card,Success
2364,2364,2025-05-22,5139.88,Credit Card,Success
2365,2365,2025-09-23,2144.97,Debit Card,Refunded
2366,2366,2024-12-17,402.05,UPI,Success
2367,2367,2025-03-18,110.0,Debit Card,Failed
2368,2368,2025-03-25,265.13,Credit Card,Success
2369,2369,2026-07-30,4537.66,Debit Card,Success
2370,2370,2025-10-08,2551.92,Credit Card,Success
2371,2371,2026-01-20,4695.99,Net Banking,Failed
2372,2372,2026-07-17,49.67,Net Banking,Success
2373,2373,2025-10-25,929.55,Debit Card,Success
2374,2374,2025-10-27,114.97,Net Banking,Success
2375,2375,2026-08-31,326.52,Credit Card,Success
2376,2376,2026-05-30,3054.05,Net Banking,Refunded
2377,2377,2026-02-17,2088.75,Net Banking,Success
2378,2378,2024-11-28,84.65,UPI,Success
2379,2379,2025-08-04,282.61,Net Banking,Success
2380,2380,2025-07-06,3406.88,Credit Card,Success
2381,2381,2025-03-29,2058.95,Credit Card,Success
2382,2382,2025-11-29,40.02,Net Banking,Success
2383,2383,2025-10-22,681.93,Credit Card,Failed
2384,2384,2026-03-26,1007.91,UPI,Success
2385,2385,2026-08-18,1464.21,Net Banking,Success
2386,2386,2026-03-30,600.78,Credit Card,Success
2387,2387,2026-01-06,2930.39,UPI,Success
2388,2388,2025-11-26,1464.21,Debit Card,Success
2389,2389,2024-07-04,2674.82,Net Banking,Success
2390,2390,2026-06-19,5734.16,Credit Card,Success
2391,2391,2024-05-22,1475.05,Debit Card,Success
2392,2392,2026-06-22,1141.78,Net Banking,Refunded
2393,2393,2025-07-29,462.8,Debit Card,Success
2394,2394,2025-03-16,2128.75,UPI,Success
2395,2395,2026-06-30,50.89,Net Banking,Failed
2396,2396,2024-07-01,63.89,UPI,Success
2397,2397,2026-01-21,1422.94,Net Banking,Success
2398,2398,2025-02-21,4643.97,UPI,Success
2399,2399,2024-06-23,1117.59,Net Banking,Success
2400,2400,2026-02-08,140.74,UPI,Success
2401,2401,2026-01-31,2220.42,Debit Card,Success
2402,2402,2026-01-20,2085.69,Debit Card,Success
2403,2403,2026-03-30,4399.47,Debit Card,Success
2404,2404,2025-12-18,3460.34,Debit Card,Failed
2405,2405,2025-08-01,1317.12,Debit Card,Success
2406,2406,2026-07-09,3074.88,Net Banking,Success
2407,2407,2026-05-28,229.38,Credit Card,Success
2408,2408,2026-03-28,213.81,Credit Card,Success
2409,2409,2025-06-25,80.64,Debit Card,Success
2410,2410,2025-07-06,3263.3,Credit Card,Success
2411,2411,2026-07-23,2782.67,Debit Card,Success
2412,2412,2025-12-11,953.01,Debit Card,Success
2413,2413,2026-03-16,659.39,Net Banking,Refunded
2414,2414,2026-02-08,864.41,Net Banking,Success
2415,2415,2026-08-17,1601.92,Net Banking,Success
2416,2416,2025-06-14,52.76,Credit Card,Success
2417,2417,2026-01-25,1864.87,Debit Card,Success
2418,2418,2025-12-24,988.3,Debit Card,Success
2419,2419,2025-04-18,298.77,UPI,Success
2420,2420,2025-11-16,41.32,UPI,Success
2421,2421,2026-05-20,589.66,UPI,Success
2422,2422,2026-02-03,607.7,UPI,Success
2423,2423,2026-03-26,464.63,Net Banking,Success
2424,2424,2026-01-13,56.02,UPI,Success
2425,2425,2025-04-11,461.05,Debit Card,Failed
2426,2426,2026-05-26,47.14,Credit Card,Success
2427,2427,2026-08-05,198.18,Net Banking,Success
2428,2428,2026-08-17,5426.91,Debit Card,Success
2429,2429,2025-08-18,188.67,Net Banking,Success
2430,2430,2026-05-12,148.94,UPI,Success
2431,2431,2024-07-26,403.43,Credit Card,Success
2432,2432,2025-02-12,1049.45,Credit Card,Success
2433,2433,2026-08-09,240.56,Net Banking,Success
2434,2434,2024-09-27,4803.91,Net Banking,Success
2435,2435,2025-09-12,343.19,Credit Card,Failed
2436,2436,2025-06-18,516.11,UPI,Success
2437,2437,2025-03-28,219.58,Debit Card,Success
2438,2438,2025-06-27,2130.06,Credit Card,Success
2439,2439,2026-07-12,312.33,Net Banking,Success
2440,2440,2025-10-09,271.53,UPI,Success
2441,2441,2026-03-22,3476.56,Net Banking,Success
2442,2442,2026-02-13,237.67,Debit Card,Failed
2443,2443,2025-08-29,3396.85,UPI,Failed
2444,2444,2026-04-10,3031.73,Credit Card,Success
2445,2445,2026-07-31,566.5,Net Banking,Success
2446,2446,2025-12-28,3400.1,Net Banking,Success
2447,2447,2025-07-31,1407.4,Debit Card,Success
2448,2448,2026-06-02,947.57,UPI,Success
2449,2449,2026-01-13,666.08,UPI,Success
2450,2450,2025-12-11,2841.88,UPI,Success
2451,2451,2025-05-11,49.19,Net Banking,Success
2452,2452,2025-08-28,2895.38,Net Banking,Success
2453,2453,2025-07-21,89.05,Credit Card,Success
2454,2454,2026-06-05,675.18,Credit Card,Success
2455,2455,2025-07-17,1855.11,UPI,Success
2456,2456,2025-02-15,438.64,Credit Card,Success
2457,2457,2026-07-14,4784.2,UPI,Success
2458,2458,2026-02-21,2215.86,Net Banking,Failed
2459,2459,2025-07-08,3627.74,Credit Card,Success
2460,2460,2025-10-19,397.03,Debit Card,Success
2461,2461,2025-04-26,3365.32,Net Banking,Success
2462,2462,2026-08-21,1168.25,Debit Card,Success
2463,2463,2025-09-13,44.52,Net Banking,Success
2464,2464,2026-02-15,295.57,Debit Card,Success
2465,2465,2026-01-19,90.69,Net Banking,Success
2466,2466,2026-03-26,1215.55,Credit Card,Success
2467,2467,2026-04-25,517.98,UPI,Refunded
2468,2468,2024-11-11,166.72,Net Banking,Success
2469,2469,2025-07-09,306.52,Net Banking,Success
2470,2470,2025-05-16,137.66,Debit Card,Failed
2471,2471,2024-08-26,335.27,UPI,Success
2472,2472,2026-01-08,62.12,Debit Card,Success
2473,2473,2026-06-17,241.92,Credit Card,Failed
2474,2474,2025-10-25,3207.05,Debit Card,Success
2475,2475,2025-08-23,370.03,Net Banking,Success
2476,2476,2026-07-03,890.59,Credit Card,Success
2477,2477,2024-06-02,458.67,UPI,Success
2478,2478,2026-03-17,3134.92,Credit Card,Success
2479,2479,2026-07-11,63.98,Net Banking,Success
2480,2480,2026-05-25,193.58,Credit Card,Success
2481,2481,2026-01-31,647.74,Debit Card,Success
2482,2482,2024-11-12,2519.86,Debit Card,Refunded
2483,2483,2025-05-18,487.11,Net Banking,Success
2484,2484,2026-03-04,796.83,Credit Card,Success
2485,2485,2026-04-18,921.64,Net Banking,Success
2486,2486,2026-03-10,492.01,Net Banking,Success
2487,2487,2026-02-20,342.75,Credit Card,Success
2488,2488,2026-03-10,4531.16,Net Banking,Success
2489,2489,2025-09-08,197.04,UPI,Success
2490,2490,2026-08-29,3245.44,UPI,Success
2491,2491,2026-01-22,112.54,Net Banking,Success
2492,2492,2025-10-14,96.38,UPI,Success
2493,2493,2026-07-23,1259.88,Debit Card,Success
2494,2494,2025-10-16,75.36,Credit Card,Success
2495,2495,2026-02-05,182.61,Debit Card,Success
2496,2496,2026-06-09,5367.71,Net Banking,Success
2497,2497,2025-10-03,2156.85,Credit Card,Success
2498,2498,2025-02-17,656.45,Credit Card,Success
2499,2499,2026-04-29,3009.67,UPI,Success
2500,2500,2026-05-20,664.19,Credit Card,Success
2501,2501,2026-05-26,345.83,UPI,Success
2502,2502,2025-12-05,211.16,Debit Card,Success
2503,2503,2024-06-15,2396.68,Credit Card,Success
2504,2504,2026-08-12,1567.26,Net Banking,Success
2505,2505,2026-07-22,519.05,UPI,Success
2506,2506,2025-10-15,3688.54,Credit Card,Success
2507,2507,2025-07-18,94.33,UPI,Failed
2508,2508,2024-10-03,2718.13,Credit Card,Success
2509,2509,2025-11-25,733.86,Credit Card,Success
2510,2510,2026-04-05,519.07,Net Banking,Success
2511,2511,2025-09-15,775.51,Debit Card,Success
2512,2512,2025-09-08,5363.72,Net Banking,Success
2513,2513,2026-08-22,4218.47,UPI,Success
2514,2514,2025-05-08,241.92,Debit Card,Failed
2515,2515,2025-11-28,345.0,Credit Card,Success
2516,2516,2026-03-13,554.3,Credit Card,Success
2517,2517,2024-12-21,1838.58,Credit Card,Success
2518,2518,2026-05-09,3747.81,Net Banking,Success
2519,2519,2024-10-06,199.18,Credit Card,Success
2520,2520,2025-12-03,473.02,Net Banking,Success
2521,2521,2026-01-04,1024.36,Credit Card,Success
2522,2522,2025-09-15,251.61,Credit Card,Success
2523,2523,2025-03-09,2291.2,Net Banking,Success
2524,2524,2026-06-07,379.85,Credit Card,Success
2525,2525,2025-09-01,995.74,Net Banking,Success
2526,2526,2026-07-04,3742.27,Credit Card,Success
2527,2527,2024-07-29,166.04,Net Banking,Success
2528,2528,2024-04-15,1135.65,Net Banking,Failed
2529,2529,2026-04-17,2839.34,Debit Card,Success
2530,2530,2026-05-26,734.98,Credit Card,Success
2531,2531,2025-11-23,1869.35,Debit Card,Success
2532,2532,2025-06-09,1766.04,Credit Card,Success
2533,2533,2024-04-28,632.06,UPI,Failed
2534,2534,2025-05-28,637.23,Debit Card,Success
2535,2535,2026-06-02,44.53,Net Banking,Success
2536,2536,2026-02-10,6246.8,UPI,Success
2537,2537,2024-03-17,588.5,Debit Card,Success
2538,2538,2026-04-26,1864.8,UPI,Success
2539,2539,2025-02-28,2891.28,Net Banking,Success
2540,2540,2026-05-27,405.97,Credit Card,Success
2541,2541,2026-08-19,339.25,Debit Card,Failed
2542,2542,2026-03-23,1406.31,Debit Card,Success
2543,2543,2026-01-20,629.1,Net Banking,Success
2544,2544,2026-07-15,240.82,Net Banking,Success
2545,2545,2026-03-14,188.65,Credit Card,Success
2546,2546,2025-08-07,197.56,UPI,Success
2547,2547,2026-04-14,486.62,UPI,Refunded
2548,2548,2025-01-10,221.47,Net Banking,Success
2549,2549,2025-10-07,3213.94,Net Banking,Success
2550,2550,2025-02-06,496.25,Credit Card,Success
2551,2551,2025-07-18,1757.76,Net Banking,Failed
2552,2552,2025-05-08,56.03,UPI,Success
2553,2553,2026-08-01,2007.82,Net Banking,Success
2554,2554,2025-11-24,966.46,Credit Card,Success
2555,2555,2025-11-30,1359.14,UPI,Success
2556,2556,2026-01-15,347.03,Credit Card,Success
2557,2557,2025-03-23,365.13,UPI,Success
2558,2558,2026-04-01,1500.71,UPI,Success
2559,2559,2025-11-01,168.17,Net Banking,Success
2560,2560,2025-11-29,3092.78,Net Banking,Success
2561,2561,2025-11-29,1630.52,Net Banking,Success
2562,2562,2024-12-19,198.74,Debit Card,Success
2563,2563,2025-09-03,3358.47,Debit Card,Failed
2564,2564,2026-06-24,3781.59,Credit Card,Success
2565,2565,2026-04-28,2728.26,Credit Card,Success
2566,2566,2025-03-18,933.53,Net Banking,Success
2567,2567,2026-04-10,82.42,Net Banking,Success
2568,2568,2026-03-01,546.61,Debit Card,Success
2569,2569,2025-08-21,1276.32,UPI,Success
2570,2570,2025-11-11,2842.06,Credit Card,Failed
2571,2571,2026-01-29,695.06,Credit Card,Success
2572,2572,2026-06-09,3655.68,Net Banking,Failed
2573,2573,2025-09-23,3275.62,UPI,Success
2574,2574,2025-05-29,2661.23,Debit Card,Success
2575,2575,2026-08-20,6613.17,Debit Card,Success
2576,2576,2025-12-26,85.38,Net Banking,Success
2577,2577,2024-12-01,2712.17,Credit Card,Success
2578,2578,2026-04-27,222.19,Debit Card,Success
2579,2579,2026-06-24,3341.42,Credit Card,Success
2580,2580,2025-09-18,1565.2,Credit Card,Success
2581,2581,2026-04-11,144.47,Debit Card,Success
2582,2582,2026-03-01,503.67,Net Banking,Success
2583,2583,2026-04-25,7852.61,Credit Card,Success
2584,2584,2026-03-10,869.31,Net Banking,Success
2585,2585,2025-10-16,150.72,Credit Card,Refunded
2586,2586,2026-01-20,69.51,Debit Card,Success
2587,2587,2025-04-29,1393.17,UPI,Success
2588,2588,2025-04-16,209.26,Net Banking,Success
2589,2589,2025-12-27,547.18,UPI,Success
2590,2590,2025-10-29,459.7,Debit Card,Success
2591,2591,2026-08-05,258.7,UPI,Success
2592,2592,2025-10-14,5668.93,UPI,Success
2593,2593,2026-07-06,83.87,Credit Card,Success
2594,2594,2024-09-04,201.87,Net Banking,Success
2595,2595,2024-11-24,2162.45,UPI,Success
2596,2596,2026-03-19,3529.32,Debit Card,Success
2597,2597,2025-08-14,1608.99,Debit Card,Success
2598,2598,2024-11-08,330.34,UPI,Success
2599,2599,2026-04-04,3973.4,UPI,Success
2600,2600,2024-12-11,397.34,Credit Card,Success
2601,2601,2026-02-04,854.74,UPI,Success
2602,2602,2026-07-02,367.17,Debit Card,Success
2603,2603,2026-06-27,3959.52,Debit Card,Success
2604,2604,2025-01-02,4327.05,Net Banking,Success
2605,2605,2024-10-26,3459.79,Debit Card,Success
2606,2606,2026-04-13,465.54,Net Banking,Success
2607,2607,2025-11-08,125.72,Debit Card,Failed
2608,2608,2026-06-27,468.85,Credit Card,Success
2609,2609,2025-05-02,200.87,UPI,Success
2610,2610,2025-05-25,1317.41,Net Banking,Refunded
2611,2611,2026-07-22,1202.05,Debit Card,Success
2612,2612,2026-07-08,342.31,Debit Card,Success
2613,2613,2025-12-22,557.23,UPI,Success
2614,2614,2026-04-24,836.03,Debit Card,Failed
2615,2615,2025-11-28,1800.2,UPI,Success
2616,2616,2025-05-08,62.19,Net Banking,Refunded
2617,2617,2025-04-01,699.96,Net Banking,Success
2618,2618,2025-04-18,284.82,Credit Card,Success
2619,2619,2026-01-05,4623.24,Credit Card,Success
2620,2620,2025-11-04,1912.3,UPI,Failed
2621,2621,2026-08-29,443.66,Debit Card,Success
2622,2622,2025-09-23,122.17,UPI,Success
2623,2623,2026-04-22,5385.37,Credit Card,Success
2624,2624,2026-04-15,921.54,Credit Card,Success
2625,2625,2025-04-13,392.7,Debit Card,Failed
2626,2626,2025-05-29,330.29,Net Banking,Success
2627,2627,2025-09-19,5324.07,Credit Card,Success
2628,2628,2025-06-29,66.16,Net Banking,Success
2629,2629,2026-08-20,414.6,Net Banking,Refunded
2630,2630,2024-08-17,896.27,Net Banking,Success
2631,2631,2026-08-08,2960.69,Net Banking,Success
2632,2632,2025-01-23,192.71,UPI,Success
2633,2633,2024-10-28,511.49,Debit Card,Success
2634,2634,2025-01-14,606.68,Net Banking,Success
2635,2635,2025-12-10,439.9,Debit Card,Success
2636,2636,2026-02-14,1750.06,Debit Card,Success
2637,2637,2026-07-09,1230.8,UPI,Success
2638,2638,2024-09-29,557.33,Net Banking,Success
2639,2639,2026-05-29,229.94,Debit Card,Success
2640,2640,2026-04-01,2295.7,Debit Card,Success
2641,2641,2024-09-21,664.94,UPI,Success
2642,2642,2026-08-23,413.45,Debit Card,Failed
2643,2643,2025-07-12,2345.17,UPI,Success
2644,2644,2026-06-18,118.37,Credit Card,Success
2645,2645,2026-04-20,2874.05,UPI,Success
2646,2646,2025-02-19,4422.42,Debit Card,Failed
2647,2647,2025-12-19,1709.49,Credit Card,Success
2648,2648,2026-06-09,312.63,Credit Card,Success
2649,2649,2025-12-28,2740.76,UPI,Success
2650,2650,2025-02-04,237.18,Credit Card,Success
2651,2651,2025-09-27,999.36,Credit Card,Success
2652,2652,2026-04-09,282.59,Debit Card,Success
2653,2653,2025-12-18,762.87,Net Banking,Success
2654,2654,2026-03-26,488.19,Debit Card,Success
2655,2655,2026-01-02,376.0,UPI,Success
2656,2656,2025-10-28,4435.31,UPI,Success
2657,2657,2025-11-09,3271.68,Net Banking,Success
2658,2658,2026-06-06,739.24,Credit Card,Success
2659,2659,2025-04-15,425.82,UPI,Success
2660,2660,2026-07-21,393.31,Debit Card,Refunded
2661,2661,2026-06-26,1197.11,Credit Card,Success
2662,2662,2026-06-05,2368.04,UPI,Success
2663,2663,2026-02-28,2754.77,Net Banking,Success
2664,2664,2025-12-10,1127.95,Net Banking,Success
2665,2665,2026-03-25,869.06,Debit Card,Success
2666,2666,2026-08-24,207.69,Net Banking,Failed
2667,2667,2026-01-11,1055.41,UPI,Success
2668,2668,2026-02-02,712.62,UPI,Success
2669,2669,2026-05-13,1219.45,Net Banking,Failed
2670,2670,2026-05-18,1301.36,Net Banking,Success
2671,2671,2026-02-15,3184.26,UPI,Success
2672,2672,2026-08-14,2045.79,Net Banking,Success
2673,2673,2026-04-29,366.51,Net Banking,Success
2674,2674,2025-03-23,4129.93,Credit Card,Success
2675,2675,2026-01-30,2494.52,Debit Card,Failed
2676,2676,2025-11-14,1825.92,Debit Card,Success
2677,2677,2024-02-26,2283.93,Net Banking,Success
2678,2678,2026-04-09,915.65,Debit Card,Success
2679,2679,2026-05-22,150.72,Net Banking,Success
2680,2680,2026-08-05,1183.8,Credit Card,Success
2681,2681,2025-08-03,315.67,Net Banking,Success
2682,2682,2025-07-21,3227.82,UPI,Success
2683,2683,2025-12-25,3705.18,UPI,Success
2684,2684,2025-05-14,307.32,Debit Card,Success
2685,2685,2026-08-10,412.13,Debit Card,Success
2686,2686,2026-05-30,194.22,Credit Card,Success
2687,2687,2026-04-09,325.64,UPI,Failed
2688,2688,2024-07-25,1638.69,Credit Card,Refunded
2689,2689,2025-05-27,315.67,UPI,Success
2690,2690,2026-04-05,334.17,Credit Card,Success
2691,2691,2026-07-10,338.74,Net Banking,Success
2692,2692,2026-07-16,57.16,Credit Card,Success
2693,2693,2026-05-30,73.2,Debit Card,Success
2694,2694,2024-10-04,242.95,Credit Card,Success
2695,2695,2024-09-25,2535.19,Credit Card,Success
2696,2696,2025-05-18,3598.48,Debit Card,Success
2697,2697,2026-03-27,501.91,Net Banking,Success
2698,2698,2026-06-01,1616.36,UPI,Success
2699,2699,2026-04-14,385.09,Debit Card,Success
2700,2700,2025-05-04,123.96,UPI,Success
2701,2701,2024-11-24,1075.45,Debit Card,Success
2702,2702,2025-07-20,2625.01,Net Banking,Success
2703,2703,2026-06-09,536.64,Credit Card,Success
2704,2704,2025-12-26,1018.15,Credit Card,Success
2705,2705,2025-08-06,1376.07,Debit Card,Success
2706,2706,2025-12-06,234.06,Debit Card,Success
2707,2707,2025-08-21,263.79,Debit Card,Success
2708,2708,2026-04-23,150.83,Credit Card,Success
2709,2709,2025-09-17,277.23,Credit Card,Success
2710,2710,2026-06-03,57.2,UPI,Success
2711,2711,2026-03-03,1192.61,Net Banking,Success
2712,2712,2026-06-12,178.28,Credit Card,Success
2713,2713,2024-11-30,4416.01,Net Banking,Refunded
2714,2714,2025-12-02,2972.88,UPI,Success
2715,2715,2025-10-27,2138.34,Credit Card,Success
2716,2716,2026-06-12,1054.54,Debit Card,Refunded
2717,2717,2025-03-30,231.08,Net Banking,Success
2718,2718,2026-01-08,3734.44,Credit Card,Success
2719,2719,2026-07-17,93.05,Debit Card,Success
2720,2720,2025-05-15,1863.66,Credit Card,Success
2721,2721,2026-02-08,2553.76,Debit Card,Success
2722,2722,2025-09-26,521.7,Credit Card,Success
2723,2723,2025-09-30,660.21,Credit Card,Success
2724,2724,2025-11-28,562.53,Net Banking,Success
2725,2725,2026-02-13,952.88,Credit Card,Success
2726,2726,2026-08-08,4236.99,UPI,Refunded
2727,2727,2026-03-06,3208.82,UPI,Refunded
2728,2728,2025-11-28,509.36,Net Banking,Success
2729,2729,2025-08-15,149.0,Net Banking,Success
2730,2730,2026-04-08,425.66,Net Banking,Success
2731,2731,2025-10-06,3595.09,Net Banking,Success
2732,2732,2026-04-12,3227.58,UPI,Success
2733,2733,2024-07-19,980.55,Net Banking,Failed
2734,2734,2025-12-25,5178.85,UPI,Success
2735,2735,2026-03-20,505.62,Credit Card,Success
2736,2736,2026-04-13,126.69,Net Banking,Success
2737,2737,2025-01-06,149.0,Net Banking,Success
2738,2738,2026-06-24,2201.57,Debit Card,Failed
2739,2739,2026-02-01,600.08,Credit Card,Failed
2740,2740,2026-06-14,2579.79,Debit Card,Success
2741,2741,2024-10-15,3371.8,UPI,Success
2742,2742,2026-06-12,3395.61,Net Banking,Success
2743,2743,2025-12-08,856.49,Credit Card,Success
2744,2744,2025-11-26,3282.76,Net Banking,Success
2745,2745,2024-09-22,1772.9,Debit Card,Success
2746,2746,2026-01-13,156.84,Debit Card,Success
2747,2747,2026-08-06,91.44,Net Banking,Success
2748,2748,2026-03-15,2365.73,UPI,Success
2749,2749,2025-02-07,1706.92,Debit Card,Success
2750,2750,2026-05-24,339.44,Credit Card,Success
2751,2751,2026-06-19,536.04,UPI,Success
2752,2752,2025-09-24,3615.6,Net Banking,Success
2753,2753,2025-11-20,1265.53,Credit Card,Success
2754,2754,2026-04-29,1304.63,Net Banking,Success
2755,2755,2026-03-08,1934.95,Debit Card,Success
2756,2756,2026-01-02,1913.04,UPI,Success
2757,2757,2025-12-11,1202.81,Debit Card,Success
2758,2758,2024-08-31,454.77,UPI,Success
2759,2759,2026-06-01,4466.45,Debit Card,Success
2760,2760,2025-08-13,3303.02,Debit Card,Success
2761,2761,2025-01-11,853.06,Net Banking,Success
2762,2762,2026-05-10,648.09,Net Banking,Success
2763,2763,2024-07-27,242.63,Debit Card,Success
2764,2764,2025-06-29,3349.04,Net Banking,Success
2765,2765,2025-07-30,4194.29,UPI,Success
2766,2766,2024-10-16,29.28,Debit Card,Refunded
2767,2767,2025-06-21,640.93,Net Banking,Success
2768,2768,2026-01-21,125.78,Debit Card,Success
2769,2769,2026-07-12,341.61,UPI,Success
2770,2770,2026-03-12,1861.54,Debit Card,Success
2771,2771,2026-03-14,278.51,Credit Card,Success
2772,2772,2026-04-07,246.09,Credit Card,Success
2773,2773,2026-05-28,3644.53,UPI,Success
2774,2774,2026-01-25,417.57,Net Banking,Success
2775,2775,2026-05-16,590.96,Net Banking,Failed
2776,2776,2026-04-19,86.23,UPI,Success
2777,2777,2026-01-08,2613.18,Debit Card,Success
2778,2778,2025-07-24,394.75,Net Banking,Success
2779,2779,2026-08-13,171.19,UPI,Success
2780,2780,2025-10-31,2802.38,UPI,Failed
2781,2781,2026-04-15,538.78,Credit Card,Success
2782,2782,2024-08-02,1072.87,UPI,Success
2783,2783,2026-06-04,5410.58,UPI,Success
2784,2784,2025-02-23,1210.29,UPI,Success
2785,2785,2025-02-24,286.78,Net Banking,Failed
2786,2786,2025-01-25,1147.12,UPI,Success
2787,2787,2025-04-28,97.38,UPI,Success
2788,2788,2026-06-29,218.04,Credit Card,Success
2789,2789,2025-03-29,370.83,Credit Card,Success
2790,2790,2025-07-24,323.05,Debit Card,Failed
2791,2791,2026-07-11,2178.81,Credit Card,Success
2792,2792,2025-06-29,263.47,Debit Card,Success
2793,2793,2026-03-21,207.25,UPI,Success
2794,2794,2025-10-12,943.9,Debit Card,Success
2795,2795,2025-01-04,3997.09,Credit Card,Success
2796,2796,2025-03-29,454.52,Net Banking,Failed
2797,2797,2026-01-02,1057.64,Debit Card,Success
2798,2798,2025-11-22,338.26,UPI,Failed
2799,2799,2026-04-02,1281.9,Debit Card,Success
2800,2800,2026-02-07,2036.03,Debit Card,Failed
2801,2801,2025-11-24,305.88,UPI,Success
2802,2802,2026-08-19,3490.95,Credit Card,Success
2803,2803,2026-01-01,95.98,Debit Card,Success
2804,2804,2024-06-12,766.64,Credit Card,Success
2805,2805,2025-02-04,1746.1,UPI,Success
2806,2806,2025-09-05,2441.0,UPI,Success
2807,2807,2026-01-22,4174.53,Credit Card,Failed
2808,2808,2026-04-01,1431.64,UPI,Success
2809,2809,2024-11-21,1758.66,Net Banking,Success
2810,2810,2025-03-14,2201.13,Net Banking,Success
2811,2811,2026-06-15,1908.54,Debit Card,Success
2812,2812,2025-09-12,88.88,UPI,Success
2813,2813,2026-01-16,574.95,Credit Card,Success
2814,2814,2025-08-24,171.49,Debit Card,Success
2815,2815,2025-08-27,2047.05,Net Banking,Success
2816,2816,2025-08-15,342.57,Credit Card,Failed
2817,2817,2026-06-13,342.79,Net Banking,Success
2818,2818,2025-12-01,1259.54,Net Banking,Success
2819,2819,2026-07-15,1797.13,Debit Card,Success
2820,2820,2025-11-07,715.78,Debit Card,Failed
2821,2821,2026-02-01,394.42,Net Banking,Success
2822,2822,2025-12-01,5030.65,Credit Card,Success
2823,2823,2025-01-13,62.12,Debit Card,Success
2824,2824,2026-02-14,4335.33,UPI,Success
2825,2825,2025-08-11,456.08,UPI,Success
2826,2826,2026-01-10,4614.67,UPI,Success
2827,2827,2025-10-04,882.99,Debit Card,Success
2828,2828,2024-11-05,392.44,Debit Card,Success
2829,2829,2025-06-16,1154.28,Credit Card,Failed
2830,2830,2025-06-25,100.43,Credit Card,Success
2831,2831,2026-08-03,361.68,UPI,Success
2832,2832,2026-01-08,93.18,Net Banking,Success
2833,2833,2025-03-19,1081.48,Net Banking,Success
2834,2834,2026-03-12,2190.84,UPI,Refunded
2835,2835,2026-06-12,88.97,Net Banking,Failed
2836,2836,2024-12-02,5239.49,Credit Card,Success
2837,2837,2025-09-26,1138.4,Net Banking,Refunded
2838,2838,2026-03-15,883.4,Credit Card,Success
2839,2839,2026-06-10,769.22,Net Banking,Success
2840,2840,2025-04-20,270.38,Credit Card,Success
2841,2841,2025-06-05,733.03,UPI,Success
2842,2842,2024-04-15,157.95,Credit Card,Success
2843,2843,2025-12-10,286.92,UPI,Success
2844,2844,2025-07-20,82.42,Debit Card,Success
2845,2845,2026-04-22,2865.83,Credit Card,Success
2846,2846,2026-08-08,265.48,Credit Card,Refunded
2847,2847,2025-07-31,7459.08,UPI,Success
2848,2848,2026-08-25,3315.06,Debit Card,Success
2849,2849,2026-03-05,959.15,Credit Card,Success
2850,2850,2025-12-13,290.31,Net Banking,Success
2851,2851,2026-04-17,2658.68,Debit Card,Success
2852,2852,2025-08-16,2669.63,Net Banking,Failed
2853,2853,2024-04-27,3241.02,Net Banking,Success
2854,2854,2025-10-24,2475.27,Net Banking,Refunded
2855,2855,2024-12-15,231.58,Credit Card,Success
2856,2856,2026-02-11,2339.89,Credit Card,Success
2857,2857,2026-06-30,3723.35,Credit Card,Success
2858,2858,2025-10-09,3072.72,UPI,Success
2859,2859,2025-08-18,198.8,UPI,Success
2860,2860,2026-05-16,2549.69,Net Banking,Success
2861,2861,2026-03-24,908.76,Debit Card,Success
2862,2862,2025-10-01,738.43,UPI,Failed
2863,2863,2025-10-07,2821.12,Credit Card,Success
2864,2864,2026-02-11,152.55,UPI,Success
2865,2865,2026-01-22,267.42,UPI,Success
2866,2866,2026-03-17,3347.24,Net Banking,Success
2867,2867,2025-10-26,1309.56,Debit Card,Success
2868,2868,2025-11-13,2232.35,Credit Card,Success
2869,2869,2026-01-20,1139.1,Net Banking,Success
2870,2870,2026-04-27,169.37,Net Banking,Success
2871,2871,2026-07-23,77.84,Net Banking,Success
2872,2872,2026-05-03,53.22,Credit Card,Success
2873,2873,2025-07-05,256.86,Credit Card,Success
2874,2874,2026-03-14,89.46,Net Banking,Success
2875,2875,2025-11-06,102.87,Debit Card,Success
2876,2876,2025-12-06,2119.91,Debit Card,Success
2877,2877,2025-12-03,918.32,Credit Card,Success
2878,2878,2026-01-14,569.46,Credit Card,Success
2879,2879,2025-12-17,226.21,Credit Card,Success
2880,2880,2025-10-17,2012.62,UPI,Success
2881,2881,2025-02-24,233.53,Debit Card,Success
2882,2882,2025-11-25,1277.23,Credit Card,Success
2883,2883,2026-04-11,549.25,Credit Card,Success
2884,2884,2026-01-17,188.19,Credit Card,Success
2885,2885,2026-05-29,2494.23,UPI,Success
2886,2886,2026-08-17,1229.79,Debit Card,Success
2887,2887,2025-02-05,232.5,Debit Card,Success
2888,2888,2024-09-04,95.34,Credit Card,Success
2889,2889,2025-07-17,4326.72,UPI,Success
2890,2890,2025-06-04,427.28,Credit Card,Success
2891,2891,2026-08-05,3933.65,Debit Card,Success
2892,2892,2025-01-05,545.06,Net Banking,Success
2893,2893,2025-09-02,315.32,Credit Card,Success
2894,2894,2024-12-21,3140.86,Net Banking,Failed
2895,2895,2025-09-12,595.01,UPI,Success
2896,2896,2026-05-04,2359.37,UPI,Success
2897,2897,2024-08-09,74.95,UPI,Success
2898,2898,2025-12-30,2800.76,UPI,Success
2899,2899,2024-07-22,114.97,Debit Card,Success
2900,2900,2025-02-28,1248.8,Net Banking,Failed
2901,2901,2025-11-08,3238.08,Net Banking,Success
2902,2902,2025-04-06,3420.77,Credit Card,Refunded
2903,2903,2025-01-28,2957.1,Debit Card,Success
2904,2904,2025-09-03,3073.16,UPI,Success
2905,2905,2026-04-07,750.04,UPI,Success
2906,2906,2025-11-08,1354.03,Net Banking,Success
2907,2907,2024-10-14,206.52,UPI,Success
2908,2908,2024-12-19,1938.69,Debit Card,Success
2909,2909,2026-05-30,3876.72,Debit Card,Success
2910,2910,2026-01-19,1309.45,Debit Card,Success
2911,2911,2026-02-09,377.74,Debit Card,Success
2912,2912,2025-07-04,2825.62,Debit Card,Success
2913,2913,2025-06-02,411.26,Credit Card,Success
2914,2914,2026-04-15,2372.33,Debit Card,Success
2915,2915,2025-05-12,368.72,Net Banking,Success
2916,2916,2025-03-08,476.31,UPI,Refunded
2917,2917,2025-03-03,378.43,UPI,Success
2918,2918,2026-01-10,211.55,UPI,Success
2919,2919,2024-12-26,941.74,Credit Card,Success
2920,2920,2025-08-16,1120.07,Credit Card,Success
2921,2921,2026-06-22,1234.4,Debit Card,Success
2922,2922,2026-06-03,41.85,Debit Card,Success
2923,2923,2026-04-24,681.14,UPI,Success
2924,2924,2025-01-23,369.92,Credit Card,Success
2925,2925,2025-03-29,157.69,Net Banking,Success
2926,2926,2024-07-28,5407.78,Debit Card,Success
2927,2927,2025-03-22,3027.06,Net Banking,Success
2928,2928,2026-07-27,164.06,Net Banking,Success
2929,2929,2026-06-09,499.82,UPI,Failed
2930,2930,2024-10-21,326.52,Net Banking,Success
2931,2931,2026-07-10,171.59,UPI,Success
2932,2932,2024-12-06,468.12,UPI,Success
2933,2933,2024-06-27,237.63,Debit Card,Success
2934,2934,2026-06-22,104.87,Debit Card,Success
2935,2935,2025-10-27,488.94,UPI,Failed
2936,2936,2026-05-10,57.49,UPI,Success
2937,2937,2025-03-27,2320.17,Credit Card,Success
2938,2938,2024-05-20,344.07,Net Banking,Success
2939,2939,2025-12-21,197.05,Debit Card,Success
2940,2940,2025-03-25,295.56,UPI,Success
2941,2941,2026-07-11,2065.46,Credit Card,Failed
2942,2942,2026-02-21,1644.97,Debit Card,Success
2943,2943,2026-05-02,149.9,Credit Card,Success
2944,2944,2026-05-02,991.77,Credit Card,Success
2945,2945,2026-03-14,5374.16,UPI,Success
2946,2946,2025-04-26,400.35,Net Banking,Success
2947,2947,2026-07-28,824.94,Credit Card,Success
2948,2948,2025-10-21,456.01,Credit Card,Success
2949,2949,2026-07-16,4549.58,UPI,Success
2950,2950,2024-12-12,545.72,Debit Card,Success
2951,2951,2025-05-26,3487.57,Net Banking,Failed
2952,2952,2026-01-06,1200.63,Credit Card,Refunded
2953,2953,2026-01-01,4399.47,UPI,Success
2954,2954,2025-05-15,150.4,UPI,Success
2955,2955,2025-12-06,4562.56,Net Banking,Success
2956,2956,2026-01-19,1069.09,UPI,Success
2957,2957,2026-07-28,630.64,Debit Card,Success
2958,2958,2026-07-08,2747.69,UPI,Success
2959,2959,2026-01-01,138.79,Debit Card,Success
2960,2960,2026-03-28,2923.19,UPI,Success
2961,2961,2025-11-17,491.0,Credit Card,Success
2962,2962,2025-04-20,3545.64,UPI,Failed
2963,2963,2026-01-08,653.4,Net Banking,Success
2964,2964,2025-11-15,149.28,Net Banking,Success
2965,2965,2026-06-07,1677.55,Net Banking,Success
2966,2966,2025-09-20,2286.1,Net Banking,Success
2967,2967,2026-07-30,527.72,UPI,Success
2968,2968,2026-03-16,4352.52,Credit Card,Success
2969,2969,2024-06-12,435.32,Debit Card,Success
2970,2970,2025-07-01,1343.05,Net Banking,Success
2971,2971,2025-06-05,663.27,UPI,Success
2972,2972,2024-12-30,837.01,UPI,Success
2973,2973,2024-12-03,3928.99,Credit Card,Failed
2974,2974,2025-12-16,1633.18,Debit Card,Failed
2975,2975,2026-03-24,123.43,Debit Card,Success
2976,2976,2026-08-24,377.24,Debit Card,Success
2977,2977,2026-06-19,2839.86,Debit Card,Success
2978,2978,2025-02-03,431.21,UPI,Success
2979,2979,2025-05-20,2069.45,UPI,Success
2980,2980,2024-10-19,1162.9,Net Banking,Success
2981,2981,2026-05-10,286.77,Credit Card,Failed
2982,2982,2025-07-11,2033.03,Credit Card,Success
2983,2983,2026-02-23,69.01,UPI,Success
2984,2984,2026-04-13,3447.14,UPI,Failed
2985,2985,2025-10-03,168.62,UPI,Success
2986,2986,2024-11-01,2700.2,Credit Card,Success
2987,2987,2025-10-26,745.99,Net Banking,Success
2988,2988,2025-12-12,2896.87,Debit Card,Success
2989,2989,2025-06-03,2283.93,Credit Card,Success
2990,2990,2024-08-16,158.28,Net Banking,Failed
2991,2991,2026-05-23,705.43,Credit Card,Success
2992,2992,2026-06-06,2380.55,Debit Card,Success
2993,2993,2026-03-19,2409.37,Credit Card,Failed
2994,2994,2026-01-08,5275.8,Credit Card,Success
2995,2995,2026-08-01,2798.37,Credit Card,Failed
2996,2996,2025-05-12,3964.38,Debit Card,Success
2997,2997,2026-01-29,2133.55,Credit Card,Success
2998,2998,2026-06-15,268.16,Debit Card,Success
2999,2999,2025-02-25,862.14,Net Banking,Success
3000,3000,2026-08-30,299.55,Net Banking,Success
3001,3001,2026-03-10,4210.18,Net Banking,Refunded
3002,3002,2026-07-21,2190.57,Net Banking,Failed
3003,3003,2025-04-25,78.05,UPI,Success
3004,3004,2025-12-18,2131.11,Debit Card,Success
3005,3005,2025-09-21,535.84,Credit Card,Success
3006,3006,2026-06-17,4615.48,Debit Card,Success
3007,3007,2026-06-03,401.0,Credit Card,Success
3008,3008,2025-06-24,3838.88,UPI,Failed
3009,3009,2026-06-26,3403.12,UPI,Success
3010,3010,2024-10-15,928.37,UPI,Success
3011,3011,2025-04-02,2553.76,UPI,Success
3012,3012,2025-07-28,144.69,Debit Card,Success
3013,3013,2026-08-03,2093.19,Debit Card,Success
3014,3014,2025-07-27,2483.62,Debit Card,Success
3015,3015,2026-04-09,1551.74,Net Banking,Success
3016,3016,2025-08-05,254.74,UPI,Success
3017,3017,2026-01-10,3411.63,UPI,Success
3018,3018,2026-07-08,87.17,Credit Card,Success
3019,3019,2024-08-04,3398.17,Net Banking,Success
3020,3020,2026-05-30,102.2,Debit Card,Success
3021,3021,2026-06-16,58.98,Debit Card,Success
3022,3022,2024-11-13,454.17,Credit Card,Success
3023,3023,2025-12-06,3385.1,Debit Card,Success
3024,3024,2025-07-10,1296.76,Net Banking,Success
3025,3025,2026-03-17,2085.23,Credit Card,Success
3026,3026,2024-09-27,506.47,Credit Card,Success
3027,3027,2026-04-24,445.41,Credit Card,Success
3028,3028,2026-02-06,1028.47,UPI,Success
3029,3029,2025-11-06,209.18,UPI,Failed
3030,3030,2026-03-10,832.6,Net Banking,Success
3031,3031,2024-05-15,282.61,UPI,Success
3032,3032,2024-04-26,8186.0,Debit Card,Success
3033,3033,2026-04-28,777.49,Debit Card,Success
3034,3034,2026-01-20,620.31,Debit Card,Success
3035,3035,2025-11-22,258.94,Debit Card,Success
3036,3036,2025-12-30,4117.36,Credit Card,Success
3037,3037,2026-01-07,361.85,Net Banking,Success
3038,3038,2025-10-07,57.67,Credit Card,Success
3039,3039,2026-03-10,3847.82,Net Banking,Success
3040,3040,2025-05-20,4152.44,Debit Card,Success
3041,3041,2025-10-22,3062.66,UPI,Success
3042,3042,2024-11-02,58.26,UPI,Success
3043,3043,2025-05-22,453.67,Net Banking,Success
3044,3044,2026-05-13,2982.67,UPI,Success
3045,3045,2026-06-29,103.86,Debit Card,Failed
3046,3046,2025-10-26,405.06,Net Banking,Success
3047,3047,2025-05-14,804.07,Debit Card,Refunded
3048,3048,2025-07-10,832.6,Debit Card,Success
3049,3049,2025-10-07,4037.47,Net Banking,Success
3050,3050,2026-01-16,314.95,Net Banking,Success
3051,3051,2025-12-08,247.41,Credit Card,Success
3052,3052,2024-02-20,2083.66,Debit Card,Failed
3053,3053,2026-03-30,484.9,UPI,Success
3054,3054,2024-10-23,2992.8,Net Banking,Success
3055,3055,2026-07-26,51.39,UPI,Success
3056,3056,2024-07-21,2709.87,Net Banking,Success
3057,3057,2026-08-06,1149.78,UPI,Success
3058,3058,2026-03-01,531.05,Debit Card,Success
3059,3059,2026-03-31,613.33,Credit Card,Success
3060,3060,2024-08-02,2557.58,UPI,Success
3061,3061,2024-03-08,353.28,UPI,Success
3062,3062,2025-12-09,2366.33,Net Banking,Success
3063,3063,2025-07-15,50.42,UPI,Success
3064,3064,2025-09-20,700.59,UPI,Failed
3065,3065,2025-06-23,738.51,UPI,Success
3066,3066,2026-01-25,155.0,UPI,Success
3067,3067,2026-07-12,341.77,UPI,Success
3068,3068,2025-02-22,371.88,UPI,Success
3069,3069,2025-06-28,2311.56,Net Banking,Success
3070,3070,2024-04-28,786.56,UPI,Success
3071,3071,2026-06-30,1840.25,Debit Card,Success
3072,3072,2025-11-04,3458.35,Credit Card,Success
3073,3073,2025-03-31,288.58,Net Banking,Success
3074,3074,2025-06-01,566.43,UPI,Success
3075,3075,2025-01-13,2785.51,UPI,Success
3076,3076,2026-02-02,1573.56,Credit Card,Success
3077,3077,2026-05-01,2530.32,Credit Card,Success
3078,3078,2025-10-03,7925.7,Net Banking,Failed
3079,3079,2025-10-22,3184.26,Credit Card,Success
3080,3080,2025-10-25,56.83,UPI,Success
3081,3081,2026-08-11,182.46,Credit Card,Success
3082,3082,2025-12-31,4004.9,Credit Card,Success
3083,3083,2026-06-11,998.55,Credit Card,Success
3084,3084,2025-10-01,1081.48,Credit Card,Success
3085,3085,2025-04-17,3771.71,UPI,Success
3086,3086,2026-07-14,197.07,Credit Card,Success
3087,3087,2025-02-18,2407.88,Debit Card,Success
3088,3088,2025-10-18,1578.64,Credit Card,Success
3089,3089,2026-04-11,5259.04,Credit Card,Success
3090,3090,2025-11-14,1412.69,Debit Card,Success
3091,3091,2025-09-19,397.45,Credit Card,Success
3092,3092,2025-09-03,3054.05,Credit Card,Success
3093,3093,2026-03-05,155.0,UPI,Success
3094,3094,2025-06-17,2760.75,UPI,Success
3095,3095,2026-03-23,830.26,Credit Card,Success
3096,3096,2026-03-29,2225.13,Credit Card,Failed
3097,3097,2026-05-30,3224.2,Credit Card,Success
3098,3098,2025-03-16,520.86,Credit Card,Success
3099,3099,2025-11-13,1316.72,Debit Card,Success
3100,3100,2026-02-17,481.21,Credit Card,Failed
3101,3101,2025-10-28,176.94,Credit Card,Success
3102,3102,2025-07-29,1053.46,Net Banking,Success
3103,3103,2025-12-13,2215.71,Credit Card,Success
3104,3104,2026-03-04,109.12,Credit Card,Success
3105,3105,2024-10-24,261.79,UPI,Success
3106,3106,2025-07-03,230.12,UPI,Success
3107,3107,2026-03-13,390.74,Net Banking,Failed
3108,3108,2026-02-21,525.21,Credit Card,Refunded
3109,3109,2026-06-21,213.61,Net Banking,Failed
3110,3110,2025-09-26,681.8,UPI,Success
3111,3111,2025-10-01,3563.14,Net Banking,Success
3112,3112,2026-06-13,506.22,Net Banking,Refunded
3113,3113,2025-10-15,2786.33,Credit Card,Success
3114,3114,2025-08-28,137.21,UPI,Success
3115,3115,2025-05-28,1931.75,Debit Card,Success
3116,3116,2026-02-04,56.83,Debit Card,Success
3117,3117,2026-07-08,1737.88,Credit Card,Success
3118,3118,2026-04-22,2740.28,Net Banking,Success
3119,3119,2025-12-01,220.53,Debit Card,Success
3120,3120,2026-08-28,758.19,Debit Card,Failed
3121,3121,2025-12-16,251.42,Credit Card,Success
3122,3122,2026-03-28,415.01,Credit Card,Success
3123,3123,2024-12-08,344.01,Credit Card,Success
3124,3124,2026-02-24,55.3,Credit Card,Success
3125,3125,2025-01-21,581.11,Net Banking,Success
3126,3126,2025-02-18,1102.0,Credit Card,Success
3127,3127,2026-05-24,20.73,Debit Card,Refunded
3128,3128,2024-09-15,2817.51,Credit Card,Success
3129,3129,2025-12-16,634.17,Net Banking,Failed
3130,3130,2026-03-10,2503.52,UPI,Success
3131,3131,2026-04-15,1362.83,Debit Card,Success
3132,3132,2025-11-10,884.47,Net Banking,Success
3133,3133,2025-12-18,216.49,Credit Card,Success
3134,3134,2025-05-23,317.69,UPI,Success
3135,3135,2026-06-01,385.1,Net Banking,Success
3136,3136,2024-01-25,415.94,Credit Card,Success
3137,3137,2026-05-28,2473.72,Credit Card,Success
3138,3138,2026-01-23,222.36,Debit Card,Refunded
3139,3139,2026-03-10,1018.46,UPI,Success
3140,3140,2025-03-08,288.04,Debit Card,Success
3141,3141,2025-05-14,2201.57,Debit Card,Success
3142,3142,2025-09-10,1170.48,Net Banking,Success
3143,3143,2026-05-29,1238.57,Debit Card,Refunded
3144,3144,2025-11-03,222.2,Debit Card,Success
3145,3145,2026-05-05,2412.65,UPI,Success
3146,3146,2026-07-29,743.32,Debit Card,Success
3147,3147,2026-08-17,44.44,UPI,Success
3148,3148,2024-12-10,3235.38,Net Banking,Success
3149,3149,2026-06-02,2285.95,UPI,Success
3150,3150,2025-08-02,179.01,Net Banking,Success
3151,3151,2026-07-26,3625.01,UPI,Failed
3152,3152,2025-11-30,4322.88,Credit Card,Success
3153,3153,2026-08-11,414.69,Net Banking,Success
3154,3154,2025-08-17,3268.26,Debit Card,Success
3155,3155,2026-03-06,883.07,Net Banking,Success
3156,3156,2025-08-31,519.39,UPI,Success
3157,3157,2025-12-14,141.16,Debit Card,Success
3158,3158,2026-07-13,2346.77,Credit Card,Success
3159,3159,2026-02-04,4165.21,Net Banking,Success
3160,3160,2025-07-09,378.0,Credit Card,Failed
3161,3161,2026-08-07,1182.49,Credit Card,Success
3162,3162,2025-12-14,1047.24,Credit Card,Success
3163,3163,2026-07-12,336.8,Debit Card,Success
3164,3164,2026-08-01,220.38,Credit Card,Success
3165,3165,2025-01-25,173.57,Debit Card,Success
3166,3166,2026-05-22,240.59,Net Banking,Failed
3167,3167,2026-06-10,4110.43,Net Banking,Success
3168,3168,2025-10-16,107.21,Credit Card,Success
3169,3169,2026-06-12,63.14,Net Banking,Success
3170,3170,2025-08-31,5288.07,Credit Card,Success
3171,3171,2026-03-13,3992.7,UPI,Success
3172,3172,2025-10-25,715.85,Debit Card,Success
3173,3173,2026-05-06,386.78,Credit Card,Success
3174,3174,2025-12-06,279.29,Debit Card,Success
3175,3175,2026-08-19,130.02,Net Banking,Success
3176,3176,2025-05-10,1491.3,Credit Card,Success
3177,3177,2025-08-20,842.63,Net Banking,Success
3178,3178,2026-05-25,1503.16,Debit Card,Success
3179,3179,2025-01-05,3624.27,UPI,Success
3180,3180,2024-03-21,230.29,Net Banking,Failed
3181,3181,2024-12-10,457.65,UPI,Success
3182,3182,2026-08-02,469.46,Credit Card,Success
3183,3183,2025-06-05,570.85,Credit Card,Success
3184,3184,2026-08-18,857.46,UPI,Success
3185,3185,2025-11-15,80.23,UPI,Success
3186,3186,2026-06-12,678.07,Credit Card,Success
3187,3187,2024-09-17,197.05,Net Banking,Success
3188,3188,2025-08-08,734.48,Credit Card,Success
3189,3189,2026-01-12,148.93,Net Banking,Success
3190,3190,2026-05-16,1232.08,Debit Card,Success
3191,3191,2024-08-29,2817.87,UPI,Success
3192,3192,2026-01-11,338.56,Debit Card,Success
3193,3193,2026-06-26,3669.27,Credit Card,Success
3194,3194,2025-02-20,4063.0,UPI,Success
3195,3195,2025-01-02,52.65,Net Banking,Failed
3196,3196,2026-08-08,117.96,Net Banking,Success
3197,3197,2026-02-05,1128.08,Debit Card,Success
3198,3198,2026-01-08,42.18,Debit Card,Success
3199,3199,2025-07-20,211.36,Net Banking,Success
3200,3200,2026-07-25,284.61,Debit Card,Success
3201,3201,2025-10-09,3290.02,Credit Card,Success
3202,3202,2026-07-24,3659.02,Net Banking,Success
3203,3203,2025-05-14,87.82,Credit Card,Success
3204,3204,2024-12-03,190.9,Debit Card,Success
3205,3205,2026-03-10,3161.21,Net Banking,Refunded
3206,3206,2025-11-19,247.08,Debit Card,Success
3207,3207,2025-12-06,1712.01,Debit Card,Success
3208,3208,2026-04-03,583.34,Debit Card,Success
3209,3209,2025-05-24,576.28,Net Banking,Success
3210,3210,2026-01-07,234.62,Debit Card,Failed
3211,3211,2025-01-23,3574.49,UPI,Success
3212,3212,2025-10-23,499.85,Debit Card,Failed
3213,3213,2026-01-18,1448.35,Credit Card,Success
3214,3214,2025-09-09,317.48,Debit Card,Success
3215,3215,2025-11-24,830.21,Credit Card,Failed
3216,3216,2026-04-23,340.99,Debit Card,Success
3217,3217,2024-12-09,1310.9,Net Banking,Success
3218,3218,2025-08-16,2571.52,Net Banking,Success
3219,3219,2025-04-14,548.72,Net Banking,Success
3220,3220,2025-02-08,535.71,UPI,Success
3221,3221,2026-05-10,2002.38,Credit Card,Success
3222,3222,2026-02-13,511.52,Credit Card,Success
3223,3223,2026-06-03,1773.1,Net Banking,Success
3224,3224,2026-03-16,596.93,Credit Card,Success
3225,3225,2026-03-02,1919.0,Debit Card,Success
3226,3226,2026-05-02,847.07,Net Banking,Success
3227,3227,2025-07-07,875.83,Credit Card,Success
3228,3228,2025-11-29,1739.47,UPI,Success
3229,3229,2026-04-25,283.32,UPI,Success
3230,3230,2026-05-04,282.98,Debit Card,Success
3231,3231,2025-09-30,769.59,Debit Card,Success
3232,3232,2026-06-02,373.33,Debit Card,Failed
3233,3233,2025-10-21,426.33,Credit Card,Success
3234,3234,2026-06-27,521.53,Net Banking,Success
3235,3235,2026-08-28,3592.14,UPI,Success
3236,3236,2026-03-14,315.74,Debit Card,Success
3237,3237,2025-11-14,134.83,UPI,Success
3238,3238,2025-11-18,516.11,UPI,Refunded
3239,3239,2025-10-14,188.65,Debit Card,Success
3240,3240,2026-05-21,203.47,Debit Card,Success
3241,3241,2026-04-28,233.61,Credit Card,Success
3242,3242,2024-11-29,1160.53,UPI,Success
3243,3243,2025-11-21,88.88,Debit Card,Success
3244,3244,2024-08-22,1881.08,Net Banking,Success
3245,3245,2026-04-25,1689.16,UPI,Success
3246,3246,2026-01-23,156.67,Credit Card,Success
3247,3247,2026-01-20,62.19,UPI,Success
3248,3248,2026-06-21,320.75,Debit Card,Success
3249,3249,2026-08-12,1247.58,Credit Card,Success
3250,3250,2024-10-17,99.52,Net Banking,Success
3251,3251,2024-11-17,289.58,Debit Card,Refunded
3252,3252,2025-01-13,348.07,Credit Card,Success
3253,3253,2024-12-23,1456.03,Credit Card,Success
3254,3254,2026-04-14,194.12,Credit Card,Success
3255,3255,2026-04-10,899.01,Debit Card,Success
3256,3256,2026-08-20,387.27,UPI,Success
3257,3257,2026-04-03,839.11,Debit Card,Success
3258,3258,2024-07-07,65.89,UPI,Success
3259,3259,2025-09-24,421.28,Net Banking,Success
3260,3260,2026-02-01,581.48,Net Banking,Success
3261,3261,2026-05-16,1414.27,UPI,Success
3262,3262,2026-05-06,3026.76,Net Banking,Success
3263,3263,2025-11-07,273.07,Net Banking,Success
3264,3264,2025-03-05,4582.45,UPI,Refunded
3265,3265,2026-06-25,168.09,Debit Card,Success
3266,3266,2025-11-19,5355.96,Net Banking,Success
3267,3267,2025-04-22,448.96,Credit Card,Success
3268,3268,2025-02-11,4636.93,Credit Card,Refunded
3269,3269,2024-05-17,563.32,UPI,Success
3270,3270,2025-08-05,4824.68,Debit Card,Success
3271,3271,2026-05-25,2211.03,Net Banking,Success
3272,3272,2025-07-19,915.26,Debit Card,Success
3273,3273,2026-08-13,517.24,Credit Card,Success
3274,3274,2024-09-27,1634.27,UPI,Success
3275,3275,2025-11-02,315.66,UPI,Success
3276,3276,2025-05-30,55.6,Net Banking,Success
3277,3277,2026-05-19,3330.34,Net Banking,Success
3278,3278,2026-05-17,53.22,Debit Card,Success
3279,3279,2026-04-09,213.84,UPI,Success
3280,3280,2026-08-12,1253.9,UPI,Success
3281,3281,2025-12-24,1877.22,Credit Card,Success
3282,3282,2025-11-25,861.29,Debit Card,Success
3283,3283,2026-03-18,305.1,Credit Card,Refunded
3284,3284,2026-01-29,804.62,Debit Card,Success
3285,3285,2025-01-18,699.49,Debit Card,Success
3286,3286,2026-05-29,2503.18,Net Banking,Success
3287,3287,2025-02-25,3370.84,Debit Card,Success
3288,3288,2025-10-02,283.24,Debit Card,Success
3289,3289,2026-04-30,69.64,UPI,Success
3290,3290,2026-01-21,1395.89,Credit Card,Success
3291,3291,2026-03-28,224.28,Net Banking,Success
3292,3292,2024-12-26,401.08,Debit Card,Success
3293,3293,2026-08-20,295.76,Credit Card,Failed
3294,3294,2025-08-27,1901.36,Credit Card,Success
3295,3295,2026-02-21,158.28,UPI,Success
3296,3296,2025-03-02,3400.43,UPI,Success
3297,3297,2026-03-17,658.52,UPI,Success
3298,3298,2025-08-22,548.54,Credit Card,Success
3299,3299,2025-02-04,732.77,Net Banking,Success
3300,3300,2026-02-05,3155.98,Net Banking,Success
3301,3301,2026-06-28,1742.81,Debit Card,Success
3302,3302,2026-01-05,58.97,Net Banking,Success
3303,3303,2026-07-20,2834.58,UPI,Success
3304,3304,2026-01-22,105.72,Credit Card,Success
3305,3305,2026-08-20,1180.32,Credit Card,Success
3306,3306,2026-05-13,2154.35,Net Banking,Refunded
3307,3307,2026-03-23,764.89,Net Banking,Success
3308,3308,2025-02-19,123.63,Credit Card,Success
3309,3309,2026-07-17,138.04,Net Banking,Success
3310,3310,2025-02-04,1026.35,Net Banking,Failed
3311,3311,2026-05-02,2627.03,Credit Card,Success
3312,3312,2026-08-01,448.74,Debit Card,Success
3313,3313,2026-08-28,57.44,UPI,Success
3314,3314,2025-03-07,889.31,Credit Card,Success
3315,3315,2025-04-14,121.23,Net Banking,Success
3316,3316,2025-04-21,213.49,Debit Card,Refunded
3317,3317,2024-04-20,330.05,Debit Card,Success
3318,3318,2025-12-14,1138.26,Credit Card,Success
3319,3319,2026-04-14,1424.7,UPI,Success
3320,3320,2025-11-28,1417.75,Credit Card,Success
3321,3321,2026-01-26,2590.25,Debit Card,Success
3322,3322,2025-07-11,464.5,UPI,Success
3323,3323,2026-08-04,562.65,Debit Card,Success
3324,3324,2025-06-19,2549.29,UPI,Success
3325,3325,2026-02-07,824.3,Credit Card,Success
3326,3326,2025-11-27,4027.65,Debit Card,Success
3327,3327,2026-06-11,2355.53,Debit Card,Success
3328,3328,2024-04-08,1908.96,Net Banking,Failed
3329,3329,2026-07-14,4264.41,Net Banking,Success
3330,3330,2024-11-17,1537.11,UPI,Success
3331,3331,2024-06-06,1220.67,Net Banking,Failed
3332,3332,2026-04-04,371.5,UPI,Refunded
3333,3333,2025-05-24,2423.23,Debit Card,Refunded
3334,3334,2025-09-20,373.62,Debit Card,Success
3335,3335,2026-07-04,4080.54,Debit Card,Refunded
3336,3336,2025-12-19,105.72,UPI,Success
3337,3337,2024-06-03,1365.9,Credit Card,Success
3338,3338,2025-09-22,612.58,UPI,Success
3339,3339,2026-05-18,148.93,Debit Card,Success
3340,3340,2026-08-05,772.97,Credit Card,Success
3341,3341,2025-04-12,1489.91,Credit Card,Failed
3342,3342,2025-05-24,390.38,Debit Card,Success
3343,3343,2024-10-29,4218.42,Credit Card,Success
3344,3344,2026-08-04,312.45,Net Banking,Success
3345,3345,2026-05-29,478.42,Debit Card,Success
3346,3346,2025-12-07,329.63,Net Banking,Success
3347,3347,2026-01-13,539.31,UPI,Success
3348,3348,2026-08-10,1849.85,Debit Card,Success
3349,3349,2026-06-18,761.31,UPI,Success
3350,3350,2026-02-08,237.48,Net Banking,Failed
3351,3351,2026-03-14,2489.71,Debit Card,Success
3352,3352,2026-04-28,1124.26,Debit Card,Success
3353,3353,2025-04-10,2291.2,Net Banking,Success
3354,3354,2025-11-17,605.98,Credit Card,Success
3355,3355,2025-06-24,551.64,Credit Card,Failed
3356,3356,2025-09-18,3803.93,Net Banking,Success
3357,3357,2025-12-03,1254.97,UPI,Success
3358,3358,2026-07-30,3741.78,Credit Card,Success
3359,3359,2025-03-16,2828.72,Debit Card,Success
3360,3360,2025-03-19,3234.48,Credit Card,Success
3361,3361,2026-04-30,444.32,Net Banking,Success
3362,3362,2026-02-08,408.83,Debit Card,Failed
3363,3363,2025-12-10,49.52,Credit Card,Success
3364,3364,2026-01-24,2649.84,Net Banking,Success
3365,3365,2025-07-30,798.54,UPI,Success
3366,3366,2024-09-29,3426.04,Credit Card,Success
3367,3367,2026-01-12,828.84,UPI,Refunded
3368,3368,2026-03-13,669.66,UPI,Success
3369,3369,2025-10-22,619.75,Net Banking,Success
3370,3370,2025-09-29,1253.34,UPI,Success
3371,3371,2026-03-23,397.93,UPI,Success
3372,3372,2026-06-03,526.14,UPI,Success
3373,3373,2024-08-17,1330.52,Credit Card,Success
3374,3374,2025-02-22,662.3,UPI,Success
3375,3375,2026-03-08,416.31,Debit Card,Success
3376,3376,2026-03-31,2719.88,Credit Card,Success
3377,3377,2024-12-11,626.56,UPI,Success
3378,3378,2026-04-03,75.77,UPI,Success
3379,3379,2025-11-09,1884.38,Net Banking,Success
3380,3380,2026-01-16,163.61,Debit Card,Success
3381,3381,2026-06-16,2605.53,Debit Card,Success
3382,3382,2025-06-25,492.13,UPI,Success
3383,3383,2026-08-23,744.71,Net Banking,Success
3384,3384,2025-12-24,657.41,UPI,Success
3385,3385,2026-05-16,734.7,Credit Card,Success
3386,3386,2025-06-17,139.28,Credit Card,Failed
3387,3387,2026-04-03,1432.21,Debit Card,Success
3388,3388,2025-06-29,1416.61,Net Banking,Success
3389,3389,2026-07-24,467.33,Debit Card,Success
3390,3390,2025-12-10,410.61,UPI,Success
3391,3391,2025-11-19,55.35,UPI,Success
3392,3392,2025-07-22,3430.71,Debit Card,Success
3393,3393,2025-08-05,139.03,UPI,Success
3394,3394,2026-01-08,510.99,Net Banking,Success
3395,3395,2025-01-12,1049.36,Debit Card,Success
3396,3396,2025-12-17,545.53,UPI,Success
3397,3397,2026-04-11,568.15,Net Banking,Success
3398,3398,2026-03-18,1210.29,Net Banking,Failed
3399,3399,2025-04-06,1368.64,Credit Card,Success
3400,3400,2026-08-14,4191.45,Debit Card,Success
3401,3401,2026-02-14,161.52,Debit Card,Success
3402,3402,2026-01-05,369.25,UPI,Success
3403,3403,2025-09-13,432.07,UPI,Success
3404,3404,2026-03-19,197.39,Net Banking,Failed
3405,3405,2025-10-18,211.44,Net Banking,Success
3406,3406,2026-08-21,591.28,Net Banking,Success
3407,3407,2024-11-05,886.46,Net Banking,Success
3408,3408,2026-05-01,169.37,Debit Card,Failed
3409,3409,2025-12-10,281.31,Credit Card,Success
3410,3410,2026-01-28,1208.35,UPI,Success
3411,3411,2026-04-25,81.62,Credit Card,Success
3412,3412,2025-03-19,1729.56,Debit Card,Success
3413,3413,2026-04-12,3068.8,Credit Card,Success
3414,3414,2025-07-21,109.27,Debit Card,Success
3415,3415,2026-01-16,489.88,Net Banking,Success
3416,3416,2026-03-29,240.04,Debit Card,Success
3417,3417,2025-10-03,3562.94,Credit Card,Success
3418,3418,2026-01-27,1017.33,Credit Card,Success
3419,3419,2025-07-06,2471.61,Net Banking,Success
3420,3420,2026-07-27,61.81,UPI,Success
3421,3421,2026-02-13,2669.35,Debit Card,Success
3422,3422,2025-08-18,3510.75,Credit Card,Success
3423,3423,2026-01-14,2320.7,UPI,Failed
3424,3424,2025-06-30,5557.82,UPI,Success
3425,3425,2025-10-27,97.59,Credit Card,Success
3426,3426,2026-07-30,2741.6,Credit Card,Success
3427,3427,2025-10-20,2566.08,Credit Card,Success
3428,3428,2026-04-28,440.42,Net Banking,Success
3429,3429,2026-06-16,1738.08,Net Banking,Success
3430,3430,2025-08-18,1942.0,Net Banking,Success
3431,3431,2026-04-18,181.09,Debit Card,Success
3432,3432,2025-09-26,279.33,Net Banking,Success
3433,3433,2025-12-02,49.02,Credit Card,Success
3434,3434,2026-02-04,2071.39,UPI,Success
3435,3435,2025-12-22,5145.94,Debit Card,Success
3436,3436,2025-12-25,112.32,UPI,Success
3437,3437,2025-12-16,540.55,Debit Card,Success
3438,3438,2025-11-13,4830.6,Debit Card,Success
3439,3439,2025-10-30,212.65,Credit Card,Failed
3440,3440,2026-02-26,2236.82,UPI,Success
3441,3441,2026-08-03,459.89,Debit Card,Success
3442,3442,2026-08-17,5188.75,Debit Card,Success
3443,3443,2026-01-13,2900.82,Net Banking,Success
3444,3444,2025-02-26,2229.79,Credit Card,Success
3445,3445,2025-04-28,2631.61,Debit Card,Success
3446,3446,2025-04-30,1697.93,Debit Card,Failed
3447,3447,2026-05-27,52.76,Credit Card,Failed
3448,3448,2025-07-21,1273.13,UPI,Success
3449,3449,2026-06-21,2275.97,Net Banking,Success
3450,3450,2025-12-06,800.75,Net Banking,Success
3451,3451,2024-12-12,391.9,Net Banking,Success
3452,3452,2026-02-15,3449.76,UPI,Success
3453,3453,2026-01-25,1615.58,Credit Card,Failed
3454,3454,2026-02-20,3836.06,Credit Card,Failed
3455,3455,2025-11-27,106.71,Net Banking,Success
3456,3456,2024-12-16,954.48,UPI,Success
3457,3457,2025-09-13,340.85,Credit Card,Failed
3458,3458,2025-01-03,521.23,UPI,Success
3459,3459,2025-01-25,2914.78,Net Banking,Failed
3460,3460,2026-06-18,177.94,Net Banking,Success
3461,3461,2024-09-15,4013.57,UPI,Success
3462,3462,2026-02-14,200.81,Credit Card,Success
3463,3463,2026-05-23,172.22,Credit Card,Success
3464,3464,2026-07-04,3355.34,Net Banking,Success
3465,3465,2025-04-04,216.09,Credit Card,Success
3466,3466,2024-06-20,165.12,UPI,Success
3467,3467,2024-08-06,198.38,Credit Card,Success
3468,3468,2026-05-10,94.61,Debit Card,Success
3469,3469,2025-12-06,431.31,UPI,Success
3470,3470,2024-08-27,1299.11,UPI,Failed
3471,3471,2026-04-16,2786.33,Debit Card,Success
3472,3472,2026-05-02,2646.61,Net Banking,Failed
3473,3473,2025-05-15,314.18,UPI,Success
3474,3474,2025-05-13,3196.65,Credit Card,Success
3475,3475,2026-08-25,731.64,UPI,Success
3476,3476,2025-10-19,106.0,Debit Card,Success
3477,3477,2026-06-07,281.25,Net Banking,Success
3478,3478,2025-05-03,104.56,Credit Card,Success
3479,3479,2025-07-10,1423.39,Net Banking,Refunded
3480,3480,2026-07-16,1496.9,Credit Card,Success
3481,3481,2025-08-10,2034.78,Net Banking,Success
3482,3482,2026-01-07,2373.34,Credit Card,Success
3483,3483,2025-07-04,1249.06,Net Banking,Success
3484,3484,2025-09-02,207.06,UPI,Success
3485,3485,2025-04-09,4920.39,UPI,Success
3486,3486,2025-11-18,2827.39,Debit Card,Success
3487,3487,2025-07-26,676.04,Net Banking,Success
3488,3488,2026-03-15,166.81,Credit Card,Success
3489,3489,2025-07-20,788.78,UPI,Success
3490,3490,2025-11-21,657.27,Credit Card,Success
3491,3491,2026-06-12,2481.44,Debit Card,Failed
3492,3492,2026-01-29,525.46,Net Banking,Success
3493,3493,2026-08-26,5974.63,UPI,Failed
3494,3494,2025-09-24,28.01,UPI,Success
3495,3495,2025-01-07,676.23,Net Banking,Success
3496,3496,2025-04-24,2890.48,Debit Card,Success
3497,3497,2026-02-21,257.24,Net Banking,Success
3498,3498,2026-03-08,4429.24,Credit Card,Success
3499,3499,2025-06-21,1587.79,UPI,Success
3500,3500,2026-06-05,1952.35,Debit Card,Success
3501,3501,2025-06-27,1193.79,UPI,Success
3502,3502,2026-03-26,430.09,Credit Card,Success
3503,3503,2026-04-02,683.71,Credit Card,Success
3504,3504,2026-05-28,1330.88,Debit Card,Success
3505,3505,2026-01-05,382.93,UPI,Success
3506,3506,2026-07-13,3611.82,Debit Card,Success
3507,3507,2026-08-04,2219.75,Debit Card,Refunded
3508,3508,2026-05-12,2590.08,Debit Card,Success
3509,3509,2026-03-15,2491.38,Net Banking,Success
3510,3510,2026-07-29,146.39,UPI,Success
3511,3511,2025-10-12,738.34,Debit Card,Success
3512,3512,2026-05-12,3879.82,UPI,Success
3513,3513,2026-02-28,442.35,Net Banking,Success
3514,3514,2025-11-15,976.78,Debit Card,Success
3515,3515,2026-06-01,27.65,Credit Card,Failed
3516,3516,2025-11-07,1645.24,Net Banking,Success
3517,3517,2026-03-29,1879.23,UPI,Success
3518,3518,2026-05-14,1860.41,UPI,Success
3519,3519,2026-08-23,770.59,Net Banking,Success
3520,3520,2026-06-15,254.64,Net Banking,Refunded
3521,3521,2025-03-01,292.67,UPI,Success
3522,3522,2025-09-27,2951.58,Credit Card,Success
3523,3523,2026-01-09,1935.28,Debit Card,Success
3524,3524,2026-08-05,302.5,UPI,Success
3525,3525,2025-10-14,1086.98,Credit Card,Failed
3526,3526,2025-10-31,423.9,Credit Card,Success
3527,3527,2024-12-17,2987.66,Credit Card,Success
3528,3528,2026-05-20,581.06,Debit Card,Success
3529,3529,2026-07-08,1345.94,Credit Card,Failed
3530,3530,2025-05-15,2167.44,UPI,Success
3531,3531,2026-04-11,413.6,Credit Card,Success
3532,3532,2026-06-14,203.77,Net Banking,Success
3533,3533,2026-06-28,198.47,Credit Card,Refunded
3534,3534,2026-05-06,55.57,Credit Card,Success
3535,3535,2026-07-15,476.14,Net Banking,Success
3536,3536,2024-09-01,727.29,UPI,Refunded
3537,3537,2026-08-28,939.98,Credit Card,Success
3538,3538,2025-08-28,2068.91,Net Banking,Success
3539,3539,2026-02-01,546.5,Credit Card,Success
3540,3540,2026-06-27,959.27,Debit Card,Failed
3541,3541,2026-03-03,60.52,Debit Card,Success
3542,3542,2026-07-26,1028.74,Credit Card,Success
3543,3543,2026-05-04,1836.61,Credit Card,Success
3544,3544,2026-04-15,624.61,Net Banking,Failed
3545,3545,2026-07-06,912.51,Credit Card,Success
3546,3546,2025-04-16,133.57,Credit Card,Success
3547,3547,2025-06-10,180.75,Debit Card,Success
3548,3548,2024-05-17,622.22,Debit Card,Success
3549,3549,2025-11-02,201.73,Net Banking,Success
3550,3550,2025-09-02,3587.18,Credit Card,Success
3551,3551,2026-05-31,338.74,UPI,Success
3552,3552,2026-01-27,152.44,Credit Card,Success
3553,3553,2025-08-31,52.76,Debit Card,Success
3554,3554,2026-07-07,647.44,UPI,Success
3555,3555,2024-11-15,308.86,Net Banking,Success
3556,3556,2024-08-05,3112.83,Debit Card,Success
3557,3557,2025-05-02,1536.66,UPI,Success
3558,3558,2026-05-09,977.11,Debit Card,Success
3559,3559,2025-05-26,6036.43,Net Banking,Refunded
3560,3560,2026-06-09,1214.2,UPI,Success
3561,3561,2025-06-30,657.8,Debit Card,Success
3562,3562,2025-10-23,80.04,Credit Card,Success
3563,3563,2026-01-29,743.56,UPI,Success
3564,3564,2025-12-31,3221.89,Credit Card,Success
3565,3565,2026-05-25,7354.0,Net Banking,Success
3566,3566,2025-11-15,1064.26,Net Banking,Success
3567,3567,2024-12-24,2349.9,Credit Card,Success
3568,3568,2026-08-03,463.41,Debit Card,Success
3569,3569,2026-07-08,448.53,Debit Card,Success
3570,3570,2026-01-11,189.74,Debit Card,Refunded
3571,3571,2025-02-02,2774.62,Net Banking,Success
3572,3572,2026-08-10,1881.9,Net Banking,Success
3573,3573,2026-06-07,492.06,Debit Card,Success
3574,3574,2026-04-27,1397.66,UPI,Success
3575,3575,2026-02-27,1277.13,Credit Card,Success
3576,3576,2026-08-12,252.26,Net Banking,Success
3577,3577,2025-04-13,1657.5,UPI,Success
3578,3578,2025-06-07,1108.2,Debit Card,Success
3579,3579,2025-08-21,3546.74,Credit Card,Success
3580,3580,2026-03-07,468.64,Net Banking,Success
3581,3581,2025-08-11,1581.75,Debit Card,Success
3582,3582,2026-03-09,2780.81,UPI,Refunded
3583,3583,2026-03-07,272.19,Credit Card,Success
3584,3584,2024-09-20,258.84,Net Banking,Success
3585,3585,2025-02-21,5017.85,Debit Card,Success
3586,3586,2026-08-24,127.8,Net Banking,Success
3587,3587,2025-10-27,2486.83,Net Banking,Success
3588,3588,2026-06-08,5773.74,Net Banking,Success
3589,3589,2024-08-04,2861.69,Debit Card,Success
3590,3590,2026-04-16,28.01,UPI,Success
3591,3591,2026-04-23,1946.73,Credit Card,Success
3592,3592,2025-12-01,2926.07,Credit Card,Success
3593,3593,2025-04-30,164.11,Credit Card,Success
3594,3594,2026-06-22,1762.44,Net Banking,Success
3595,3595,2024-04-18,241.92,UPI,Success
3596,3596,2026-03-21,2995.67,Credit Card,Success
3597,3597,2026-03-18,162.62,Net Banking,Success
3598,3598,2026-02-24,463.9,Credit Card,Success
3599,3599,2025-11-30,536.04,Credit Card,Success
3600,3600,2026-06-27,363.09,Debit Card,Success
3601,3601,2025-06-01,2933.67,Net Banking,Failed
3602,3602,2026-06-20,1152.76,Debit Card,Refunded
3603,3603,2026-05-28,1285.92,Debit Card,Success
3604,3604,2025-09-19,675.51,Net Banking,Success
3605,3605,2025-10-31,173.01,Net Banking,Success
3606,3606,2025-07-25,1998.23,Debit Card,Refunded
3607,3607,2025-08-10,313.31,Debit Card,Success
3608,3608,2026-02-11,389.87,Credit Card,Success
3609,3609,2025-03-07,28.72,Net Banking,Success
3610,3610,2025-12-31,190.93,UPI,Success
3611,3611,2024-12-11,53.59,Net Banking,Success
3612,3612,2026-03-24,186.21,Credit Card,Success
3613,3613,2026-05-06,480.75,Net Banking,Success
3614,3614,2026-01-31,3323.08,Net Banking,Success
3615,3615,2025-01-13,3161.8,Debit Card,Success
3616,3616,2026-02-23,4761.5,UPI,Success
3617,3617,2025-04-22,125.09,UPI,Success
3618,3618,2025-11-13,409.12,UPI,Success
3619,3619,2026-03-28,3212.63,Debit Card,Failed
3620,3620,2026-07-25,797.78,UPI,Success
3621,3621,2026-07-21,124.74,UPI,Success
3622,3622,2026-06-16,159.96,UPI,Success
3623,3623,2025-04-25,2524.23,Net Banking,Success
3624,3624,2026-03-30,4299.78,UPI,Success
3625,3625,2025-04-05,543.83,Credit Card,Success
3626,3626,2026-04-03,141.43,Credit Card,Refunded
3627,3627,2025-06-17,1948.12,Credit Card,Success
3628,3628,2024-05-26,363.28,Debit Card,Success
3629,3629,2026-01-11,1106.22,Debit Card,Success
3630,3630,2026-08-18,3389.42,UPI,Success
3631,3631,2024-11-16,407.38,Net Banking,Success
3632,3632,2025-11-12,1283.69,Credit Card,Success
3633,3633,2026-03-07,283.28,UPI,Success
3634,3634,2025-08-08,1007.13,UPI,Success
3635,3635,2026-03-15,160.91,Debit Card,Success
3636,3636,2025-09-24,1319.84,UPI,Success
3637,3637,2026-04-04,810.91,Debit Card,Success
3638,3638,2025-07-21,685.46,UPI,Success
3639,3639,2026-03-08,186.38,Debit Card,Failed
3640,3640,2025-01-31,989.4,Net Banking,Success
3641,3641,2026-04-08,1233.98,Credit Card,Success
3642,3642,2026-08-31,2815.22,Debit Card,Success
3643,3643,2025-02-07,3619.62,UPI,Success
3644,3644,2025-03-18,657.74,Credit Card,Success
3645,3645,2024-11-30,2113.91,Net Banking,Success
3646,3646,2025-09-28,506.3,Debit Card,Success
3647,3647,2026-07-21,1038.39,Credit Card,Success
3648,3648,2024-07-28,1215.12,UPI,Success
3649,3649,2026-06-03,537.09,Net Banking,Failed
3650,3650,2026-04-15,451.21,UPI,Success
3651,3651,2024-11-10,2497.8,Debit Card,Success
3652,3652,2026-02-04,1743.96,Net Banking,Success
3653,3653,2025-08-26,78.05,Credit Card,Success
3654,3654,2025-11-14,745.17,Debit Card,Success
3655,3655,2025-12-08,97.59,Net Banking,Success
3656,3656,2024-07-13,4125.94,Credit Card,Success
3657,3657,2026-04-21,675.24,Debit Card,Success
3658,3658,2026-06-25,610.39,UPI,Refunded
3659,3659,2026-04-13,433.4,UPI,Failed
3660,3660,2025-12-05,82.95,Net Banking,Success
3661,3661,2025-01-21,1205.51,Net Banking,Success
3662,3662,2025-07-18,625.66,Credit Card,Failed
3663,3663,2024-09-17,331.16,Debit Card,Success
3664,3664,2025-05-30,514.48,Net Banking,Refunded
3665,3665,2025-09-27,370.28,Credit Card,Success
3666,3666,2026-08-18,3328.1,Credit Card,Success
3667,3667,2025-06-15,5270.87,Debit Card,Success
3668,3668,2026-04-26,3487.24,Credit Card,Success
3669,3669,2024-12-25,1769.79,Net Banking,Success
3670,3670,2025-11-01,687.46,UPI,Success
3671,3671,2025-12-22,432.94,Credit Card,Success
3672,3672,2026-01-05,3490.62,UPI,Success
3673,3673,2026-02-21,1343.73,Net Banking,Success
3674,3674,2026-02-27,363.36,Debit Card,Success
3675,3675,2025-08-21,1061.42,Net Banking,Success
3676,3676,2025-03-04,263.43,Debit Card,Success
3677,3677,2025-05-11,1182.8,UPI,Success
3678,3678,2025-11-29,3489.2,Credit Card,Success
3679,3679,2026-04-11,3174.82,Debit Card,Success
3680,3680,2024-10-18,2371.98,Debit Card,Success
3681,3681,2026-08-06,211.19,UPI,Success
3682,3682,2025-08-04,2013.09,Debit Card,Failed
3683,3683,2025-12-10,743.84,Debit Card,Success
3684,3684,2025-12-29,657.53,UPI,Success
3685,3685,2026-04-07,524.83,UPI,Success
3686,3686,2026-08-20,463.63,Net Banking,Success
3687,3687,2026-02-17,2096.85,Debit Card,Success
3688,3688,2026-04-09,964.46,Net Banking,Success
3689,3689,2025-11-19,971.59,Debit Card,Failed
3690,3690,2024-08-30,392.84,UPI,Success
3691,3691,2024-07-01,568.06,Debit Card,Success
3692,3692,2025-11-18,86.24,UPI,Success
3693,3693,2026-04-06,5076.36,Credit Card,Refunded
3694,3694,2026-06-24,1032.01,UPI,Success
3695,3695,2026-06-03,162.87,Credit Card,Success
3696,3696,2025-10-19,205.1,Debit Card,Success
3697,3697,2026-01-25,488.61,Credit Card,Success
3698,3698,2025-09-17,3518.26,UPI,Success
3699,3699,2025-06-25,403.28,Credit Card,Success
3700,3700,2026-07-05,247.25,Credit Card,Success
3701,3701,2026-05-19,515.36,UPI,Success
3702,3702,2026-03-19,905.49,Debit Card,Success
3703,3703,2026-08-06,207.46,Debit Card,Success
3704,3704,2025-01-29,1748.0,Debit Card,Success
3705,3705,2024-08-31,1562.52,Debit Card,Success
3706,3706,2025-10-19,2624.46,Credit Card,Success
3707,3707,2025-01-07,400.24,Net Banking,Success
3708,3708,2026-08-31,102.48,UPI,Success
3709,3709,2026-03-15,1843.69,UPI,Success
3710,3710,2025-11-01,4642.6,UPI,Success
3711,3711,2026-01-04,262.22,Net Banking,Success
3712,3712,2025-11-30,495.72,Debit Card,Success
3713,3713,2026-05-04,1677.67,Debit Card,Success
3714,3714,2026-07-09,3412.77,Credit Card,Failed
3715,3715,2025-11-07,483.86,Net Banking,Failed
3716,3716,2025-12-20,121.12,Net Banking,Success
3717,3717,2026-08-21,857.28,UPI,Failed
3718,3718,2025-12-18,2602.73,Debit Card,Success
3719,3719,2026-06-13,416.05,Net Banking,Success
3720,3720,2026-02-04,50.89,Debit Card,Success
3721,3721,2025-01-25,174.18,Credit Card,Success
3722,3722,2026-08-06,198.58,Net Banking,Success
3723,3723,2025-09-04,1078.96,Net Banking,Success
3724,3724,2026-05-23,5383.77,UPI,Success
3725,3725,2026-07-07,109.54,Net Banking,Success
3726,3726,2026-06-02,726.68,Credit Card,Success
3727,3727,2025-05-19,4704.33,Net Banking,Success
3728,3728,2026-02-27,490.48,Net Banking,Success
3729,3729,2026-08-01,401.88,Credit Card,Success
3730,3730,2024-11-07,2231.5,Net Banking,Success
3731,3731,2026-01-04,1729.56,Net Banking,Success
3732,3732,2026-02-11,5698.3,UPI,Refunded
3733,3733,2025-09-09,3759.92,Debit Card,Success
3734,3734,2026-01-27,184.07,Debit Card,Success
3735,3735,2026-07-30,319.06,Net Banking,Success
3736,3736,2025-05-09,600.28,UPI,Success
3737,3737,2024-12-31,1506.33,Credit Card,Failed
3738,3738,2025-07-28,134.91,Credit Card,Success
3739,3739,2026-08-07,5992.2,Credit Card,Success
3740,3740,2024-11-07,2493.95,Net Banking,Success
3741,3741,2025-01-28,132.3,Credit Card,Refunded
3742,3742,2024-10-12,2746.65,Net Banking,Success
3743,3743,2024-10-28,438.98,UPI,Success
3744,3744,2025-10-27,820.19,Net Banking,Success
3745,3745,2025-09-07,2272.25,Debit Card,Success
3746,3746,2026-06-03,844.83,Debit Card,Success
3747,3747,2026-08-22,2698.28,Debit Card,Success
3748,3748,2025-03-23,1953.71,UPI,Success
3749,3749,2026-03-17,80.2,UPI,Success
3750,3750,2025-12-03,346.41,UPI,Success
3751,3751,2026-05-01,447.7,Debit Card,Success
3752,3752,2025-07-09,77.93,Debit Card,Success
3753,3753,2025-02-04,326.45,Credit Card,Success
3754,3754,2026-04-22,4118.74,Credit Card,Success
3755,3755,2025-03-15,514.22,Net Banking,Failed
3756,3756,2026-07-13,2214.81,Net Banking,Success
3757,3757,2025-09-27,1640.38,UPI,Success
3758,3758,2026-04-13,381.83,Debit Card,Success
3759,3759,2025-05-25,2695.88,UPI,Success
3760,3760,2025-08-27,284.35,UPI,Success
3761,3761,2026-08-22,450.11,Debit Card,Success
3762,3762,2024-07-14,2272.8,Debit Card,Success
3763,3763,2025-02-22,406.71,Credit Card,Success
3764,3764,2025-10-29,4006.74,UPI,Success
3765,3765,2026-05-30,714.49,UPI,Success
3766,3766,2026-03-01,4060.04,Debit Card,Success
3767,3767,2026-04-07,340.19,Credit Card,Success
3768,3768,2024-10-31,266.91,Credit Card,Success
3769,3769,2026-01-07,25.21,UPI,Success
3770,3770,2025-09-24,117.96,Debit Card,Success
3771,3771,2026-06-18,774.56,Net Banking,Success
3772,3772,2026-07-08,3070.98,Debit Card,Success
3773,3773,2025-09-18,3642.29,Debit Card,Failed
3774,3774,2026-06-17,2621.29,UPI,Success
3775,3775,2025-07-11,3378.16,Debit Card,Success
3776,3776,2025-12-24,179.77,Credit Card,Success
3777,3777,2025-09-29,2560.37,Credit Card,Success
3778,3778,2025-03-20,1058.41,Net Banking,Success
3779,3779,2025-12-10,94.17,UPI,Failed
3780,3780,2024-11-24,79.83,Debit Card,Success
3781,3781,2024-10-16,3915.05,Net Banking,Success
3782,3782,2025-11-26,851.36,Credit Card,Success
3783,3783,2026-08-14,2104.76,UPI,Failed
3784,3784,2026-05-09,2420.89,UPI,Success
3785,3785,2025-01-16,166.81,Net Banking,Success
3786,3786,2026-01-28,141.16,Net Banking,Refunded
3787,3787,2025-05-26,91.82,Debit Card,Success
3788,3788,2025-11-30,1844.61,UPI,Success
3789,3789,2025-09-21,102.48,Net Banking,Success
3790,3790,2026-04-28,274.49,Debit Card,Success
3791,3791,2026-01-19,231.58,Credit Card,Success
3792,3792,2026-07-15,45.58,Net Banking,Success
3793,3793,2025-09-10,290.65,Credit Card,Success
3794,3794,2026-03-25,785.54,Credit Card,Success
3795,3795,2026-07-02,772.78,Credit Card,Success
3796,3796,2026-01-12,317.16,Net Banking,Refunded
3797,3797,2024-05-18,56.5,Credit Card,Success
3798,3798,2025-11-30,956.45,Credit Card,Success
3799,3799,2025-04-17,4696.06,UPI,Success
3800,3800,2024-07-08,383.17,UPI,Failed
3801,3801,2025-07-23,923.84,UPI,Success
3802,3802,2026-08-01,1541.77,Debit Card,Success
3803,3803,2025-07-28,2855.95,Credit Card,Refunded
3804,3804,2026-06-18,224.54,Debit Card,Success
3805,3805,2025-12-18,939.52,Credit Card,Success
3806,3806,2025-09-08,903.39,UPI,Success
3807,3807,2025-01-11,1410.66,Net Banking,Success
3808,3808,2026-01-17,44.52,Credit Card,Success
3809,3809,2026-05-17,4311.81,UPI,Success
3810,3810,2026-05-04,2898.31,Net Banking,Success
3811,3811,2026-02-02,5507.11,Debit Card,Refunded
3812,3812,2026-02-01,5541.76,UPI,Success
3813,3813,2026-02-17,130.84,Net Banking,Success
3814,3814,2024-09-14,861.49,UPI,Success
3815,3815,2025-10-01,5687.24,Credit Card,Success
3816,3816,2025-06-19,1774.46,Net Banking,Success
3817,3817,2026-04-29,4338.51,Net Banking,Success
3818,3818,2026-08-06,1480.43,Net Banking,Success
3819,3819,2026-02-24,4426.62,Net Banking,Success
3820,3820,2025-02-03,1486.53,Debit Card,Success
3821,3821,2025-12-04,304.35,Credit Card,Success
3822,3822,2025-03-01,2484.43,Credit Card,Success
3823,3823,2026-04-23,3604.81,Net Banking,Success
3824,3824,2025-09-23,154.43,Credit Card,Success
3825,3825,2026-04-04,264.66,Net Banking,Success
3826,3826,2026-06-18,1661.1,UPI,Success
3827,3827,2026-06-08,2496.94,Net Banking,Success
3828,3828,2025-03-16,1294.39,Debit Card,Success
3829,3829,2026-01-01,432.07,UPI,Success
3830,3830,2026-01-05,3447.58,UPI,Success
3831,3831,2024-12-23,402.53,Credit Card,Success
3832,3832,2026-05-22,3316.49,Net Banking,Success
3833,3833,2026-06-14,1774.29,Credit Card,Success
3834,3834,2026-07-19,930.72,UPI,Success
3835,3835,2025-10-11,256.62,Credit Card,Success
3836,3836,2025-03-10,3505.13,Credit Card,Success
3837,3837,2026-05-08,4254.36,UPI,Success
3838,3838,2025-03-31,3498.78,UPI,Failed
3839,3839,2026-07-20,911.05,Net Banking,Success
3840,3840,2025-07-29,358.55,Net Banking,Success
3841,3841,2024-08-07,4226.37,Credit Card,Success
3842,3842,2026-01-08,3244.44,Net Banking,Success
3843,3843,2026-04-06,516.68,Credit Card,Success
3844,3844,2025-12-22,228.92,UPI,Success
3845,3845,2026-03-07,3282.25,UPI,Success
3846,3846,2026-04-11,2746.95,Net Banking,Success
3847,3847,2024-12-25,1639.89,UPI,Refunded
3848,3848,2025-11-20,2051.11,Credit Card,Success
3849,3849,2025-01-27,546.29,UPI,Success
3850,3850,2026-02-20,367.44,Net Banking,Success
3851,3851,2024-05-21,677.1,Net Banking,Success
3852,3852,2025-09-22,249.59,Debit Card,Success
3853,3853,2025-11-27,626.26,UPI,Success
3854,3854,2025-12-18,624.87,UPI,Success
3855,3855,2026-02-28,1045.0,UPI,Success
3856,3856,2026-07-14,305.8,Credit Card,Success
3857,3857,2025-08-29,2982.71,Credit Card,Success
3858,3858,2025-08-28,272.11,Debit Card,Success
3859,3859,2024-10-11,3983.06,Credit Card,Success
3860,3860,2024-07-25,2157.04,Debit Card,Success
3861,3861,2024-10-30,1831.3,Net Banking,Success
3862,3862,2025-01-26,374.59,Credit Card,Success
3863,3863,2025-06-11,521.42,Credit Card,Success
3864,3864,2025-07-16,5121.58,Net Banking,Success
3865,3865,2026-05-05,427.4,Debit Card,Success
3866,3866,2025-10-20,471.46,Debit Card,Success
3867,3867,2025-05-24,645.52,Net Banking,Success
3868,3868,2024-11-03,192.08,Credit Card,Success
3869,3869,2024-05-05,192.75,Debit Card,Success
3870,3870,2025-12-17,2074.3,Credit Card,Success
3871,3871,2026-02-09,2241.96,Credit Card,Failed
3872,3872,2025-06-25,414.57,Net Banking,Success
3873,3873,2026-07-11,5228.79,Debit Card,Success
3874,3874,2024-09-06,238.95,Debit Card,Success
3875,3875,2025-09-15,2064.99,Net Banking,Success
3876,3876,2026-03-14,705.8,Credit Card,Success
3877,3877,2025-07-25,571.99,Credit Card,Success
3878,3878,2026-04-16,594.79,Net Banking,Success
3879,3879,2026-03-07,1684.32,Credit Card,Failed
3880,3880,2026-03-24,2793.72,Debit Card,Success
3881,3881,2025-11-24,5519.61,Net Banking,Success
3882,3882,2025-04-22,1860.86,Net Banking,Failed
3883,3883,2025-07-14,236.74,Credit Card,Refunded
3884,3884,2024-06-11,665.95,Credit Card,Success
3885,3885,2026-02-05,1323.43,Net Banking,Success
3886,3886,2026-05-23,783.46,Net Banking,Success
3887,3887,2025-11-19,1051.01,UPI,Success
3888,3888,2024-09-03,3521.28,Debit Card,Success
3889,3889,2026-01-17,2657.95,UPI,Success
3890,3890,2026-05-14,3332.32,UPI,Success
3891,3891,2025-12-05,1258.03,UPI,Failed
3892,3892,2025-06-01,631.48,Credit Card,Success
3893,3893,2025-07-09,1945.59,Debit Card,Success
3894,3894,2024-12-20,594.08,Net Banking,Failed
3895,3895,2026-06-17,401.69,Debit Card,Success
3896,3896,2025-11-07,652.36,Debit Card,Success
3897,3897,2026-06-20,80.23,Credit Card,Success
3898,3898,2026-05-21,266.59,Net Banking,Failed
3899,3899,2026-08-27,244.63,Net Banking,Failed
3900,3900,2026-02-04,2423.65,Debit Card,Success
3901,3901,2026-01-30,2282.64,Net Banking,Failed
3902,3902,2026-03-30,874.53,UPI,Success
3903,3903,2025-08-03,2980.6,Credit Card,Success
3904,3904,2025-12-06,610.63,Credit Card,Success
3905,3905,2026-06-20,286.15,UPI,Success
3906,3906,2026-05-24,1543.33,Credit Card,Success
3907,3907,2024-06-23,2164.2,UPI,Success
3908,3908,2026-01-09,63.89,Debit Card,Success
3909,3909,2026-03-29,140.19,Debit Card,Failed
3910,3910,2025-12-06,3111.11,UPI,Failed
3911,3911,2025-08-17,2749.81,UPI,Success
3912,3912,2026-04-20,282.61,Net Banking,Failed
3913,3913,2026-04-28,609.43,Net Banking,Failed
3914,3914,2025-01-25,1050.24,UPI,Success
3915,3915,2025-09-23,3005.35,Debit Card,Success
3916,3916,2026-08-29,1701.16,Net Banking,Failed
3917,3917,2025-03-28,2568.41,UPI,Failed
3918,3918,2026-02-09,800.0,Net Banking,Success
3919,3919,2026-06-24,1446.26,Credit Card,Success
3920,3920,2024-11-18,4664.8,Credit Card,Success
3921,3921,2026-05-19,468.67,Net Banking,Refunded
3922,3922,2025-01-04,54.65,UPI,Refunded
3923,3923,2025-01-27,1095.16,Debit Card,Success
3924,3924,2025-10-21,2059.68,Credit Card,Failed
3925,3925,2026-06-03,219.09,Credit Card,Success
3926,3926,2025-03-24,1108.92,Credit Card,Success
3927,3927,2025-11-19,254.74,Net Banking,Success
3928,3928,2026-07-28,161.29,Credit Card,Success
3929,3929,2025-01-02,567.99,Net Banking,Success
3930,3930,2025-12-01,44.53,Net Banking,Success
3931,3931,2025-12-05,831.8,Net Banking,Failed
3932,3932,2025-06-26,2495.8,Credit Card,Success
3933,3933,2026-03-03,2437.33,UPI,Success
3934,3934,2026-06-05,446.15,UPI,Success
3935,3935,2025-12-02,423.74,UPI,Success
3936,3936,2026-04-28,293.75,Debit Card,Success
3937,3937,2026-06-10,292.15,Credit Card,Refunded
3938,3938,2026-02-06,109.57,Credit Card,Success
3939,3939,2025-12-09,5451.8,Credit Card,Success
3940,3940,2026-03-15,414.83,Net Banking,Failed
3941,3941,2024-06-18,109.12,Net Banking,Success
3942,3942,2025-12-19,1551.14,UPI,Refunded
3943,3943,2026-04-30,2037.06,Net Banking,Success
3944,3944,2026-07-14,563.59,Net Banking,Success
3945,3945,2025-05-13,456.14,Credit Card,Success
3946,3946,2025-12-31,209.34,Debit Card,Success
3947,3947,2026-08-07,641.49,UPI,Success
3948,3948,2026-05-25,86.24,UPI,Success
3949,3949,2026-01-26,53.62,Net Banking,Success
3950,3950,2026-05-06,149.17,Net Banking,Success
3951,3951,2026-02-26,55.35,Debit Card,Success
3952,3952,2025-01-07,271.83,Net Banking,Success
3953,3953,2026-02-01,254.42,Credit Card,Success
3954,3954,2025-10-19,4419.98,UPI,Success
3955,3955,2025-10-26,2791.38,Credit Card,Success
3956,3956,2026-08-17,1173.93,UPI,Success
3957,3957,2025-02-03,2918.67,UPI,Success
3958,3958,2026-07-15,2397.5,UPI,Success
3959,3959,2024-11-17,1733.47,Net Banking,Success
3960,3960,2025-10-20,319.23,Credit Card,Success
3961,3961,2026-06-16,100.42,Net Banking,Success
3962,3962,2025-10-04,139.45,Debit Card,Success
3963,3963,2025-08-28,411.74,Credit Card,Success
3964,3964,2025-06-06,1124.91,UPI,Success
3965,3965,2026-04-17,3162.06,Debit Card,Success
3966,3966,2024-06-06,2788.65,Credit Card,Success
3967,3967,2025-08-07,1183.48,Debit Card,Success
3968,3968,2025-12-18,150.98,Credit Card,Success
3969,3969,2026-01-22,2136.61,Debit Card,Success
3970,3970,2026-05-23,1370.74,Net Banking,Success
3971,3971,2024-10-31,680.73,UPI,Success
3972,3972,2026-03-23,3398.48,Credit Card,Success
3973,3973,2026-05-12,110.76,Credit Card,Success
3974,3974,2026-02-07,507.51,UPI,Success
3975,3975,2026-07-28,1232.22,Credit Card,Success
3976,3976,2025-11-09,1628.54,Credit Card,Success
3977,3977,2025-03-05,41.85,Net Banking,Refunded
3978,3978,2025-07-04,1142.68,UPI,Success
3979,3979,2025-09-21,198.87,Debit Card,Success
3980,3980,2025-10-08,3082.27,UPI,Success
3981,3981,2025-07-07,3821.89,Credit Card,Success
3982,3982,2026-01-06,99.04,Debit Card,Success
3983,3983,2025-01-09,271.67,Debit Card,Success
3984,3984,2025-05-04,3807.34,Debit Card,Success
3985,3985,2025-01-26,175.21,Net Banking,Failed
3986,3986,2025-07-31,1173.23,UPI,Success
3987,3987,2024-08-11,1153.58,Debit Card,Success
3988,3988,2025-01-04,1770.37,Debit Card,Success
3989,3989,2026-04-14,2500.01,UPI,Failed
3990,3990,2024-11-04,354.74,Net Banking,Success
3991,3991,2025-05-30,1754.24,Debit Card,Success
3992,3992,2025-06-11,557.42,Net Banking,Success
3993,3993,2024-10-14,311.99,Debit Card,Refunded
3994,3994,2025-07-08,81.78,Credit Card,Success
3995,3995,2025-12-17,429.73,Credit Card,Success
3996,3996,2025-03-07,1289.57,Debit Card,Failed
3997,3997,2025-10-31,364.07,Net Banking,Success
3998,3998,2026-05-04,426.56,Net Banking,Success
3999,3999,2026-03-16,263.29,Credit Card,Success
4000,4000,2024-05-31,412.55,Debit Card,Success
4001,4001,2026-03-09,2271.67,Debit Card,Success
4002,4002,2026-06-02,3921.04,Credit Card,Success
4003,4003,2026-02-01,291.64,Debit Card,Success
4004,4004,2025-12-31,6783.7,Debit Card,Success
4005,4005,2026-07-30,360.48,Debit Card,Success
4006,4006,2026-01-06,2503.47,Debit Card,Success
4007,4007,2026-03-28,796.06,Net Banking,Success
4008,4008,2025-10-19,255.2,Net Banking,Success
4009,4009,2025-07-09,3221.55,Debit Card,Refunded
4010,4010,2025-02-16,2010.42,Credit Card,Failed
4011,4011,2025-05-26,4401.69,Debit Card,Success
4012,4012,2024-12-23,3430.81,Credit Card,Success
4013,4013,2025-11-07,398.1,UPI,Success
4014,4014,2025-01-05,3796.65,Debit Card,Success
4015,4015,2024-07-04,1390.08,UPI,Success
4016,4016,2026-01-10,2260.7,Net Banking,Success
4017,4017,2025-11-27,552.94,Credit Card,Success
4018,4018,2024-12-20,95.82,Debit Card,Success
4019,4019,2026-04-03,79.34,Net Banking,Refunded
4020,4020,2026-03-16,823.51,Credit Card,Success
4021,4021,2026-08-08,111.86,Debit Card,Success
4022,4022,2025-04-28,1013.04,Credit Card,Failed
4023,4023,2025-12-11,237.25,Credit Card,Success
4024,4024,2026-07-08,497.81,Net Banking,Success
4025,4025,2026-08-23,77.5,UPI,Success
4026,4026,2025-10-23,569.13,Net Banking,Success
4027,4027,2025-04-14,309.47,Net Banking,Success
4028,4028,2025-02-07,2530.58,Credit Card,Success
4029,4029,2026-03-09,1425.96,UPI,Success
4030,4030,2025-01-27,1329.68,UPI,Success
4031,4031,2025-09-26,582.64,Credit Card,Success
4032,4032,2025-07-23,279.87,Credit Card,Success
4033,4033,2025-08-02,772.78,UPI,Success
4034,4034,2025-12-26,104.06,Debit Card,Success
4035,4035,2025-11-18,417.12,UPI,Success
4036,4036,2024-08-07,340.12,UPI,Success
4037,4037,2025-08-22,387.88,Debit Card,Success
4038,4038,2026-06-07,305.73,Net Banking,Success
4039,4039,2026-03-13,305.38,UPI,Success
4040,4040,2025-05-22,69.64,Net Banking,Failed
4041,4041,2025-11-29,124.69,Net Banking,Success
4042,4042,2025-09-11,782.09,Net Banking,Failed
4043,4043,2026-04-15,926.82,UPI,Success
4044,4044,2025-04-21,2124.82,UPI,Success
4045,4045,2024-10-12,386.52,UPI,Failed
4046,4046,2025-09-09,44.52,Credit Card,Success
4047,4047,2026-06-10,712.53,Debit Card,Failed
4048,4048,2025-07-23,515.25,UPI,Success
4049,4049,2026-07-20,912.32,Debit Card,Success
4050,4050,2025-10-08,459.31,Credit Card,Success
4051,4051,2026-08-23,2554.55,Debit Card,Success
4052,4052,2025-10-28,277.14,UPI,Success
4053,4053,2024-10-28,2165.01,Debit Card,Success
4054,4054,2025-07-12,235.62,Net Banking,Success
4055,4055,2025-06-29,275.69,Debit Card,Success
4056,4056,2025-04-22,1260.53,Debit Card,Success
4057,4057,2026-07-02,4312.21,Debit Card,Success
4058,4058,2025-11-15,1835.95,Credit Card,Success
4059,4059,2026-05-23,2546.41,Debit Card,Success
4060,4060,2025-03-28,2305.0,UPI,Success
4061,4061,2026-01-30,77.09,UPI,Success
4062,4062,2026-08-18,971.7,Debit Card,Success
4063,4063,2026-01-14,3520.3,Credit Card,Success
4064,4064,2026-07-09,5157.46,Credit Card,Success
4065,4065,2026-04-01,5743.17,Debit Card,Success
4066,4066,2024-03-18,58.97,Credit Card,Success
4067,4067,2025-10-31,2929.42,Debit Card,Failed
4068,4068,2025-04-03,2262.26,Debit Card,Success
4069,4069,2025-04-30,4189.87,Credit Card,Success
4070,4070,2026-04-08,553.59,Debit Card,Success
4071,4071,2024-03-26,312.19,Net Banking,Success
4072,4072,2025-10-26,50.89,Credit Card,Success
4073,4073,2025-02-17,192.17,UPI,Success
4074,4074,2026-02-03,997.63,Credit Card,Success
4075,4075,2026-02-09,189.69,UPI,Refunded
4076,4076,2024-11-23,201.75,Net Banking,Success
4077,4077,2026-01-04,4599.98,Debit Card,Failed
4078,4078,2026-06-21,3765.44,UPI,Success
4079,4079,2025-09-12,5416.89,Credit Card,Success
4080,4080,2026-06-22,536.34,UPI,Success
4081,4081,2026-05-28,2614.49,UPI,Success
4082,4082,2025-09-11,173.01,Net Banking,Success
4083,4083,2026-04-28,2148.03,Net Banking,Success
4084,4084,2025-06-05,489.92,Credit Card,Success
4085,4085,2025-06-27,268.9,Debit Card,Success
4086,4086,2026-05-16,328.31,Credit Card,Success
4087,4087,2025-03-06,1818.14,Credit Card,Success
4088,4088,2025-10-08,2172.9,Credit Card,Success
4089,4089,2026-01-24,473.2,Credit Card,Success
4090,4090,2025-10-06,2019.34,Credit Card,Success
4091,4091,2025-01-16,2042.52,Net Banking,Success
4092,4092,2024-12-14,490.54,Credit Card,Success
4093,4093,2024-10-13,3022.39,Credit Card,Success
4094,4094,2025-07-21,430.28,UPI,Success
4095,4095,2026-07-05,1010.41,Credit Card,Failed
4096,4096,2026-05-11,57.2,Debit Card,Refunded
4097,4097,2026-08-24,54.41,UPI,Success
4098,4098,2026-02-13,170.06,Net Banking,Success
4099,4099,2024-12-24,151.54,Debit Card,Failed
4100,4100,2026-03-21,333.47,Debit Card,Success
4101,4101,2026-08-23,1340.99,Net Banking,Success
4102,4102,2024-09-30,233.88,Credit Card,Success
4103,4103,2024-07-25,373.71,Credit Card,Success
4104,4104,2026-04-23,323.05,Net Banking,Success
4105,4105,2026-03-17,3173.09,Debit Card,Success
4106,4106,2025-01-24,60.56,Net Banking,Failed
4107,4107,2025-05-23,996.62,UPI,Success
4108,4108,2024-09-02,604.49,Debit Card,Success
4109,4109,2025-09-05,2555.54,UPI,Success
4110,4110,2026-06-19,542.69,Debit Card,Success
4111,4111,2025-08-20,534.41,Credit Card,Success
4112,4112,2025-04-02,785.35,Debit Card,Success
4113,4113,2026-04-12,2133.55,Net Banking,Success
4114,4114,2026-02-06,277.83,UPI,Success
4115,4115,2026-03-22,873.96,Credit Card,Success
4116,4116,2025-01-21,597.46,Net Banking,Success
4117,4117,2026-05-28,1163.76,Debit Card,Success
4118,4118,2026-01-21,47.29,UPI,Success
4119,4119,2026-07-30,653.94,Credit Card,Failed
4120,4120,2026-03-17,2025.09,Credit Card,Success
4121,4121,2024-06-18,73.6,Net Banking,Success
4122,4122,2026-02-19,61.66,UPI,Failed
4123,4123,2025-09-25,3244.44,Debit Card,Success
4124,4124,2026-02-24,636.81,Debit Card,Success
4125,4125,2026-01-01,423.72,Credit Card,Success
4126,4126,2025-10-14,4644.16,UPI,Success
4127,4127,2026-08-01,1829.08,Debit Card,Success
4128,4128,2026-01-16,599.11,UPI,Success
4129,4129,2025-09-30,147.29,Debit Card,Success
4130,4130,2025-07-20,1053.25,Net Banking,Success
4131,4131,2025-10-10,250.18,Credit Card,Success
4132,4132,2026-06-20,190.3,Credit Card,Success
4133,4133,2026-05-14,317.44,Net Banking,Success
4134,4134,2024-05-20,582.39,Net Banking,Success
4135,4135,2025-01-23,198.22,UPI,Success
4136,4136,2026-02-10,228.04,Net Banking,Success
4137,4137,2025-12-09,3238.33,Debit Card,Success
4138,4138,2026-03-03,1000.23,Debit Card,Success
4139,4139,2026-06-13,1520.3,Debit Card,Success
4140,4140,2026-02-07,687.32,Net Banking,Success
4141,4141,2025-08-27,4018.03,Debit Card,Success
4142,4142,2026-01-21,5459.13,Debit Card,Success
4143,4143,2025-05-20,466.04,Credit Card,Failed
4144,4144,2026-08-06,789.97,Net Banking,Success
4145,4145,2025-12-27,3866.53,Credit Card,Success
4146,4146,2026-05-25,432.36,UPI,Success
4147,4147,2026-01-10,91.15,Credit Card,Success
4148,4148,2025-09-19,526.43,UPI,Success
4149,4149,2025-08-15,1956.73,Net Banking,Success
4150,4150,2026-06-24,2429.77,UPI,Success
4151,4151,2026-01-11,2898.31,Debit Card,Refunded
4152,4152,2025-07-17,518.05,UPI,Success
4153,4153,2025-07-10,4204.13,Net Banking,Success
4154,4154,2026-01-26,382.27,Debit Card,Refunded
4155,4155,2025-11-19,195.57,Credit Card,Success
4156,4156,2025-12-18,335.01,Credit Card,Refunded
4157,4157,2025-11-07,417.84,Net Banking,Success
4158,4158,2026-02-28,3221.38,UPI,Success
4159,4159,2025-05-07,857.67,UPI,Success
4160,4160,2025-11-09,336.25,Net Banking,Success
4161,4161,2025-11-06,2159.94,Debit Card,Success
4162,4162,2026-06-02,1624.92,Debit Card,Success
4163,4163,2025-07-21,3013.37,Net Banking,Success
4164,4164,2026-07-24,3318.67,Credit Card,Success
4165,4165,2025-03-24,361.56,Net Banking,Failed
4166,4166,2024-06-21,156.84,Credit Card,Refunded
4167,4167,2025-09-08,169.17,UPI,Success
4168,4168,2025-09-14,571.39,Debit Card,Success
4169,4169,2025-10-09,3047.73,Net Banking,Success
4170,4170,2025-12-01,124.24,Credit Card,Success
4171,4171,2025-12-22,2272.27,Net Banking,Success
4172,4172,2026-05-15,62.19,Credit Card,Refunded
4173,4173,2025-02-15,96.63,Debit Card,Success
4174,4174,2026-02-25,5469.62,Credit Card,Success
4175,4175,2024-11-17,1283.7,Net Banking,Success
4176,4176,2026-08-01,1608.93,Credit Card,Failed
4177,4177,2025-03-14,2204.3,Credit Card,Failed
4178,4178,2025-08-24,94.59,Net Banking,Success
4179,4179,2025-11-01,4694.04,Debit Card,Success
4180,4180,2026-05-12,614.03,Credit Card,Success
4181,4181,2026-06-26,3435.12,UPI,Success
4182,4182,2024-05-03,3355.91,Debit Card,Success
4183,4183,2026-04-18,150.4,Credit Card,Success
4184,4184,2024-09-21,1314.0,Debit Card,Success
4185,4185,2025-06-06,999.44,Debit Card,Success
4186,4186,2024-08-06,54.56,Credit Card,Success
4187,4187,2024-08-05,1395.84,Net Banking,Success
4188,4188,2025-11-17,3600.42,UPI,Success
4189,4189,2026-05-11,854.74,Net Banking,Success
4190,4190,2026-03-06,211.11,Credit Card,Success
4191,4191,2025-10-20,314.61,Net Banking,Success
4192,4192,2026-03-02,489.71,UPI,Success
4193,4193,2026-01-14,4178.47,Debit Card,Success
4194,4194,2026-05-25,629.39,UPI,Success
4195,4195,2026-01-07,2509.64,Credit Card,Success
4196,4196,2026-08-13,104.77,Debit Card,Success
4197,4197,2026-02-27,101.63,Credit Card,Failed
4198,4198,2025-07-23,1858.92,Credit Card,Success
4199,4199,2025-11-29,4401.21,UPI,Success
4200,4200,2025-01-10,1700.77,Net Banking,Success
4201,4201,2025-04-03,1628.47,UPI,Refunded
4202,4202,2025-09-03,131.18,Credit Card,Success
4203,4203,2025-10-29,4791.12,Debit Card,Success
4204,4204,2026-05-04,887.27,Net Banking,Failed
4205,4205,2026-04-25,900.61,Debit Card,Success
4206,4206,2025-12-12,53.36,Debit Card,Success
4207,4207,2026-04-10,592.88,Debit Card,Success
4208,4208,2025-02-05,3498.69,Debit Card,Success
4209,4209,2025-04-11,469.3,Debit Card,Refunded
4210,4210,2025-09-07,40.02,Debit Card,Success
4211,4211,2025-10-15,3861.11,UPI,Failed
4212,4212,2025-05-20,4130.82,Net Banking,Failed
4213,4213,2024-08-08,1229.04,Net Banking,Success
4214,4214,2026-02-16,3435.42,Debit Card,Success
4215,4215,2026-02-13,3245.87,Debit Card,Success
4216,4216,2026-02-27,206.19,Net Banking,Success
4217,4217,2025-11-12,1127.99,Net Banking,Refunded
4218,4218,2025-10-22,670.89,Debit Card,Success
4219,4219,2026-02-14,343.86,Debit Card,Success
4220,4220,2026-05-20,3759.22,Net Banking,Success
4221,4221,2025-09-13,146.32,Debit Card,Success
4222,4222,2026-05-07,2007.46,Debit Card,Success
4223,4223,2025-09-01,4983.92,UPI,Success
4224,4224,2025-10-30,1424.44,Debit Card,Success
4225,4225,2026-06-11,282.81,UPI,Success
4226,4226,2026-02-22,1656.15,Debit Card,Success
4227,4227,2025-04-15,5967.82,Net Banking,Success
4228,4228,2024-03-20,1314.5,Net Banking,Success
4229,4229,2026-02-16,3495.02,Credit Card,Success
4230,4230,2026-03-07,282.61,Debit Card,Failed
4231,4231,2026-04-08,241.73,Credit Card,Success
4232,4232,2024-08-26,2378.82,Credit Card,Success
4233,4233,2025-01-23,9261.66,Net Banking,Failed
4234,4234,2026-04-08,2168.27,UPI,Success
4235,4235,2026-08-10,1913.91,UPI,Success
4236,4236,2026-02-23,333.6,Credit Card,Success
4237,4237,2026-02-19,331.5,UPI,Success
4238,4238,2026-08-24,300.86,Net Banking,Success
4239,4239,2025-06-23,1258.44,Debit Card,Success
4240,4240,2026-05-12,5336.31,UPI,Success
4241,4241,2025-10-10,7424.48,Net Banking,Success
4242,4242,2025-05-09,1041.59,Credit Card,Success
4243,4243,2025-12-20,1008.28,Debit Card,Success
4244,4244,2025-11-04,3586.61,UPI,Success
4245,4245,2026-01-07,5457.24,Net Banking,Success
4246,4246,2026-07-17,158.03,UPI,Refunded
4247,4247,2025-11-10,105.54,Debit Card,Success
4248,4248,2026-06-24,2578.1,Net Banking,Refunded
4249,4249,2025-11-21,486.22,UPI,Success
4250,4250,2026-06-13,184.99,Net Banking,Success
4251,4251,2026-08-01,46.45,Debit Card,Success
4252,4252,2026-03-11,1027.42,Net Banking,Success
4253,4253,2024-02-01,4653.01,Net Banking,Success
4254,4254,2025-04-25,160.45,Net Banking,Success
4255,4255,2025-11-02,3420.71,Debit Card,Success
4256,4256,2026-05-29,553.96,Credit Card,Success
4257,4257,2026-03-27,1089.26,Credit Card,Success
4258,4258,2026-02-02,347.37,Credit Card,Failed
4259,4259,2025-05-17,112.17,Debit Card,Success
4260,4260,2024-11-05,2530.38,UPI,Success
4261,4261,2025-10-13,3890.9,UPI,Success
4262,4262,2025-05-20,2201.57,Debit Card,Success
4263,4263,2025-10-25,3977.91,Debit Card,Success
4264,4264,2026-06-07,616.35,Net Banking,Success
4265,4265,2026-01-24,89.14,Net Banking,Success
4266,4266,2025-07-06,545.04,Debit Card,Success
4267,4267,2026-05-13,2339.39,Net Banking,Success
4268,4268,2026-03-10,927.17,Net Banking,Success
4269,4269,2025-07-30,869.26,Debit Card,Success
4270,4270,2026-03-02,2169.75,Net Banking,Refunded
4271,4271,2026-06-11,6231.16,UPI,Success
4272,4272,2025-07-02,63.33,Net Banking,Success
4273,4273,2024-12-06,2441.0,Debit Card,Success
4274,4274,2025-10-22,1360.58,Debit Card,Success
4275,4275,2024-08-29,2612.55,UPI,Success
4276,4276,2026-02-10,595.14,Net Banking,Success
4277,4277,2025-03-15,1151.13,Debit Card,Success
4278,4278,2025-06-02,4174.25,Debit Card,Success
4279,4279,2025-05-02,4799.73,Net Banking,Success
4280,4280,2024-10-29,763.71,Debit Card,Success
4281,4281,2025-11-27,3776.94,Debit Card,Success
4282,4282,2025-01-24,283.83,Net Banking,Success
4283,4283,2024-07-09,1351.04,Net Banking,Success
4284,4284,2025-09-09,2890.51,Net Banking,Success
4285,4285,2024-08-27,5083.59,Debit Card,Success
4286,4286,2025-08-08,178.54,Debit Card,Success
4287,4287,2024-12-26,1309.15,UPI,Success
4288,4288,2025-10-23,2300.84,Credit Card,Success
4289,4289,2025-12-09,414.6,UPI,Success
4290,4290,2025-03-09,1346.21,Net Banking,Success
4291,4291,2025-11-29,666.89,Net Banking,Success
4292,4292,2025-10-10,1190.4,UPI,Success
4293,4293,2026-05-17,3251.12,Debit Card,Success
4294,4294,2026-04-20,87.83,UPI,Failed
4295,4295,2024-11-19,1195.98,Debit Card,Success
4296,4296,2026-01-27,125.54,Debit Card,Success
4297,4297,2026-01-31,125.09,Debit Card,Success
4298,4298,2026-01-13,308.86,Net Banking,Success
4299,4299,2025-07-25,2608.1,Net Banking,Failed
4300,4300,2026-05-05,288.87,Net Banking,Success
4301,4301,2024-08-27,154.43,Debit Card,Success
4302,4302,2026-04-17,163.56,Net Banking,Refunded
4303,4303,2025-04-04,5657.59,UPI,Success
4304,4304,2024-07-02,1439.41,Credit Card,Success
4305,4305,2026-05-10,504.83,Debit Card,Success
4306,4306,2025-08-05,258.62,Debit Card,Success
4307,4307,2026-06-04,201.64,UPI,Success
4308,4308,2025-12-07,294.75,UPI,Success
4309,4309,2025-01-28,4211.96,Debit Card,Success
4310,4310,2025-09-17,507.65,UPI,Success
4311,4311,2025-06-09,978.43,Credit Card,Success
4312,4312,2026-08-29,318.0,Credit Card,Success
4313,4313,2026-02-22,3141.78,Credit Card,Success
4314,4314,2026-08-18,1209.25,Net Banking,Failed
4315,4315,2026-08-21,516.11,Debit Card,Success
4316,4316,2026-06-07,855.99,Credit Card,Failed
4317,4317,2025-08-09,1442.73,UPI,Success
4318,4318,2024-11-03,2889.69,UPI,Success
4319,4319,2026-07-19,2569.23,Net Banking,Success
4320,4320,2025-06-14,222.69,UPI,Success
4321,4321,2025-01-02,1445.01,UPI,Success
4322,4322,2024-08-04,307.45,Debit Card,Success
4323,4323,2026-01-22,2888.69,Net Banking,Success
4324,4324,2025-05-04,2503.53,Credit Card,Success
4325,4325,2025-10-26,954.12,Debit Card,Success
4326,4326,2025-12-06,3424.89,Debit Card,Success
4327,4327,2024-12-30,2017.63,UPI,Success
4328,4328,2025-01-14,1679.28,UPI,Success
4329,4329,2026-07-18,5865.23,UPI,Success
4330,4330,2026-06-16,6236.87,Debit Card,Refunded
4331,4331,2026-05-14,273.6,Debit Card,Success
4332,4332,2026-03-06,351.68,Debit Card,Failed
4333,4333,2026-06-07,49.73,Debit Card,Success
4334,4334,2025-10-25,487.25,Net Banking,Success
4335,4335,2026-02-01,992.51,Net Banking,Failed
4336,4336,2025-10-01,132.91,UPI,Success
4337,4337,2026-04-22,3000.79,UPI,Success
4338,4338,2025-12-25,2270.69,UPI,Success
4339,4339,2026-01-15,2674.27,Debit Card,Success
4340,4340,2026-01-07,636.99,Debit Card,Success
4341,4341,2026-07-21,63.56,UPI,Success
4342,4342,2025-09-17,5587.06,Credit Card,Failed
4343,4343,2025-03-27,251.61,Net Banking,Success
4344,4344,2025-02-21,565.55,Credit Card,Success
4345,4345,2024-12-15,1522.42,Credit Card,Success
4346,4346,2026-04-13,643.04,UPI,Success
4347,4347,2026-08-04,130.84,Net Banking,Failed
4348,4348,2025-03-14,2700.67,Credit Card,Success
4349,4349,2025-06-08,3735.94,Debit Card,Success
4350,4350,2025-10-30,2283.93,UPI,Success
4351,4351,2026-06-25,961.87,Net Banking,Success
4352,4352,2026-05-03,241.91,Debit Card,Success
4353,4353,2025-06-09,191.66,Net Banking,Success
4354,4354,2025-08-04,531.08,Credit Card,Success
4355,4355,2026-05-15,346.11,Debit Card,Success
4356,4356,2025-01-11,909.79,Credit Card,Success
4357,4357,2025-06-26,4338.78,UPI,Success
4358,4358,2026-07-29,213.9,Debit Card,Success
4359,4359,2026-06-20,221.52,UPI,Failed
4360,4360,2025-08-01,540.19,UPI,Success
4361,4361,2026-07-19,556.17,Credit Card,Success
4362,4362,2026-01-17,5628.74,Debit Card,Success
4363,4363,2025-02-04,93.19,UPI,Success
4364,4364,2025-07-01,734.53,Debit Card,Success
4365,4365,2026-08-26,339.07,UPI,Success
4366,4366,2024-09-11,3984.39,Debit Card,Success
4367,4367,2025-01-20,3567.91,Net Banking,Success
4368,4368,2026-05-12,1210.72,Debit Card,Success
4369,4369,2025-07-04,828.8,Debit Card,Success
4370,4370,2025-11-21,554.27,Debit Card,Failed
4371,4371,2025-01-31,65.88,Debit Card,Success
4372,4372,2026-08-06,583.0,Debit Card,Success
4373,4373,2025-05-12,258.39,UPI,Success
4374,4374,2026-01-16,327.71,UPI,Success
4375,4375,2026-01-17,245.6,Debit Card,Failed
4376,4376,2026-04-21,368.5,Debit Card,Success
4377,4377,2026-07-10,3895.56,UPI,Success
4378,4378,2025-10-26,215.33,Debit Card,Success
4379,4379,2025-07-01,834.94,Net Banking,Success
4380,4380,2026-05-05,9775.25,Debit Card,Success
4381,4381,2026-07-20,410.8,Debit Card,Failed
4382,4382,2026-01-21,1609.21,UPI,Success
4383,4383,2025-03-05,1574.01,UPI,Success
4384,4384,2026-04-28,651.84,Credit Card,Failed
4385,4385,2025-10-16,104.06,UPI,Success
4386,4386,2024-08-04,677.47,Net Banking,Success
4387,4387,2025-07-30,2363.88,UPI,Success
4388,4388,2025-10-03,1216.4,UPI,Success
4389,4389,2024-10-31,3593.78,Debit Card,Success
4390,4390,2024-05-20,61.66,Credit Card,Success
4391,4391,2026-04-01,1944.31,Debit Card,Success
4392,4392,2026-01-04,4871.46,Debit Card,Success
4393,4393,2025-11-28,151.54,Debit Card,Refunded
4394,4394,2025-12-30,688.8,Credit Card,Success
4395,4395,2025-05-14,108.84,Net Banking,Success
4396,4396,2026-07-30,372.96,UPI,Success
4397,4397,2025-12-24,5848.42,Debit Card,Success
4398,4398,2026-07-07,204.12,Net Banking,Refunded
4399,4399,2025-01-27,1352.92,UPI,Success
4400,4400,2024-11-07,184.7,Net Banking,Success
4401,4401,2026-02-09,2074.94,Debit Card,Success
4402,4402,2026-05-07,191.25,Net Banking,Success
4403,4403,2026-04-14,2343.32,Debit Card,Success
4404,4404,2026-03-22,3172.46,Credit Card,Success
4405,4405,2025-10-19,1248.73,UPI,Success
4406,4406,2026-08-02,500.28,Net Banking,Success
4407,4407,2026-07-26,2938.19,UPI,Success
4408,4408,2026-06-25,689.27,Net Banking,Success
4409,4409,2025-05-19,4207.11,Net Banking,Success
4410,4410,2025-12-24,2924.45,Net Banking,Success
4411,4411,2026-07-21,149.73,Credit Card,Success
4412,4412,2024-08-12,812.13,Debit Card,Success
4413,4413,2025-11-16,3789.31,UPI,Success
4414,4414,2026-06-04,601.58,Credit Card,Success
4415,4415,2024-11-03,1565.63,Credit Card,Success
4416,4416,2025-08-24,154.47,Net Banking,Failed
4417,4417,2025-07-26,1477.78,UPI,Success
4418,4418,2026-01-02,863.36,Net Banking,Success
4419,4419,2026-07-06,4277.7,Net Banking,Failed
4420,4420,2024-10-27,4962.55,Credit Card,Success
4421,4421,2026-08-05,1143.98,UPI,Success
4422,4422,2026-07-27,201.75,Credit Card,Success
4423,4423,2026-07-03,229.94,Debit Card,Success
4424,4424,2026-05-05,890.68,Credit Card,Success
4425,4425,2025-11-23,2862.41,Net Banking,Success
4426,4426,2025-12-05,344.58,Net Banking,Failed
4427,4427,2026-02-19,567.11,Debit Card,Success
4428,4428,2026-07-13,191.66,Debit Card,Success
4429,4429,2026-07-10,77.09,Debit Card,Success
4430,4430,2026-02-16,2578.96,UPI,Success
4431,4431,2025-01-30,219.91,Debit Card,Success
4432,4432,2026-06-30,191.66,UPI,Success
4433,4433,2025-11-14,52.86,Credit Card,Success
4434,4434,2024-07-03,772.18,Net Banking,Success
4435,4435,2025-07-27,119.63,UPI,Success
4436,4436,2026-08-10,1182.77,Debit Card,Failed
4437,4437,2026-02-20,247.25,Credit Card,Success
4438,4438,2026-04-08,1008.09,Net Banking,Success
4439,4439,2025-02-21,1985.76,UPI,Success
4440,4440,2026-01-23,866.81,Debit Card,Success
4441,4441,2025-08-31,195.97,Debit Card,Success
4442,4442,2025-02-12,212.82,Debit Card,Success
4443,4443,2025-11-02,2805.64,Credit Card,Success
4444,4444,2025-11-11,1393.17,Net Banking,Success
4445,4445,2026-07-01,157.15,Net Banking,Success
4446,4446,2024-02-29,6410.13,UPI,Success
4447,4447,2025-01-27,3186.44,Debit Card,Success
4448,4448,2025-10-11,616.77,Credit Card,Success
4449,4449,2025-12-31,1018.02,Debit Card,Failed
4450,4450,2025-06-12,2773.59,Net Banking,Success
4451,4451,2025-07-18,219.89,Net Banking,Success
4452,4452,2026-01-28,1665.2,Credit Card,Success
4453,4453,2024-07-01,348.34,Credit Card,Success
4454,4454,2026-08-20,255.6,Credit Card,Refunded
4455,4455,2026-06-10,300.63,Net Banking,Success
4456,4456,2026-01-10,259.53,Debit Card,Success
4457,4457,2025-02-14,519.19,UPI,Success
4458,4458,2025-02-03,832.97,Credit Card,Success
4459,4459,2026-05-26,3465.57,Credit Card,Failed
4460,4460,2026-05-22,576.99,Net Banking,Success
4461,4461,2025-10-30,3624.62,Debit Card,Refunded
4462,4462,2025-03-19,2958.34,UPI,Failed
4463,4463,2026-02-07,165.25,UPI,Success
4464,4464,2025-04-22,4625.78,Debit Card,Success
4465,4465,2026-03-03,53.88,Net Banking,Success
4466,4466,2026-01-11,2399.7,Credit Card,Success
4467,4467,2025-11-22,707.3,UPI,Success
4468,4468,2026-05-26,584.75,UPI,Success
4469,4469,2025-11-15,297.15,UPI,Success
4470,4470,2026-07-16,38.92,Net Banking,Success
4471,4471,2026-01-01,3040.53,Net Banking,Success
4472,4472,2025-03-01,985.91,Debit Card,Success
4473,4473,2026-05-29,2808.08,UPI,Success
4474,4474,2026-03-05,480.85,UPI,Success
4475,4475,2026-05-06,1382.62,Debit Card,Success
4476,4476,2025-02-17,376.69,Net Banking,Refunded
4477,4477,2025-02-11,560.6,UPI,Success
4478,4478,2026-06-18,840.02,Debit Card,Success
4479,4479,2026-06-17,2159.5,Credit Card,Success
4480,4480,2026-05-24,2439.78,Net Banking,Success
4481,4481,2026-03-13,1487.62,Debit Card,Success
4482,4482,2024-08-31,198.87,Net Banking,Success
4483,4483,2024-10-23,273.26,Credit Card,Success
4484,4484,2026-07-14,235.72,Credit Card,Success
4485,4485,2026-06-02,110.0,Net Banking,Success
4486,4486,2026-04-16,909.02,Credit Card,Success
4487,4487,2025-10-30,85.24,Net Banking,Success
4488,4488,2025-10-26,81.99,Debit Card,Success
4489,4489,2024-07-03,147.49,UPI,Success
4490,4490,2025-05-30,488.12,Net Banking,Failed
4491,4491,2025-11-08,131.14,Net Banking,Success
4492,4492,2025-08-02,819.24,UPI,Success
4493,4493,2025-08-31,3978.86,Debit Card,Success
4494,4494,2026-02-06,4325.7,UPI,Success
4495,4495,2025-10-22,488.52,Debit Card,Success
4496,4496,2025-02-24,202.75,UPI,Success
4497,4497,2026-01-14,319.19,Credit Card,Failed
4498,4498,2025-07-30,2392.26,Net Banking,Success
4499,4499,2024-12-14,3075.75,Credit Card,Success
4500,4500,2026-04-11,827.63,Debit Card,Success
4501,4501,2026-01-10,78.05,Credit Card,Failed
4502,4502,2025-12-01,248.36,Debit Card,Failed
4503,4503,2024-09-28,851.64,Credit Card,Success
4504,4504,2026-06-26,1138.61,Net Banking,Failed
4505,4505,2026-02-15,375.57,Net Banking,Success
4506,4506,2026-03-14,4708.05,Debit Card,Success
4507,4507,2025-08-22,468.7,Net Banking,Success
4508,4508,2026-07-29,121.96,UPI,Failed
4509,4509,2026-04-19,5300.49,Net Banking,Success
4510,4510,2026-06-02,3791.19,Credit Card,Success
4511,4511,2025-01-16,2250.45,Credit Card,Failed
4512,4512,2025-01-26,713.9,Credit Card,Success
4513,4513,2026-06-25,2745.77,UPI,Failed
4514,4514,2026-08-22,109.57,Net Banking,Success
4515,4515,2026-04-18,665.79,Net Banking,Success
4516,4516,2025-03-11,196.96,Debit Card,Failed
4517,4517,2024-10-29,166.04,UPI,Refunded
4518,4518,2025-12-18,3168.92,Debit Card,Success
4519,4519,2026-05-16,1054.66,Net Banking,Success
4520,4520,2024-09-23,935.09,UPI,Success
4521,4521,2026-06-01,2728.95,Credit Card,Success
4522,4522,2025-12-22,924.64,Credit Card,Success
4523,4523,2025-01-04,1830.01,Net Banking,Success
4524,4524,2026-05-02,130.02,Credit Card,Success
4525,4525,2026-07-31,512.92,Net Banking,Success
4526,4526,2026-07-16,2958.03,Net Banking,Success
4527,4527,2025-02-22,1918.46,Net Banking,Success
4528,4528,2026-02-19,6118.16,UPI,Success
4529,4529,2025-10-11,3115.51,Net Banking,Refunded
4530,4530,2026-03-12,1386.26,Net Banking,Success
4531,4531,2025-03-03,3339.52,UPI,Success
4532,4532,2026-04-30,2338.7,Debit Card,Success
4533,4533,2025-09-27,1463.82,UPI,Success
4534,4534,2024-10-21,4350.27,Credit Card,Success
4535,4535,2025-11-24,358.61,Net Banking,Success
4536,4536,2025-11-01,352.42,Net Banking,Success
4537,4537,2025-09-09,338.83,Net Banking,Success
4538,4538,2025-12-01,1335.44,Net Banking,Success
4539,4539,2026-02-22,280.3,Net Banking,Success
4540,4540,2026-04-28,2980.45,UPI,Failed
4541,4541,2025-12-23,341.52,Net Banking,Refunded
4542,4542,2026-02-26,1230.41,UPI,Success
4543,4543,2026-03-31,63.71,Net Banking,Success
4544,4544,2026-06-05,1305.51,Credit Card,Success
4545,4545,2026-02-02,417.58,Net Banking,Success
4546,4546,2024-04-15,966.7,UPI,Success
4547,4547,2025-08-28,638.31,UPI,Refunded
4548,4548,2026-02-19,3122.88,Net Banking,Success
4549,4549,2026-07-29,28.41,UPI,Success
4550,4550,2026-01-24,824.9,Debit Card,Success
4551,4551,2026-07-16,2506.5,UPI,Failed
4552,4552,2026-08-04,608.94,Net Banking,Success
4553,4553,2026-08-18,661.5,Debit Card,Success
4554,4554,2025-06-18,585.54,UPI,Success
4555,4555,2025-11-07,4620.15,UPI,Success
4556,4556,2026-08-04,1136.17,Credit Card,Success
4557,4557,2025-01-28,919.27,Credit Card,Success
4558,4558,2025-09-18,543.01,Debit Card,Success
4559,4559,2025-12-16,4016.43,Debit Card,Success
4560,4560,2024-10-22,2858.51,UPI,Success
4561,4561,2025-10-10,3727.29,Credit Card,Success
4562,4562,2026-07-24,134.39,Debit Card,Success
4563,4563,2026-02-24,28.01,Net Banking,Success
4564,4564,2026-06-01,2104.63,Net Banking,Success
4565,4565,2026-07-05,3673.16,Credit Card,Success
4566,4566,2025-10-31,1360.07,UPI,Success
4567,4567,2026-01-07,713.49,Debit Card,Success
4568,4568,2025-08-12,634.41,Credit Card,Success
4569,4569,2025-11-11,197.05,Net Banking,Failed
4570,4570,2026-07-12,2383.81,Credit Card,Success
4571,4571,2025-11-01,217.39,Debit Card,Refunded
4572,4572,2026-05-10,208.39,Debit Card,Success
4573,4573,2026-01-16,788.09,Net Banking,Success
4574,4574,2024-11-19,85.38,UPI,Success
4575,4575,2026-05-13,2521.44,Debit Card,Success
4576,4576,2025-10-25,3435.98,UPI,Success
4577,4577,2026-03-06,377.23,UPI,Success
4578,4578,2026-08-19,695.06,Credit Card,Success
4579,4579,2025-11-13,272.7,UPI,Refunded
4580,4580,2025-02-08,308.27,Debit Card,Success
4581,4581,2026-02-10,336.8,Credit Card,Success
4582,4582,2025-11-12,348.58,Credit Card,Success
4583,4583,2025-08-19,2686.72,Credit Card,Success
4584,4584,2025-07-28,174.78,Debit Card,Failed
4585,4585,2026-04-22,1391.09,UPI,Success
4586,4586,2026-01-14,466.06,Net Banking,Success
4587,4587,2026-02-02,1452.88,Credit Card,Success
4588,4588,2025-08-27,568.2,UPI,Success
4589,4589,2025-03-05,232.12,UPI,Success
4590,4590,2026-01-17,914.6,Credit Card,Success
4591,4591,2025-10-28,224.37,Debit Card,Failed
4592,4592,2026-07-28,4114.29,UPI,Success
4593,4593,2026-03-10,3446.36,Net Banking,Success
4594,4594,2026-04-08,2799.21,Net Banking,Success
4595,4595,2026-04-14,49.76,Debit Card,Success
4596,4596,2025-09-11,84.91,Debit Card,Success
4597,4597,2026-01-17,2472.17,UPI,Success
4598,4598,2026-02-28,27.65,Credit Card,Success
4599,4599,2026-03-11,1794.29,Debit Card,Success
4600,4600,2024-10-08,3372.6,Credit Card,Success
4601,4601,2026-07-13,230.06,UPI,Success
4602,4602,2025-08-08,3830.64,Net Banking,Success
4603,4603,2026-06-17,219.91,Credit Card,Success
4604,4604,2025-12-14,692.06,UPI,Success
4605,4605,2026-03-14,3909.66,Net Banking,Success
4606,4606,2026-07-16,121.03,Credit Card,Success
4607,4607,2025-03-18,2388.47,Credit Card,Success
4608,4608,2025-04-26,3305.31,UPI,Success
4609,4609,2026-06-23,3936.09,Debit Card,Success
4610,4610,2025-09-21,3752.93,UPI,Success
4611,4611,2026-05-20,409.23,Net Banking,Success
4612,4612,2026-02-05,4700.53,Credit Card,Success
4613,4613,2026-02-05,4828.61,Credit Card,Success
4614,4614,2025-09-06,1466.54,UPI,Success
4615,4615,2026-06-09,812.53,Debit Card,Success
4616,4616,2025-08-20,139.54,Net Banking,Success
4617,4617,2025-09-25,307.35,Net Banking,Success
4618,4618,2026-02-21,3896.29,Net Banking,Success
4619,4619,2025-08-10,3729.18,Net Banking,Success
4620,4620,2025-08-15,325.78,Debit Card,Success
4621,4621,2025-07-01,1003.91,Debit Card,Failed
4622,4622,2024-07-07,899.9,Net Banking,Success
4623,4623,2026-03-23,1128.65,Credit Card,Success
4624,4624,2025-06-11,383.09,Credit Card,Failed
4625,4625,2025-10-05,935.0,Debit Card,Success
4626,4626,2025-07-05,1628.0,Credit Card,Failed
4627,4627,2025-04-29,804.07,Net Banking,Success
4628,4628,2026-06-13,181.09,Debit Card,Success
4629,4629,2026-04-05,170.65,Net Banking,Success
4630,4630,2025-09-07,538.98,Credit Card,Success
4631,4631,2026-03-25,2512.57,Net Banking,Success
4632,4632,2025-06-18,43.61,Debit Card,Success
4633,4633,2026-03-03,3501.38,Debit Card,Success
4634,4634,2026-06-08,1262.95,Net Banking,Success
4635,4635,2025-06-25,1186.7,Debit Card,Success
4636,4636,2025-01-30,427.93,Net Banking,Success
4637,4637,2025-12-07,457.55,UPI,Success
4638,4638,2025-06-30,1240.14,Debit Card,Success
4639,4639,2026-08-24,3497.23,Credit Card,Success
4640,4640,2026-01-02,103.84,Debit Card,Failed
4641,4641,2026-01-09,446.09,UPI,Success
4642,4642,2025-02-10,2727.52,Credit Card,Success
4643,4643,2025-08-19,924.54,Credit Card,Success
4644,4644,2024-11-08,41.21,Credit Card,Success
4645,4645,2024-03-08,222.2,Credit Card,Success
4646,4646,2025-04-15,1563.75,Net Banking,Success
4647,4647,2026-06-19,503.69,Credit Card,Success
4648,4648,2025-04-15,97.38,Debit Card,Success
4649,4649,2026-08-21,630.65,Net Banking,Success
4650,4650,2026-04-26,1254.49,Debit Card,Success
4651,4651,2026-07-07,121.96,Credit Card,Success
4652,4652,2026-04-09,396.76,Net Banking,Success
4653,4653,2025-11-16,851.36,Credit Card,Success
4654,4654,2025-07-04,1508.18,UPI,Success
4655,4655,2026-01-20,229.14,Debit Card,Success
4656,4656,2026-04-04,200.06,Credit Card,Success
4657,4657,2025-08-11,1008.35,Debit Card,Success
4658,4658,2025-10-23,614.72,UPI,Success
4659,4659,2025-10-12,4267.68,UPI,Refunded
4660,4660,2026-04-29,315.74,Credit Card,Failed
4661,4661,2024-11-10,557.3,Net Banking,Success
4662,4662,2025-03-31,3717.65,Debit Card,Success
4663,4663,2025-12-14,1044.02,Debit Card,Success
4664,4664,2026-04-11,284.69,Debit Card,Success
4665,4665,2025-03-25,455.14,Credit Card,Success
4666,4666,2025-11-06,2752.68,Credit Card,Success
4667,4667,2026-03-14,96.96,Debit Card,Success
4668,4668,2025-10-04,1102.66,Debit Card,Failed
4669,4669,2025-12-23,298.22,Net Banking,Failed
4670,4670,2025-10-13,434.87,Credit Card,Success
4671,4671,2024-11-16,1129.24,Credit Card,Success
4672,4672,2026-05-12,2399.12,Credit Card,Success
4673,4673,2026-04-12,62.19,UPI,Success
4674,4674,2025-11-25,3720.61,Debit Card,Success
4675,4675,2025-07-29,261.95,Net Banking,Success
4676,4676,2026-08-13,201.65,Net Banking,Failed
4677,4677,2025-04-17,3977.94,Debit Card,Failed
4678,4678,2026-04-07,863.36,UPI,Refunded
4679,4679,2024-11-23,625.59,Credit Card,Success
4680,4680,2025-03-14,845.24,UPI,Success
4681,4681,2026-02-02,569.54,Credit Card,Success
4682,4682,2025-10-17,781.78,UPI,Success
4683,4683,2026-04-14,4677.71,Debit Card,Success
4684,4684,2026-04-21,1306.56,Debit Card,Success
4685,4685,2026-04-15,1068.65,UPI,Refunded
4686,4686,2025-12-03,116.94,Debit Card,Success
4687,4687,2026-06-04,53.59,Credit Card,Success
4688,4688,2026-07-24,153.69,Debit Card,Success
4689,4689,2026-01-23,298.43,UPI,Success
4690,4690,2026-06-02,5151.93,Net Banking,Success
4691,4691,2025-11-28,130.22,Credit Card,Success
4692,4692,2026-08-30,3075.41,Credit Card,Success
4693,4693,2026-04-14,2251.98,Debit Card,Success
4694,4694,2026-05-21,466.86,UPI,Success
4695,4695,2026-05-01,100.48,Net Banking,Success
4696,4696,2026-08-22,4755.45,Credit Card,Success
4697,4697,2025-12-20,70.37,Credit Card,Success
4698,4698,2025-09-23,556.13,UPI,Success
4699,4699,2025-02-25,2688.68,Net Banking,Success
4700,4700,2026-06-20,2633.22,Net Banking,Success
4701,4701,2026-03-24,89.46,UPI,Refunded
4702,4702,2026-05-05,3372.92,Credit Card,Success
4703,4703,2024-11-20,4104.2,Credit Card,Success
4704,4704,2026-06-12,737.73,Credit Card,Success
4705,4705,2024-04-19,393.48,Credit Card,Failed
4706,4706,2025-04-22,343.11,UPI,Success
4707,4707,2026-04-03,5480.28,UPI,Success
4708,4708,2025-05-02,3870.16,UPI,Failed
4709,4709,2025-08-15,2355.87,Credit Card,Success
4710,4710,2026-02-13,912.03,Debit Card,Success
4711,4711,2024-10-17,185.52,Credit Card,Success
4712,4712,2026-04-21,3520.75,Debit Card,Success
4713,4713,2025-09-19,1584.83,Debit Card,Success
4714,4714,2026-08-16,1340.33,Credit Card,Success
4715,4715,2025-08-28,105.72,Debit Card,Success
4716,4716,2025-03-23,653.07,UPI,Success
4717,4717,2026-07-21,1284.62,Net Banking,Success
4718,4718,2025-07-28,3011.61,UPI,Success
4719,4719,2026-07-31,1198.55,Debit Card,Failed
4720,4720,2024-11-28,852.08,Credit Card,Success
4721,4721,2025-08-27,3327.2,Credit Card,Success
4722,4722,2026-04-04,720.12,UPI,Success
4723,4723,2025-08-18,474.5,Credit Card,Success
4724,4724,2025-12-16,3193.77,UPI,Success
4725,4725,2026-04-22,664.81,Credit Card,Success
4726,4726,2025-11-03,500.52,Net Banking,Success
4727,4727,2026-02-15,4070.02,UPI,Success
4728,4728,2026-05-28,136.33,Debit Card,Success
4729,4729,2025-04-24,453.21,Credit Card,Success
4730,4730,2026-04-16,2539.02,Net Banking,Success
4731,4731,2025-03-13,124.24,Debit Card,Success
4732,4732,2026-03-05,735.89,Debit Card,Success
4733,4733,2026-06-23,155.86,Credit Card,Success
4734,4734,2025-12-04,538.41,Debit Card,Success
4735,4735,2026-05-05,1835.33,Debit Card,Success
4736,4736,2026-02-23,221.97,UPI,Success
4737,4737,2025-05-17,3023.56,Net Banking,Success
4738,4738,2025-08-05,128.11,UPI,Success
4739,4739,2026-01-08,3105.14,UPI,Success
4740,4740,2025-03-24,7204.62,UPI,Success
4741,4741,2026-07-06,257.37,Net Banking,Success
4742,4742,2025-09-20,627.3,Debit Card,Failed
4743,4743,2025-01-26,79.68,Debit Card,Success
4744,4744,2026-03-06,911.92,UPI,Failed
4745,4745,2025-07-18,497.93,Credit Card,Success
4746,4746,2025-02-27,3079.94,Debit Card,Success
4747,4747,2025-10-05,482.83,UPI,Failed
4748,4748,2026-04-16,3263.18,Credit Card,Failed
4749,4749,2026-08-27,2592.69,Net Banking,Success
4750,4750,2025-02-09,3811.43,Net Banking,Success
4751,4751,2024-07-09,415.47,Debit Card,Success
4752,4752,2024-10-21,4784.9,UPI,Success
4753,4753,2025-11-21,3469.37,UPI,Refunded
4754,4754,2025-08-27,2895.62,Credit Card,Success
4755,4755,2026-08-29,1131.13,Debit Card,Success
4756,4756,2025-08-30,339.04,UPI,Success
4757,4757,2026-08-08,101.45,UPI,Success
4758,4758,2026-03-27,394.05,UPI,Success
4759,4759,2026-07-05,355.73,UPI,Failed
4760,4760,2026-08-28,619.62,Credit Card,Success
4761,4761,2025-09-11,2633.12,Net Banking,Success
4762,4762,2025-04-24,3423.22,UPI,Success
4763,4763,2025-11-14,347.37,Credit Card,Success
4764,4764,2025-05-01,179.61,UPI,Success
4765,4765,2026-03-23,210.49,Credit Card,Success
4766,4766,2026-04-22,1963.77,Credit Card,Success
4767,4767,2025-02-27,84.08,Net Banking,Success
4768,4768,2026-08-01,115.38,UPI,Success
4769,4769,2025-12-11,901.47,Net Banking,Success
4770,4770,2026-04-09,3691.36,Debit Card,Refunded
4771,4771,2026-03-21,922.99,UPI,Success
4772,4772,2026-01-16,271.28,Credit Card,Failed
4773,4773,2025-08-28,1257.38,Debit Card,Success
4774,4774,2026-06-10,743.77,UPI,Success
4775,4775,2026-07-28,2424.21,Net Banking,Success
4776,4776,2025-06-30,1369.63,Debit Card,Success
4777,4777,2026-07-17,3171.07,UPI,Success
4778,4778,2026-06-17,209.22,UPI,Success
4779,4779,2025-09-30,246.36,Net Banking,Success
4780,4780,2026-04-26,4232.51,Net Banking,Failed
4781,4781,2026-06-01,563.2,UPI,Success
4782,4782,2026-07-10,1138.4,Credit Card,Success
4783,4783,2026-06-08,1008.35,UPI,Success
4784,4784,2024-05-15,2402.43,Net Banking,Success
4785,4785,2024-02-21,91.1,Credit Card,Success
4786,4786,2025-12-29,89.36,Net Banking,Success
4787,4787,2026-04-23,1357.74,Debit Card,Success
4788,4788,2026-03-15,171.01,Credit Card,Success
4789,4789,2025-08-19,294.59,Credit Card,Success
4790,4790,2026-08-14,2920.74,Debit Card,Success
4791,4791,2025-03-20,799.19,Credit Card,Success
4792,4792,2025-11-19,857.46,UPI,Failed
4793,4793,2025-06-26,663.59,UPI,Success
4794,4794,2026-08-29,125.51,Debit Card,Success
4795,4795,2024-08-12,3051.04,Credit Card,Success
4796,4796,2025-10-29,938.28,UPI,Success
4797,4797,2025-10-18,34.77,Net Banking,Refunded
4798,4798,2026-07-19,3391.7,Net Banking,Success
4799,4799,2025-11-26,4192.98,Debit Card,Success
4800,4800,2026-03-30,2278.7,Credit Card,Success
4801,4801,2024-12-14,3131.39,Credit Card,Success
4802,4802,2025-06-23,828.37,Credit Card,Failed
4803,4803,2026-01-21,5750.74,Net Banking,Success
4804,4804,2026-02-10,70.62,Debit Card,Success
4805,4805,2025-12-21,2928.86,Net Banking,Success
4806,4806,2026-08-11,315.24,Debit Card,Success
4807,4807,2025-08-17,4498.48,Credit Card,Success
4808,4808,2026-01-28,510.67,Debit Card,Success
4809,4809,2026-08-19,59.08,Debit Card,Success
4810,4810,2025-09-10,4803.99,Net Banking,Success
4811,4811,2026-06-03,568.14,Debit Card,Success
4812,4812,2024-12-02,1840.94,Net Banking,Success
4813,4813,2026-06-09,1151.04,Credit Card,Success
4814,4814,2025-12-18,4572.29,Net Banking,Success
4815,4815,2025-07-22,4124.09,Credit Card,Success
4816,4816,2025-08-17,139.26,UPI,Failed
4817,4817,2024-07-09,96.96,Credit Card,Success
4818,4818,2025-11-23,2973.64,Net Banking,Success
4819,4819,2025-07-18,323.42,Debit Card,Failed
4820,4820,2026-08-10,160.91,UPI,Success
4821,4821,2025-11-08,3991.59,Credit Card,Failed
4822,4822,2025-09-30,120.67,Credit Card,Success
4823,4823,2025-06-17,3749.82,Net Banking,Success
4824,4824,2025-04-05,1417.17,Net Banking,Success
4825,4825,2026-03-07,2245.07,Credit Card,Success
4826,4826,2026-03-01,276.26,UPI,Success
4827,4827,2026-07-21,177.38,Net Banking,Success
4828,4828,2025-12-25,2010.57,UPI,Success
4829,4829,2025-12-28,1688.43,Net Banking,Refunded
4830,4830,2025-08-19,2410.81,Debit Card,Success
4831,4831,2026-08-29,1098.28,Net Banking,Failed
4832,4832,2024-09-28,157.3,UPI,Success
4833,4833,2026-01-28,211.16,Net Banking,Success
4834,4834,2026-01-18,263.59,Debit Card,Success
4835,4835,2025-09-02,478.93,UPI,Success
4836,4836,2026-05-16,1364.67,Credit Card,Refunded
4837,4837,2026-05-13,95.98,Net Banking,Success
4838,4838,2025-05-12,213.42,Net Banking,Success
4839,4839,2024-11-14,1260.64,Credit Card,Success
4840,4840,2025-07-07,283.3,Credit Card,Success
4841,4841,2025-04-19,2056.64,Net Banking,Success
4842,4842,2026-02-25,786.46,UPI,Failed
4843,4843,2026-03-26,41.46,Debit Card,Success
4844,4844,2025-05-03,47.29,UPI,Success
4845,4845,2025-09-18,269.5,Debit Card,Success
4846,4846,2026-05-27,3052.17,Net Banking,Success
4847,4847,2025-03-31,2667.99,Credit Card,Success
4848,4848,2026-02-28,333.78,Credit Card,Success
4849,4849,2025-05-13,109.68,UPI,Success
4850,4850,2025-08-12,459.77,Credit Card,Success
4851,4851,2026-03-04,84.4,Debit Card,Success
4852,4852,2024-10-13,695.7,Debit Card,Refunded
4853,4853,2026-04-16,697.54,UPI,Success
4854,4854,2026-06-23,7405.08,Credit Card,Success
4855,4855,2024-10-01,713.04,Debit Card,Success
4856,4856,2026-01-15,158.42,Credit Card,Success
4857,4857,2026-02-04,246.09,Credit Card,Success
4858,4858,2025-05-30,604.13,UPI,Success
4859,4859,2025-08-06,175.64,Debit Card,Success
4860,4860,2026-02-11,1983.04,Net Banking,Success
4861,4861,2025-12-10,1418.75,Credit Card,Success
4862,4862,2025-11-25,3206.05,UPI,Success
4863,4863,2026-02-12,1091.02,UPI,Refunded
4864,4864,2025-11-02,1724.44,Debit Card,Success
4865,4865,2026-05-30,111.73,UPI,Success
4866,4866,2025-02-22,344.36,UPI,Success
4867,4867,2025-11-25,311.93,Credit Card,Success
4868,4868,2025-10-09,785.86,Net Banking,Success
4869,4869,2025-10-17,212.06,Credit Card,Success
4870,4870,2025-11-24,1171.93,UPI,Success
4871,4871,2026-05-23,337.74,Net Banking,Success
4872,4872,2025-07-06,4241.3,Credit Card,Success
4873,4873,2026-05-09,297.87,UPI,Success
4874,4874,2026-02-12,301.3,UPI,Success
4875,4875,2026-01-20,5090.08,Debit Card,Success
4876,4876,2026-05-13,102.87,UPI,Success
4877,4877,2026-07-18,7108.5,Debit Card,Success
4878,4878,2026-05-08,464.88,Net Banking,Success
4879,4879,2024-04-20,2930.84,Net Banking,Success
4880,4880,2024-04-17,2843.98,Net Banking,Success
4881,4881,2026-04-30,2523.39,Credit Card,Success
4882,4882,2024-10-10,4831.52,Net Banking,Success
4883,4883,2026-04-01,124.24,Net Banking,Refunded
4884,4884,2026-07-23,1339.92,Debit Card,Success
4885,4885,2025-10-27,2329.5,Net Banking,Success
4886,4886,2025-02-17,1398.44,Net Banking,Success
4887,4887,2026-05-02,7847.29,Net Banking,Success
4888,4888,2026-01-12,2886.75,Credit Card,Failed
4889,4889,2026-01-25,95.98,Net Banking,Success
4890,4890,2025-01-08,559.64,Debit Card,Refunded
4891,4891,2025-12-25,1277.56,Debit Card,Success
4892,4892,2026-04-18,759.46,Net Banking,Success
4893,4893,2025-10-26,100.08,Credit Card,Success
4894,4894,2025-07-17,4337.06,Credit Card,Success
4895,4895,2026-08-07,197.68,Debit Card,Success
4896,4896,2025-04-01,4721.25,Debit Card,Success
4897,4897,2025-12-02,2141.76,Net Banking,Success
4898,4898,2025-11-14,565.38,UPI,Success
4899,4899,2026-08-15,4053.2,Net Banking,Success
4900,4900,2025-10-09,341.55,Credit Card,Success
4901,4901,2025-04-08,7566.03,Credit Card,Success
4902,4902,2026-03-20,1033.09,Net Banking,Success
4903,4903,2026-04-15,253.73,Credit Card,Success
4904,4904,2026-02-03,353.6,Credit Card,Success
4905,4905,2026-06-07,3522.61,Credit Card,Success
4906,4906,2025-04-03,2762.08,Debit Card,Success
4907,4907,2025-09-24,2149.15,Debit Card,Success
4908,4908,2025-06-15,5649.39,Net Banking,Failed
4909,4909,2026-01-24,1154.2,Credit Card,Refunded
4910,4910,2026-06-30,337.26,UPI,Refunded
4911,4911,2024-05-03,441.04,Credit Card,Success
4912,4912,2026-02-05,2476.56,Net Banking,Success
4913,4913,2026-02-20,1448.02,Net Banking,Failed
4914,4914,2025-04-30,3778.88,UPI,Success
4915,4915,2025-06-22,1926.85,Net Banking,Success
4916,4916,2025-07-03,271.53,Net Banking,Success
4917,4917,2026-01-23,1832.08,UPI,Success
4918,4918,2026-05-27,1607.21,Credit Card,Failed
4919,4919,2026-02-26,1284.79,Debit Card,Success
4920,4920,2025-05-23,282.64,Debit Card,Success
4921,4921,2025-02-11,359.12,Credit Card,Success
4922,4922,2025-12-20,375.27,UPI,Success
4923,4923,2025-08-12,31.57,UPI,Success
4924,4924,2024-05-03,372.27,Credit Card,Success
4925,4925,2026-04-09,2714.53,Debit Card,Success
4926,4926,2026-03-17,332.06,UPI,Success
4927,4927,2026-07-28,77.93,Credit Card,Success
4928,4928,2025-12-22,4747.69,Credit Card,Refunded
4929,4929,2025-09-05,2247.9,Debit Card,Success
4930,4930,2025-11-07,436.27,UPI,Success
4931,4931,2025-06-16,5690.72,Net Banking,Success
4932,4932,2025-10-23,6477.59,Credit Card,Success
4933,4933,2024-07-29,2745.77,Net Banking,Success
4934,4934,2024-07-24,237.82,Net Banking,Success
4935,4935,2026-05-18,3604.29,UPI,Success
4936,4936,2026-03-12,1607.21,UPI,Failed
4937,4937,2026-01-07,139.45,Debit Card,Success
4938,4938,2026-01-08,671.85,UPI,Success
4939,4939,2025-11-05,379.39,Credit Card,Success
4940,4940,2026-04-06,4566.31,Debit Card,Success
4941,4941,2026-07-07,505.48,Credit Card,Success
4942,4942,2024-12-11,1803.83,Net Banking,Success
4943,4943,2024-10-10,104.06,Net Banking,Success
4944,4944,2026-05-18,6374.37,UPI,Success
4945,4945,2026-02-23,582.64,Net Banking,Success
4946,4946,2026-07-01,208.54,Credit Card,Success
4947,4947,2026-03-07,305.78,Net Banking,Success
4948,4948,2025-12-25,1159.55,UPI,Success
4949,4949,2026-05-29,304.12,Debit Card,Success
4950,4950,2026-04-14,573.88,Debit Card,Success
4951,4951,2026-04-11,1596.97,UPI,Success
4952,4952,2025-12-09,166.39,Debit Card,Success
4953,4953,2026-01-24,854.79,Debit Card,Success
4954,4954,2026-02-12,123.5,Debit Card,Success
4955,4955,2026-02-03,3143.94,Credit Card,Success
4956,4956,2025-09-07,1370.35,Credit Card,Success
4957,4957,2026-05-11,5149.72,Net Banking,Success
4958,4958,2026-04-30,109.47,Net Banking,Success
4959,4959,2025-11-08,660.83,Credit Card,Success
4960,4960,2024-10-05,2314.46,Net Banking,Success
4961,4961,2026-03-04,3107.72,Net Banking,Success
4962,4962,2025-08-01,312.19,UPI,Success
4963,4963,2024-11-20,545.9,Debit Card,Success
4964,4964,2025-09-26,558.4,Debit Card,Success
4965,4965,2025-10-19,153.81,Debit Card,Refunded
4966,4966,2026-03-23,721.92,Credit Card,Success
4967,4967,2026-02-09,458.22,Credit Card,Success
4968,4968,2024-07-26,2088.76,Net Banking,Success
4969,4969,2026-02-21,3367.6,Credit Card,Success
4970,4970,2026-02-20,89.05,Net Banking,Success
4971,4971,2026-07-14,1946.7,Credit Card,Success
4972,4972,2026-01-15,121.23,UPI,Success
4973,4973,2025-11-03,1321.33,Net Banking,Success
4974,4974,2026-07-12,149.17,UPI,Success
4975,4975,2026-03-01,418.77,Net Banking,Success
4976,4976,2026-02-22,133.31,Net Banking,Success
4977,4977,2025-12-23,846.85,Debit Card,Success
4978,4978,2026-07-12,1071.54,Net Banking,Failed
4979,4979,2026-04-10,1569.55,Debit Card,Success
4980,4980,2026-04-02,1436.71,Debit Card,Refunded
4981,4981,2026-05-04,608.17,Credit Card,Success
4982,4982,2026-06-24,3156.04,Credit Card,Failed
4983,4983,2025-09-01,148.93,Debit Card,Success
4984,4984,2024-11-09,116.76,Net Banking,Success
4985,4985,2025-09-18,1237.5,Debit Card,Failed
4986,4986,2026-06-13,1068.24,Credit Card,Success
4987,4987,2024-07-09,442.12,Debit Card,Success
4988,4988,2026-06-17,4336.12,Credit Card,Success
4989,4989,2026-08-12,5058.35,UPI,Success
4990,4990,2026-03-16,782.2,UPI,Success
4991,4991,2026-07-30,309.99,UPI,Success
4992,4992,2025-07-29,475.09,Credit Card,Success
4993,4993,2026-08-26,1418.95,Net Banking,Failed
4994,4994,2025-01-10,1526.19,Net Banking,Success
4995,4995,2025-02-17,1666.97,UPI,Success
4996,4996,2025-10-31,3016.74,Net Banking,Refunded
4997,4997,2024-06-12,583.4,UPI,Success
4998,4998,2024-12-18,184.88,UPI,Success
4999,4999,2025-11-14,261.79,UPI,Failed
5000,5000,2026-02-11,4650.35,Credit Card,Success
